SID,entry
612e6569f68929afb886fb5c,doll
612e6569f68929afb886fb5c,lego
612e6569f68929afb886fb5c,keyboard
612e6569f68929afb886fb5c,toy car
612e6569f68929afb886fb5c,play-doh
612e6569f68929afb886fb5c,crayons
612e6569f68929afb886fb5c,easel
612e6569f68929afb886fb5c,toy car
612e6569f68929afb886fb5c,toy train
612e6569f68929afb886fb5c,toy car
612e6569f68929afb886fb5c,xylophone
612e6569f68929afb886fb5c,toy car
612e6569f68929afb886fb5c,toy kitchen
612e6569f68929afb886fb5c,dollhouse
612e6569f68929afb886fb5c,toy car
5d3cc9010e510a00013df6f6,lego
5d3cc9010e510a00013df6f6,keyboard
5d3cc9010e510a00013df6f6,action figure
5d3cc9010e510a00013df6f6,doll
5d3cc9010e510a00013df6f6,doll
65cb586172a8853f26cc8eec,doll
65cb586172a8853f26cc8eec,stuffed animal
65cb586172a8853f26cc8eec,easel
65cb586172a8853f26cc8eec,easel
65cb586172a8853f26cc8eec,doll
65cb586172a8853f26cc8eec,guitar
61035836646fb6ee2152f950,doll
5c1942e200849900010afdcd,toy piano
5c1942e200849900010afdcd,xylophone
5c1942e200849900010afdcd,action figure
5c1942e200849900010afdcd,toy car
5c1942e200849900010afdcd,toy car
5c1942e200849900010afdcd,lego
5c1942e200849900010afdcd,play-doh
5c1942e200849900010afdcd,stuffed animal
5c1942e200849900010afdcd,doll
5c1942e200849900010afdcd,doll
5c1942e200849900010afdcd,markers
5c1942e200849900010afdcd,toy car
5c1942e200849900010afdcd,keyboard
5c1942e200849900010afdcd,keyboard
65c10fdabd93bdc59f95835b,lego
65c10fdabd93bdc59f95835b,toy car
65c10fdabd93bdc59f95835b,xylophone
65c10fdabd93bdc59f95835b,toy car
65c10fdabd93bdc59f95835b,toy car
65c10fdabd93bdc59f95835b,toy car
65c10fdabd93bdc59f95835b,teddy bear
65c10fdabd93bdc59f95835b,duplo
65c10fdabd93bdc59f95835b,toy truck
65c10fdabd93bdc59f95835b,tambourine
5c4a428161c51f0001e96b3f,lego
5c4a428161c51f0001e96b3f,stuffed animal
5c4a428161c51f0001e96b3f,action figure
5c4a428161c51f0001e96b3f,keyboard
5c4a428161c51f0001e96b3f,doll
5c4a428161c51f0001e96b3f,action figure
5c4a428161c51f0001e96b3f,play-doh
5c4a428161c51f0001e96b3f,duplo
5c4a428161c51f0001e96b3f,ipad
5c4a428161c51f0001e96b3f,easel
65778c02cde55736bb830eca,toy car
65778c02cde55736bb830eca,toy truck
65778c02cde55736bb830eca,doll
65778c02cde55736bb830eca,doll
65778c02cde55736bb830eca,lego
65778c02cde55736bb830eca,toy car
5fc6df58f380620a09116434,lego
5fc6df58f380620a09116434,play-doh
5fc6df58f380620a09116434,doll
5fc6df58f380620a09116434,doll
5fc6df58f380620a09116434,easel
5fc6df58f380620a09116434,keyboard
5fc6df58f380620a09116434,easel
5fc6df58f380620a09116434,toy tabla
5fc6df58f380620a09116434,keyboard
65512e3cc12f463bc327b7c3,action figure
65512e3cc12f463bc327b7c3,toy car
65512e3cc12f463bc327b7c3,toy car
65512e3cc12f463bc327b7c3,lego
65512e3cc12f463bc327b7c3,crayons
65512e3cc12f463bc327b7c3,doll
5e7fefe06c12706d47e35211,doll
5e7fefe06c12706d47e35211,action figure
5e7fefe06c12706d47e35211,keyboard
5e7fefe06c12706d47e35211,stuffed animal
5e7fefe06c12706d47e35211,markers
5e7fefe06c12706d47e35211,markers
5e7fefe06c12706d47e35211,playhouse
5e7fefe06c12706d47e35211,lego
5e7fefe06c12706d47e35211,lego
65eeceee847314e8232923c9,play-doh
65eeceee847314e8232923c9,markers
65eeceee847314e8232923c9,markers
65eeceee847314e8232923c9,play tent
65eeceee847314e8232923c9,keyboard
5e8a76b3939b3072dc76fb5c,action figure
5e8a76b3939b3072dc76fb5c,doll
5e8a76b3939b3072dc76fb5c,doll
5e8a76b3939b3072dc76fb5c,lego
5e8a76b3939b3072dc76fb5c,play-doh
5e8a76b3939b3072dc76fb5c,toy car
60da4f9aa1ced7efeecca18a,easel
60da4f9aa1ced7efeecca18a,lego
60da4f9aa1ced7efeecca18a,keyboard
60da4f9aa1ced7efeecca18a,easel
65f1ec7ae5a09035345db62e,play-doh
65f1ec7ae5a09035345db62e,doll
65f1ec7ae5a09035345db62e,doll
65f1ec7ae5a09035345db62e,playhouse
65f1ec7ae5a09035345db62e,stuffed animal
65f1ec7ae5a09035345db62e,action figure
65f1ec7ae5a09035345db62e,keyboard
65f1ec7ae5a09035345db62e,toy car
65f1ec7ae5a09035345db62e,toy car
65f1ec7ae5a09035345db62e,toy piano
65d26dcd13d9c8026aa92c4a,doll
65d26dcd13d9c8026aa92c4a,play-doh
65d26dcd13d9c8026aa92c4a,toy kitchen
65d26dcd13d9c8026aa92c4a,lego
65d26dcd13d9c8026aa92c4a,toy car
65d26dcd13d9c8026aa92c4a,toy car
65d26dcd13d9c8026aa92c4a,toy train
65d26dcd13d9c8026aa92c4a,action figure
65d26dcd13d9c8026aa92c4a,stuffed animal
65d26dcd13d9c8026aa92c4a,teddy bear
65cc2139907d390e13480a97,lego
65cc2139907d390e13480a97,toy car
65cc2139907d390e13480a97,toy car
60fcf1a04c245326d05076e0,lego
60fcf1a04c245326d05076e0,action figure
60fcf1a04c245326d05076e0,doll
60fcf1a04c245326d05076e0,stuffed animal
60fcf1a04c245326d05076e0,doll
6595e3b4dc9090390e4edb5f,lego
6595e3b4dc9090390e4edb5f,easel
6595e3b4dc9090390e4edb5f,markers
6595e3b4dc9090390e4edb5f,action figure
6595e3b4dc9090390e4edb5f,teddy bear
6595e3b4dc9090390e4edb5f,duplo
6595e3b4dc9090390e4edb5f,toy piano
6595e3b4dc9090390e4edb5f,keyboard
6595e3b4dc9090390e4edb5f,xylophone
65cbcaaab9e2fae86452af73,dollhouse
65cbcaaab9e2fae86452af73,markers
65cbcaaab9e2fae86452af73,action figure
65d6af2397543519d98f2498,action figure
65d6af2397543519d98f2498,keyboard
65d6af2397543519d98f2498,doll
65d6af2397543519d98f2498,teddy bear
65d6af2397543519d98f2498,lego
65e63b7fc845c96c2c2520bc,doll
65e63b7fc845c96c2c2520bc,stuffed animal
65e63b7fc845c96c2c2520bc,lego
65e63b7fc845c96c2c2520bc,action figure
65ef726771fe85fd222416d1,easel
65ef726771fe85fd222416d1,easel
65ef726771fe85fd222416d1,doll
65ef726771fe85fd222416d1,toy car
65ef726771fe85fd222416d1,toy train
65ef726771fe85fd222416d1,doll
65ef726771fe85fd222416d1,stuffed animal
65ef726771fe85fd222416d1,toy kitchen
65ef726771fe85fd222416d1,lego
65f36565fe88b95d6806e496,doll
65f36565fe88b95d6806e496,action figure
65f36565fe88b95d6806e496,lego
65f36565fe88b95d6806e496,dollhouse
65f36565fe88b95d6806e496,markers
65f3d5016e5acb0fd67df6ee,guitar
65f3d5016e5acb0fd67df6ee,markers
65f3d5016e5acb0fd67df6ee,doll
65f3d5016e5acb0fd67df6ee,guitar
65f3d5016e5acb0fd67df6ee,easel
65f3d5016e5acb0fd67df6ee,doll
5ed9311e1a69d449577bb8cf,doll
5ed9311e1a69d449577bb8cf,toy car
5ed9311e1a69d449577bb8cf,toy train
5f6c102b6ec04317fc9a8127,action figure
5f6c102b6ec04317fc9a8127,duplo
5f6c102b6ec04317fc9a8127,toy truck
5f6c102b6ec04317fc9a8127,lego
5f6c102b6ec04317fc9a8127,toy car
5f6c102b6ec04317fc9a8127,keyboard
65c18079d4f634d2c8a0728c,doll
65c18079d4f634d2c8a0728c,markers
65c18079d4f634d2c8a0728c,toy kitchen
