SID,entry
65d6a09286a0c99e632a46dd,water
65d6a09286a0c99e632a46dd,soda
65d6a09286a0c99e632a46dd,gatorade
65d6a09286a0c99e632a46dd,tea
65d6a09286a0c99e632a46dd,windshield wiper fluid
65d6a09286a0c99e632a46dd,saliva
65d6a09286a0c99e632a46dd,car oil
65d6a09286a0c99e632a46dd,blood
65d6a09286a0c99e632a46dd,sweat
65d6a09286a0c99e632a46dd,tears
65d6a09286a0c99e632a46dd,alcohol
65d6a09286a0c99e632a46dd,mercury
65d6a09286a0c99e632a46dd,hot glue
65d6a09286a0c99e632a46dd,water
65d6a09286a0c99e632a46dd,beer
65c25cf77dca9d7ca7d9ebdb,water
65c25cf77dca9d7ca7d9ebdb,mercury
65c25cf77dca9d7ca7d9ebdb,bleach
65c25cf77dca9d7ca7d9ebdb,gatorade
65c25cf77dca9d7ca7d9ebdb,powerade
65c25cf77dca9d7ca7d9ebdb,tea
65c25cf77dca9d7ca7d9ebdb,coffee
65c25cf77dca9d7ca7d9ebdb,milk
65c25cf77dca9d7ca7d9ebdb,juice
65c25cf77dca9d7ca7d9ebdb,window cleaner
65c25cf77dca9d7ca7d9ebdb,oil
65c25cf77dca9d7ca7d9ebdb,avocado oil
65c25cf77dca9d7ca7d9ebdb,olive oil
65c25cf77dca9d7ca7d9ebdb,canola oil
65c25cf77dca9d7ca7d9ebdb,liquid nitrogen
65c25cf77dca9d7ca7d9ebdb,soup
65c25cf77dca9d7ca7d9ebdb,laundry detergent
65c25cf77dca9d7ca7d9ebdb,softener
65c25cf77dca9d7ca7d9ebdb,soda
65c25cf77dca9d7ca7d9ebdb,beer
65c25cf77dca9d7ca7d9ebdb,wine
65c25cf77dca9d7ca7d9ebdb,vodka
65c25cf77dca9d7ca7d9ebdb,whiskey
65c25cf77dca9d7ca7d9ebdb,bourbon
65cc19b4b3d48a22dfc6756d,water
65cc19b4b3d48a22dfc6756d,coffee
65cc19b4b3d48a22dfc6756d,juice
65cc19b4b3d48a22dfc6756d,tea
65cc19b4b3d48a22dfc6756d,soap
65cc19b4b3d48a22dfc6756d,hot sauce
65cc19b4b3d48a22dfc6756d,soy sauce
65cc19b4b3d48a22dfc6756d,vinegar
65cc19b4b3d48a22dfc6756d,oil
65cc19b4b3d48a22dfc6756d,ranch
65cc19b4b3d48a22dfc6756d,hydrochloric acid
65cc19b4b3d48a22dfc6756d,mouth wash
65cc19b4b3d48a22dfc6756d,skincare toner
65cc19b4b3d48a22dfc6756d,liquid tylenol
65cc19b4b3d48a22dfc6756d,vodka
65cc19b4b3d48a22dfc6756d,whiskey
65cc19b4b3d48a22dfc6756d,gin
65cc19b4b3d48a22dfc6756d,wine
65cb63e160bb47fbf9349269,water
65cb63e160bb47fbf9349269,soup
65cb63e160bb47fbf9349269,sodas
65cb63e160bb47fbf9349269,juice
65cb63e160bb47fbf9349269,wine
65cb63e160bb47fbf9349269,beer
65cb63e160bb47fbf9349269,liquor
65cb63e160bb47fbf9349269,hydrogen peroxide
65cb63e160bb47fbf9349269,milk
65cb63e160bb47fbf9349269,soup stock
65cb63e160bb47fbf9349269,urine
65cb63e160bb47fbf9349269,blood
65cb63e160bb47fbf9349269,tears
65cb63e160bb47fbf9349269,sweat
65cb63e160bb47fbf9349269,salsa's
65cb63e160bb47fbf9349269,honey
60a48adfe091e410f4eaba34,water
60a48adfe091e410f4eaba34,cola
60a48adfe091e410f4eaba34,alcohol
60a48adfe091e410f4eaba34,detergent
60a48adfe091e410f4eaba34,cheese
60a48adfe091e410f4eaba34,milk
60a48adfe091e410f4eaba34,orange juice
60a48adfe091e410f4eaba34,apple juice
60a48adfe091e410f4eaba34,vodka
60a48adfe091e410f4eaba34,rum
60a48adfe091e410f4eaba34,whisky
60a48adfe091e410f4eaba34,bleach
60a48adfe091e410f4eaba34,tea
60a48adfe091e410f4eaba34,coffee
60a48adfe091e410f4eaba34,seltzer
60a48adfe091e410f4eaba34,mixed drink
60d731567049e5132e3cc4d4,water
60d731567049e5132e3cc4d4,gasoline
60d731567049e5132e3cc4d4,beer
60d731567049e5132e3cc4d4,wine
60d731567049e5132e3cc4d4,tequila
60d731567049e5132e3cc4d4,rum
60d731567049e5132e3cc4d4,vodka
60d731567049e5132e3cc4d4,fruit punch
60d731567049e5132e3cc4d4,milk
60d731567049e5132e3cc4d4,juice
60d731567049e5132e3cc4d4,mercury
60d731567049e5132e3cc4d4,mud
60d731567049e5132e3cc4d4,rubbing alcohol
60d731567049e5132e3cc4d4,nail polish remover	44	44.7	0.97487855
60d731567049e5132e3cc4d4,windex
60d731567049e5132e3cc4d4,clorox
60d731567049e5132e3cc4d4,bleach
60d731567049e5132e3cc4d4,laundry detergent
60d731567049e5132e3cc4d4,vanilla extract
60d731567049e5132e3cc4d4,lemon juice
60d731567049e5132e3cc4d4,chlorine
60d731567049e5132e3cc4d4,soda
60d731567049e5132e3cc4d4,tea
60d731567049e5132e3cc4d4,coffee
60d731567049e5132e3cc4d4,creamer
60d731567049e5132e3cc4d4,smoothies
60d731567049e5132e3cc4d4,lava
60d731567049e5132e3cc4d4,kombucha
60d731567049e5132e3cc4d4,seltzer
63e802622f8052bd67d6c5f0,water
63e802622f8052bd67d6c5f0,milk
63e802622f8052bd67d6c5f0,juice
63e802622f8052bd67d6c5f0,beer
63e802622f8052bd67d6c5f0,liquor
63e802622f8052bd67d6c5f0,liquid itrogen
63e802622f8052bd67d6c5f0,tea
63e802622f8052bd67d6c5f0,energy drinks
63e802622f8052bd67d6c5f0,soda
65e1f75ab3efd22e847cfbf0,soda
65e1f75ab3efd22e847cfbf0,tea
65e1f75ab3efd22e847cfbf0,juice
65e1f75ab3efd22e847cfbf0,water
65e1f75ab3efd22e847cfbf0,coca-cola
65e1f75ab3efd22e847cfbf0,pepsi
65e1f75ab3efd22e847cfbf0,fanta
65e1f75ab3efd22e847cfbf0,sprite
65e1f75ab3efd22e847cfbf0,coke pibb
65e1f75ab3efd22e847cfbf0,orange juice
65e1f75ab3efd22e847cfbf0,apple juice
65e1f75ab3efd22e847cfbf0,cranberry juice
65e1f75ab3efd22e847cfbf0,welch's juice
65e1f75ab3efd22e847cfbf0,alcohol
65e1f75ab3efd22e847cfbf0,dr. pepper
65e1f75ab3efd22e847cfbf0,pibb
65e1f75ab3efd22e847cfbf0,lemonade
65e1f75ab3efd22e847cfbf0,whiskey
65e1f75ab3efd22e847cfbf0,grape juice
65e1f75ab3efd22e847cfbf0,kool-aid
65d54b3b524fcafb543d1b23,water
65d54b3b524fcafb543d1b23,mountain dew
65d54b3b524fcafb543d1b23,sprite
65d54b3b524fcafb543d1b23,pepsi
65d54b3b524fcafb543d1b23,coke
65d54b3b524fcafb543d1b23,juice
65d54b3b524fcafb543d1b23,apple juice
65d54b3b524fcafb543d1b23,grape juice
65d54b3b524fcafb543d1b23,cantaloupe juice
65d54b3b524fcafb543d1b23,the ocean
65d54b3b524fcafb543d1b23,gatorade
65d54b3b524fcafb543d1b23,spring water
65d54b3b524fcafb543d1b23,purified water
65d54b3b524fcafb543d1b23,fanta
65d54b3b524fcafb543d1b23,there's
65d54b3b524fcafb543d1b23,kombucha
65e358d9c5e3ee026268b2a7,water
65e358d9c5e3ee026268b2a7,sparkling water
65e358d9c5e3ee026268b2a7,alcohol
65e358d9c5e3ee026268b2a7,beers
65e358d9c5e3ee026268b2a7,seltzer's
65e358d9c5e3ee026268b2a7,hard liquor
65e358d9c5e3ee026268b2a7,vodka
65e358d9c5e3ee026268b2a7,gin
65e358d9c5e3ee026268b2a7,rum
65e358d9c5e3ee026268b2a7,tequila
65e358d9c5e3ee026268b2a7,juices
65e358d9c5e3ee026268b2a7,orange juice
65e358d9c5e3ee026268b2a7,apple juice
65e358d9c5e3ee026268b2a7,cranberry juice
65e358d9c5e3ee026268b2a7,grape juice
65e358d9c5e3ee026268b2a7,sodas
65e358d9c5e3ee026268b2a7,pepsico products	40.6	41.1	0.929476798
65e358d9c5e3ee026268b2a7,mountain dew
65e358d9c5e3ee026268b2a7,car fluids
65e358d9c5e3ee026268b2a7,windshield
65e358d9c5e3ee026268b2a7,wiper fluid
65e358d9c5e3ee026268b2a7,oil
65e358d9c5e3ee026268b2a7,transmission
65e358d9c5e3ee026268b2a7,brake fluid
65e358d9c5e3ee026268b2a7,cleaners
65e358d9c5e3ee026268b2a7,bleach
65e358d9c5e3ee026268b2a7,ocean
65e358d9c5e3ee026268b2a7,ocean water
65e358d9c5e3ee026268b2a7,rain
65e358d9c5e3ee026268b2a7,liquid metals
65e358d9c5e3ee026268b2a7,olive oil
65e358d9c5e3ee026268b2a7,vegetable oil
65e358d9c5e3ee026268b2a7,canola oil
65e358d9c5e3ee026268b2a7,blood
65e358d9c5e3ee026268b2a7,milk
65e358d9c5e3ee026268b2a7,almond milk
65e358d9c5e3ee026268b2a7,oat milk
65e862f844f1b7a803bb3c5a,urine
65e862f844f1b7a803bb3c5a,milk
65e862f844f1b7a803bb3c5a,blood
65e862f844f1b7a803bb3c5a,cider
65e862f844f1b7a803bb3c5a,wine
65e862f844f1b7a803bb3c5a,beer
65e862f844f1b7a803bb3c5a,army
65e862f844f1b7a803bb3c5a,water
65e862f844f1b7a803bb3c5a,coffee
65e862f844f1b7a803bb3c5a,vinegar
65e862f844f1b7a803bb3c5a,alcohol
65e862f844f1b7a803bb3c5a,petrol
65e862f844f1b7a803bb3c5a,oil
65e862f844f1b7a803bb3c5a,diesel
65e862f844f1b7a803bb3c5a,gasoline
65e862f844f1b7a803bb3c5a,drip
65e862f844f1b7a803bb3c5a,cooking oil
65e862f844f1b7a803bb3c5a,hand sanitizer
65e862f844f1b7a803bb3c5a,fruit juice
65e862f844f1b7a803bb3c5a,coconut water
5d7ff4aa50fda7001a863736,water
5d7ff4aa50fda7001a863736,orange juice
5d7ff4aa50fda7001a863736,milk
5d7ff4aa50fda7001a863736,blood
5d7ff4aa50fda7001a863736,wine
5d7ff4aa50fda7001a863736,alcohol
5d7ff4aa50fda7001a863736,pee
5d7ff4aa50fda7001a863736,coffee
5d7ff4aa50fda7001a863736,soda
5d7ff4aa50fda7001a863736,tea
5d7ff4aa50fda7001a863736,hot chocolate
5d7ff4aa50fda7001a863736,smoothie
5d7ff4aa50fda7001a863736,lemonade
5d7ff4aa50fda7001a863736,oil
5d7ff4aa50fda7001a863736,gas
5d7ff4aa50fda7001a863736,fruit punch
63ea4ab1ce4168cbe9f63775,water
63ea4ab1ce4168cbe9f63775,mercury
63ea4ab1ce4168cbe9f63775,liquid nitrogen
63ea4ab1ce4168cbe9f63775,coca-cola
63ea4ab1ce4168cbe9f63775,pepsi
63ea4ab1ce4168cbe9f63775,diet coke
63ea4ab1ce4168cbe9f63775,diet pepsi
63ea4ab1ce4168cbe9f63775,beer
63ea4ab1ce4168cbe9f63775,wine
63ea4ab1ce4168cbe9f63775,light beer
63ea4ab1ce4168cbe9f63775,tequila
63ea4ab1ce4168cbe9f63775,vodka
63ea4ab1ce4168cbe9f63775,scotch
63ea4ab1ce4168cbe9f63775,coffee
63ea4ab1ce4168cbe9f63775,smoothie
63ea4ab1ce4168cbe9f63775,decaf coffee
63ea4ab1ce4168cbe9f63775,milkshake
63ea4ab1ce4168cbe9f63775,motor
63ea4ab1ce4168cbe9f63775,oil
63ea4ab1ce4168cbe9f63775,gasoline
63ea4ab1ce4168cbe9f63775,paint
63ea4ab1ce4168cbe9f63775,nail polish
63ea4ab1ce4168cbe9f63775,nail polish remover
63ea4ab1ce4168cbe9f63775,rubbing alcohol
63ea4ab1ce4168cbe9f63775,calamine lotion
63ea4ab1ce4168cbe9f63775,lotion
63ea4ab1ce4168cbe9f63775,windex
63ea4ab1ce4168cbe9f63775,clorox
63ea4ab1ce4168cbe9f63775,bleach
63ea4ab1ce4168cbe9f63775,laundry detergent
63ea4ab1ce4168cbe9f63775,hot metal
63ea4ab1ce4168cbe9f63775,molten lava
63ea4ab1ce4168cbe9f63775,kool-aid
63ea4ab1ce4168cbe9f63775,apple juice
63ea4ab1ce4168cbe9f63775,grape juice
65b15afd94153c1f50c92493,water
65b15afd94153c1f50c92493,oil
65b15afd94153c1f50c92493,blood
65b15afd94153c1f50c92493,milk
65b15afd94153c1f50c92493,green
65b15afd94153c1f50c92493,glue
65b15afd94153c1f50c92493,coffee
65b15afd94153c1f50c92493,tea
65b15afd94153c1f50c92493,juice
65b15afd94153c1f50c92493,gatorade
65b15afd94153c1f50c92493,acetone
65b15afd94153c1f50c92493,soup
65b15afd94153c1f50c92493,yogurt
65b15afd94153c1f50c92493,dressing
65b15afd94153c1f50c92493,gas
65b15afd94153c1f50c92493,honey
65b15afd94153c1f50c92493,helium
65b15afd94153c1f50c92493,soda
65b15afd94153c1f50c92493,alcohol
65b15afd94153c1f50c92493,oil
65b15afd94153c1f50c92493,ketchup
65b15afd94153c1f50c92493,shampoo
65b15afd94153c1f50c92493,vinegar
65b15afd94153c1f50c92493,lava
65b15afd94153c1f50c92493,paint
65b15afd94153c1f50c92493,glue
5f5aa60bef062519ff711fe6,orange juice
5f5aa60bef062519ff711fe6,apple juice
5f5aa60bef062519ff711fe6,water
5f5aa60bef062519ff711fe6,dr. pepper
5f5aa60bef062519ff711fe6,fanta
5f5aa60bef062519ff711fe6,coke
5f5aa60bef062519ff711fe6,pepsi
5f5aa60bef062519ff711fe6,coconut water
5f5aa60bef062519ff711fe6,milk
5f5aa60bef062519ff711fe6,almond milk
5f5aa60bef062519ff711fe6,lemonade
5f5aa60bef062519ff711fe6,sprite
5f5aa60bef062519ff711fe6,root beer
5f5aa60bef062519ff711fe6,saline
