SID,entry
65e862f844f1b7a803bb3c5a,bicycle
65e862f844f1b7a803bb3c5a,yacht
65e862f844f1b7a803bb3c5a,camel
65e862f844f1b7a803bb3c5a,cable car
65e862f844f1b7a803bb3c5a,car
65e862f844f1b7a803bb3c5a,skateboard
65e862f844f1b7a803bb3c5a,airplane
65e862f844f1b7a803bb3c5a,yacht
65e862f844f1b7a803bb3c5a,tram
65e862f844f1b7a803bb3c5a,car
65e862f844f1b7a803bb3c5a,submarine
65e862f844f1b7a803bb3c5a,donkey
6554de7d91c1b1bf51104fda,car
6554de7d91c1b1bf51104fda,airplane
6554de7d91c1b1bf51104fda,bus
6554de7d91c1b1bf51104fda,train
6554de7d91c1b1bf51104fda,bicycle
6554de7d91c1b1bf51104fda,motorcycle
6554de7d91c1b1bf51104fda,scooter
6554de7d91c1b1bf51104fda,helicopter
6554de7d91c1b1bf51104fda,rowboat
6554de7d91c1b1bf51104fda,canoe
6554de7d91c1b1bf51104fda,yacht
6554de7d91c1b1bf51104fda,kayak
6554de7d91c1b1bf51104fda,submarine
6554de7d91c1b1bf51104fda,taxi
6554de7d91c1b1bf51104fda,horse
6554de7d91c1b1bf51104fda,ferry
6554de7d91c1b1bf51104fda,car
6554de7d91c1b1bf51104fda,running
654108d38225e168af4b1fa0,car
654108d38225e168af4b1fa0,bus
654108d38225e168af4b1fa0,train
654108d38225e168af4b1fa0,subway
654108d38225e168af4b1fa0,airplane
654108d38225e168af4b1fa0,rowboat
654108d38225e168af4b1fa0,bicycle
654108d38225e168af4b1fa0,motorcycle
654108d38225e168af4b1fa0,scooter
654108d38225e168af4b1fa0,segway
654108d38225e168af4b1fa0,bus
654108d38225e168af4b1fa0,submarine
654108d38225e168af4b1fa0,car
654108d38225e168af4b1fa0,taxi
654108d38225e168af4b1fa0,monorail
654108d38225e168af4b1fa0,jet ski
5d7ff4aa50fda7001a863736,car
5d7ff4aa50fda7001a863736,taxi
5d7ff4aa50fda7001a863736,airplane
5d7ff4aa50fda7001a863736,helicopter
5d7ff4aa50fda7001a863736,bicycle
5d7ff4aa50fda7001a863736,rowboat
5d7ff4aa50fda7001a863736,scooter
5d7ff4aa50fda7001a863736,train
5d7ff4aa50fda7001a863736,motorcycle
5d7ff4aa50fda7001a863736,car
5d7ff4aa50fda7001a863736,bus
5d7ff4aa50fda7001a863736,horse
6596a5cad60ef105b6c18897,airplane
6596a5cad60ef105b6c18897,train
6596a5cad60ef105b6c18897,taxi
6596a5cad60ef105b6c18897,car
6596a5cad60ef105b6c18897,subway
6596a5cad60ef105b6c18897,train
6596a5cad60ef105b6c18897,rowboat
6596a5cad60ef105b6c18897,canoe
6596a5cad60ef105b6c18897,kayak
6596a5cad60ef105b6c18897,yacht
6596a5cad60ef105b6c18897,helicopter
6596a5cad60ef105b6c18897,car
6596a5cad60ef105b6c18897,parachuting
6596a5cad60ef105b6c18897,hiking
6596a5cad60ef105b6c18897,glider
6596a5cad60ef105b6c18897,yacht
6596a5cad60ef105b6c18897,skateboard
6596a5cad60ef105b6c18897,scooter
6596a5cad60ef105b6c18897,motorcycle
6596a5cad60ef105b6c18897,trawler
6596a5cad60ef105b6c18897,wheelchair
6596a5cad60ef105b6c18897,rollerblades
6596a5cad60ef105b6c18897,car
63619eb02e5bd8f4f7bd138a,car
63619eb02e5bd8f4f7bd138a,motorcycle
63619eb02e5bd8f4f7bd138a,bus
63619eb02e5bd8f4f7bd138a,bicycle
63619eb02e5bd8f4f7bd138a,scooter
63619eb02e5bd8f4f7bd138a,skateboard
63619eb02e5bd8f4f7bd138a,car
63619eb02e5bd8f4f7bd138a,rowboat
63619eb02e5bd8f4f7bd138a,airplane
63619eb02e5bd8f4f7bd138a,train
63619eb02e5bd8f4f7bd138a,submarine
65c25cf77dca9d7ca7d9ebdb,airplane
65c25cf77dca9d7ca7d9ebdb,train
65c25cf77dca9d7ca7d9ebdb,jet ski
65c25cf77dca9d7ca7d9ebdb,ski
65c25cf77dca9d7ca7d9ebdb,motorcycle
65c25cf77dca9d7ca7d9ebdb,running
65c25cf77dca9d7ca7d9ebdb,train
65c25cf77dca9d7ca7d9ebdb,bus
65c25cf77dca9d7ca7d9ebdb,submarine
65c25cf77dca9d7ca7d9ebdb,skateboard
65c25cf77dca9d7ca7d9ebdb,scooter
65c25cf77dca9d7ca7d9ebdb,helicopter
65e358d9c5e3ee026268b2a7,running
65e358d9c5e3ee026268b2a7,rollerblades
65e358d9c5e3ee026268b2a7,skateboard
65e358d9c5e3ee026268b2a7,scooter
65e358d9c5e3ee026268b2a7,mule
65e358d9c5e3ee026268b2a7,motorcycle
65e358d9c5e3ee026268b2a7,car
65e358d9c5e3ee026268b2a7,train
65e358d9c5e3ee026268b2a7,bus
65e358d9c5e3ee026268b2a7,airplane
65e358d9c5e3ee026268b2a7,helicopter
65e358d9c5e3ee026268b2a7,cruise ship
65e358d9c5e3ee026268b2a7,yacht
65e358d9c5e3ee026268b2a7,taxi
65e358d9c5e3ee026268b2a7,car
65e358d9c5e3ee026268b2a7,bicycle
63ea4ab1ce4168cbe9f63775,skydiving
63ea4ab1ce4168cbe9f63775,car
63ea4ab1ce4168cbe9f63775,taxi
63ea4ab1ce4168cbe9f63775,car
63ea4ab1ce4168cbe9f63775,bicycle
63ea4ab1ce4168cbe9f63775,scooter
63ea4ab1ce4168cbe9f63775,car
63ea4ab1ce4168cbe9f63775,scooter
63ea4ab1ce4168cbe9f63775,motorcycle
63ea4ab1ce4168cbe9f63775,airplane
63ea4ab1ce4168cbe9f63775,subway
63ea4ab1ce4168cbe9f63775,canoe
63ea4ab1ce4168cbe9f63775,train
63ea4ab1ce4168cbe9f63775,ski
63ea4ab1ce4168cbe9f63775,cruise ship
63ea4ab1ce4168cbe9f63775,ferry
63ea4ab1ce4168cbe9f63775,car
63ea4ab1ce4168cbe9f63775,bus
63ea4ab1ce4168cbe9f63775,bus
65d54b3b524fcafb543d1b23,car
65d54b3b524fcafb543d1b23,bus
65d54b3b524fcafb543d1b23,scooter
65d54b3b524fcafb543d1b23,bus
65d54b3b524fcafb543d1b23,skateboard
65d54b3b524fcafb543d1b23,scooter
65d54b3b524fcafb543d1b23,scooter
65d54b3b524fcafb543d1b23,rowboat
65d54b3b524fcafb543d1b23,ferry
65d54b3b524fcafb543d1b23,horse
65d54b3b524fcafb543d1b23,ski
65d54b3b524fcafb543d1b23,ski
65d54b3b524fcafb543d1b23,ski
65d54b3b524fcafb543d1b23,dog sled
600f9342e7bc5518fa9ca92a,train
600f9342e7bc5518fa9ca92a,airplane
600f9342e7bc5518fa9ca92a,bus
600f9342e7bc5518fa9ca92a,taxi
600f9342e7bc5518fa9ca92a,helicopter
601f6a2231a2904b79df1671,airplane
601f6a2231a2904b79df1671,train
601f6a2231a2904b79df1671,snowmobile
601f6a2231a2904b79df1671,bicycle
601f6a2231a2904b79df1671,bicycle
601f6a2231a2904b79df1671,bicycle
601f6a2231a2904b79df1671,motorcycle
601f6a2231a2904b79df1671,glider
601f6a2231a2904b79df1671,rocket
601f6a2231a2904b79df1671,parachuting
601f6a2231a2904b79df1671,car
601f6a2231a2904b79df1671,rowboat
601f6a2231a2904b79df1671,cruising
601f6a2231a2904b79df1671,glider
601f6a2231a2904b79df1671,submarine
601f6a2231a2904b79df1671,hiking
601f6a2231a2904b79df1671,glider
60a48adfe091e410f4eaba34,car
60a48adfe091e410f4eaba34,bus
60a48adfe091e410f4eaba34,train
60a48adfe091e410f4eaba34,airplane
60a48adfe091e410f4eaba34,jet ski
60a48adfe091e410f4eaba34,bicycle
60a48adfe091e410f4eaba34,rowboat
60a48adfe091e410f4eaba34,hiking
60a48adfe091e410f4eaba34,glider
60a48adfe091e410f4eaba34,segway
60a48adfe091e410f4eaba34,scooter
60a48adfe091e410f4eaba34,snowboard
60a48adfe091e410f4eaba34,running
60a48adfe091e410f4eaba34,skiing
60a48adfe091e410f4eaba34,taxi
60a48adfe091e410f4eaba34,canoeing
610c59ee34cc312d7ca55e45,scooter
610c59ee34cc312d7ca55e45,bus
610c59ee34cc312d7ca55e45,train
610c59ee34cc312d7ca55e45,car
610c59ee34cc312d7ca55e45,taxi
610c59ee34cc312d7ca55e45,kayaking
610c59ee34cc312d7ca55e45,helicopter
610c59ee34cc312d7ca55e45,camel
610c59ee34cc312d7ca55e45,skateboard
610c59ee34cc312d7ca55e45,segway
610c59ee34cc312d7ca55e45,car
5885f97f41da4500014d3645,train
5885f97f41da4500014d3645,car
5885f97f41da4500014d3645,kayaking
5885f97f41da4500014d3645,running
5885f97f41da4500014d3645,rowing
5885f97f41da4500014d3645,train
5885f97f41da4500014d3645,rowing
5885f97f41da4500014d3645,horse
5885f97f41da4500014d3645,ski
5885f97f41da4500014d3645,hurdles
65cc19b4b3d48a22dfc6756d,car
65cc19b4b3d48a22dfc6756d,train
65cc19b4b3d48a22dfc6756d,airplane
65cc19b4b3d48a22dfc6756d,rowboat
65cc19b4b3d48a22dfc6756d,helicopter
65cc19b4b3d48a22dfc6756d,rocket
65cb63e160bb47fbf9349269,car
65cb63e160bb47fbf9349269,bus
65cb63e160bb47fbf9349269,train
65cb63e160bb47fbf9349269,taxi
65cb63e160bb47fbf9349269,glider
65cb63e160bb47fbf9349269,surfing
65cb63e160bb47fbf9349269,train
65cb63e160bb47fbf9349269,monorail
65cb63e160bb47fbf9349269,airplane
65cb63e160bb47fbf9349269,helicopter
65cb63e160bb47fbf9349269,rowboat
65cb63e160bb47fbf9349269,cruising
65cb63e160bb47fbf9349269,sailboat
65cb63e160bb47fbf9349269,bicycle
65cb63e160bb47fbf9349269,bicycle
65cb63e160bb47fbf9349269,motorcycle
65cb63e160bb47fbf9349269,paraglider
65cb63e160bb47fbf9349269,snowboard
65cb63e160bb47fbf9349269,scooter
65cb63e160bb47fbf9349269,skateboard
61363ce02e6022a741d63a6e,bus
61363ce02e6022a741d63a6e,train
61363ce02e6022a741d63a6e,airplane
61363ce02e6022a741d63a6e,scooter
61363ce02e6022a741d63a6e,taxi
61363ce02e6022a741d63a6e,cruise ship
61363ce02e6022a741d63a6e,canoe
61363ce02e6022a741d63a6e,glider
61363ce02e6022a741d63a6e,car
61363ce02e6022a741d63a6e,bus
61363ce02e6022a741d63a6e,rowing
61363ce02e6022a741d63a6e,bicycle
61363ce02e6022a741d63a6e,tram
61363ce02e6022a741d63a6e,rowboat
6001487015e5f62961639e7d,bicycle
6001487015e5f62961639e7d,skateboard
6001487015e5f62961639e7d,rollerblades
6001487015e5f62961639e7d,car
6001487015e5f62961639e7d,taxi
6001487015e5f62961639e7d,airplane
6001487015e5f62961639e7d,rowboat
6001487015e5f62961639e7d,jet ski
6001487015e5f62961639e7d,ski
6001487015e5f62961639e7d,helicopter
6001487015e5f62961639e7d,scooter
6001487015e5f62961639e7d,motorcycle
6001487015e5f62961639e7d,wheelchair
6001487015e5f62961639e7d,car
6001487015e5f62961639e7d,train
6001487015e5f62961639e7d,cruise ship
629e241d171ec6698e05f149,running
629e241d171ec6698e05f149,snowmobile
629e241d171ec6698e05f149,car
629e241d171ec6698e05f149,airplane
629e241d171ec6698e05f149,car
629e241d171ec6698e05f149,helicopter
629e241d171ec6698e05f149,ski jumping
629e241d171ec6698e05f149,rollerblades
629e241d171ec6698e05f149,horse
629e241d171ec6698e05f149,donkey
629e241d171ec6698e05f149,rowboat
629e241d171ec6698e05f149,cruising
629e241d171ec6698e05f149,glider
629e241d171ec6698e05f149,car
629e241d171ec6698e05f149,airplane
629e241d171ec6698e05f149,jet ski
629e241d171ec6698e05f149,submarine
629e241d171ec6698e05f149,car
629e241d171ec6698e05f149,rowboat
6073e0d481953bbd2cd61145,airplane
6073e0d481953bbd2cd61145,motorcycle
6073e0d481953bbd2cd61145,scooter
6073e0d481953bbd2cd61145,skateboard
6073e0d481953bbd2cd61145,train
6073e0d481953bbd2cd61145,jet ski
6073e0d481953bbd2cd61145,ski
6073e0d481953bbd2cd61145,zipline
6073e0d481953bbd2cd61145,parachuting
6073e0d481953bbd2cd61145,sailboat
6073e0d481953bbd2cd61145,submarine
5f1f3581b5cf3e103cc545c9,taxi
5f1f3581b5cf3e103cc545c9,bus
5f1f3581b5cf3e103cc545c9,bicycle
656e3caa43f1f7f0615252ff,car
656e3caa43f1f7f0615252ff,scooter
656e3caa43f1f7f0615252ff,subway
656e3caa43f1f7f0615252ff,train
656e3caa43f1f7f0615252ff,roller skates
656e3caa43f1f7f0615252ff,skateboard
656e3caa43f1f7f0615252ff,donkey
656e3caa43f1f7f0615252ff,donkey
656e3caa43f1f7f0615252ff,motorcycle
656e3caa43f1f7f0615252ff,rickshaw
656e3caa43f1f7f0615252ff,tram
656e3caa43f1f7f0615252ff,rocket
65d6a09286a0c99e632a46dd,car
65d6a09286a0c99e632a46dd,airplane
65d6a09286a0c99e632a46dd,train
65d6a09286a0c99e632a46dd,scooter
65d6a09286a0c99e632a46dd,scooter
65d6a09286a0c99e632a46dd,rollerblades
65d6a09286a0c99e632a46dd,running
65d6a09286a0c99e632a46dd,skateboard
65d6a09286a0c99e632a46dd,snowboard
65d6a09286a0c99e632a46dd,car
65d6a09286a0c99e632a46dd,car
65d6a09286a0c99e632a46dd,trawler
60d731567049e5132e3cc4d4,skydiving
60d731567049e5132e3cc4d4,camel
60d731567049e5132e3cc4d4,canoe
60d731567049e5132e3cc4d4,airplane
60d731567049e5132e3cc4d4,skateboard
60d731567049e5132e3cc4d4,scooter
60d731567049e5132e3cc4d4,trawler
60d731567049e5132e3cc4d4,subway
60d731567049e5132e3cc4d4,gondola
60d731567049e5132e3cc4d4,chairlift
60d731567049e5132e3cc4d4,helicopter
60d731567049e5132e3cc4d4,car
60d731567049e5132e3cc4d4,glider
60d731567049e5132e3cc4d4,bus
60d731567049e5132e3cc4d4,snowshoeing
60d731567049e5132e3cc4d4,ferry
60d731567049e5132e3cc4d4,ferry
60d731567049e5132e3cc4d4,zipline
65e1f75ab3efd22e847cfbf0,car
65e1f75ab3efd22e847cfbf0,airplane
65e1f75ab3efd22e847cfbf0,rowboat
65e1f75ab3efd22e847cfbf0,train
65e1f75ab3efd22e847cfbf0,scooter
65e1f75ab3efd22e847cfbf0,motorcycle
65e1f75ab3efd22e847cfbf0,sled
65e1f75ab3efd22e847cfbf0,sled
65e1f75ab3efd22e847cfbf0,airplane
65e1f75ab3efd22e847cfbf0,train
65e1f75ab3efd22e847cfbf0,donkey
65e1f75ab3efd22e847cfbf0,angling
65e1f75ab3efd22e847cfbf0,car
65e1f75ab3efd22e847cfbf0,donkey
5f5aa60bef062519ff711fe6,hiking
5f5aa60bef062519ff711fe6,car
5f5aa60bef062519ff711fe6,bus
5f5aa60bef062519ff711fe6,subway
5f5aa60bef062519ff711fe6,tram
5f5aa60bef062519ff711fe6,motorcycle
5f5aa60bef062519ff711fe6,horse
5f5aa60bef062519ff711fe6,canoe
5f5aa60bef062519ff711fe6,scooter
5f5aa60bef062519ff711fe6,skateboard
6081806ab383aa89f6c61940,bus
6081806ab383aa89f6c61940,canoe
6081806ab383aa89f6c61940,train
6081806ab383aa89f6c61940,bicycle
6081806ab383aa89f6c61940,bicycle
6081806ab383aa89f6c61940,skateboard
6081806ab383aa89f6c61940,scooter
6081806ab383aa89f6c61940,running
6081806ab383aa89f6c61940,taxi
6081806ab383aa89f6c61940,helicopter
6081806ab383aa89f6c61940,jet ski
6081806ab383aa89f6c61940,subway
63e802622f8052bd67d6c5f0,skateboard
63e802622f8052bd67d6c5f0,rollerblades
63e802622f8052bd67d6c5f0,car
63e802622f8052bd67d6c5f0,bus
63e802622f8052bd67d6c5f0,train
63e802622f8052bd67d6c5f0,scooter
63e802622f8052bd67d6c5f0,sledding
63e802622f8052bd67d6c5f0,motorcycle
63e802622f8052bd67d6c5f0,submarine
