SID,entry,timepoint
65778c02cde55736bb830eca,football,0.0
65778c02cde55736bb830eca,basketball,0.0
65778c02cde55736bb830eca,badminton,1.6
65778c02cde55736bb830eca,tennis,1.7
65778c02cde55736bb830eca,hockey,0.0
65778c02cde55736bb830eca,soccer,0.0
65778c02cde55736bb830eca,rugby,3.9
65778c02cde55736bb830eca,volleyball,6.5
65778c02cde55736bb830eca,baseball,3.7
65778c02cde55736bb830eca,rowing,4.5
65778c02cde55736bb830eca,bobsledding,10.3
65778c02cde55736bb830eca,skiing,0.0
65778c02cde55736bb830eca,snowboarding,0.0
65778c02cde55736bb830eca,golf,6.2
65778c02cde55736bb830eca,ice hockey,6.09999999999999
65778c02cde55736bb830eca,archery,5.3
65778c02cde55736bb830eca,archery,7.3
65778c02cde55736bb830eca,gymnastics,13.6
65778c02cde55736bb830eca,ice skating,4.7
61035836646fb6ee2152f950,tennis,0.0
61035836646fb6ee2152f950,baseball,0.0
61035836646fb6ee2152f950,badminton,0.0
61035836646fb6ee2152f950,cricket,1.4
61035836646fb6ee2152f950,rowing,0.0
61035836646fb6ee2152f950,football,2.5
61035836646fb6ee2152f950,horseball,0.0
61035836646fb6ee2152f950,volleyball,1.8
61035836646fb6ee2152f950,skiing,5.4
61035836646fb6ee2152f950,snowboarding,0.0
61035836646fb6ee2152f950,surfing,1.5
61035836646fb6ee2152f950,rowing,2.2
61035836646fb6ee2152f950,cycling,1.5
61035836646fb6ee2152f950,shooting,1.4
61035836646fb6ee2152f950,archery,1.2
61035836646fb6ee2152f950,shot put,7.59999999999999
61035836646fb6ee2152f950,long jump,2.3
61035836646fb6ee2152f950,horse racing,19.6
61035836646fb6ee2152f950,swimming,5.80000000000001
61035836646fb6ee2152f950,fishing,4.5
61035836646fb6ee2152f950,grappling,5.0
6595e3b4dc9090390e4edb5f,basketball,0.0
6595e3b4dc9090390e4edb5f,baseball,0.0
6595e3b4dc9090390e4edb5f,football,1.7
6595e3b4dc9090390e4edb5f,soccer,1.6
6595e3b4dc9090390e4edb5f,tennis,0.0
6595e3b4dc9090390e4edb5f,badminton,0.0
6595e3b4dc9090390e4edb5f,volleyball,0.0
6595e3b4dc9090390e4edb5f,snowboarding,5.3
6595e3b4dc9090390e4edb5f,skiing,0.0
6595e3b4dc9090390e4edb5f,archery,1.6
6595e3b4dc9090390e4edb5f,football,3.3
6595e3b4dc9090390e4edb5f,cricket,0.0
6595e3b4dc9090390e4edb5f,hockey,15.5
6595e3b4dc9090390e4edb5f,ice hockey,0.0
6595e3b4dc9090390e4edb5f,ice hockey,0.0
6595e3b4dc9090390e4edb5f,water polo,0.0
6595e3b4dc9090390e4edb5f,rugby,0.0
6595e3b4dc9090390e4edb5f,rowing,2.4
6595e3b4dc9090390e4edb5f,track and field,1.5
6595e3b4dc9090390e4edb5f,swimming,7.2
6595e3b4dc9090390e4edb5f,rowing,2.0
6595e3b4dc9090390e4edb5f,boxing,0.0
6595e3b4dc9090390e4edb5f,surfing,3.90000000000001
6595e3b4dc9090390e4edb5f,curling,0.0
6595e3b4dc9090390e4edb5f,figure skating,1.7
6595e3b4dc9090390e4edb5f,golf,6.60000000000001
6595e3b4dc9090390e4edb5f,table tennis,5.8
6595e3b4dc9090390e4edb5f,bodybuilding,6.40000000000001
6595e3b4dc9090390e4edb5f,cycling,3.3
5c4a428161c51f0001e96b3f,football,0.0
5c4a428161c51f0001e96b3f,golf,0.0
5c4a428161c51f0001e96b3f,tennis,0.0
5c4a428161c51f0001e96b3f,hockey,1.7
5c4a428161c51f0001e96b3f,soccer,2.6
5c4a428161c51f0001e96b3f,gymnastics,0.0
5c4a428161c51f0001e96b3f,baseball,0.0
5c4a428161c51f0001e96b3f,basketball,3.5
5c4a428161c51f0001e96b3f,polo,0.0
5c4a428161c51f0001e96b3f,rowing,0.0
5c4a428161c51f0001e96b3f,yoga,12.3
5c4a428161c51f0001e96b3f,bodybuilding,1.3
5c4a428161c51f0001e96b3f,ice skating,1.8
5c4a428161c51f0001e96b3f,figure skating,1.5
5c4a428161c51f0001e96b3f,skiing,12.1
5c4a428161c51f0001e96b3f,snowboarding,0.0
5c4a428161c51f0001e96b3f,skateboarding,0.0
5c4a428161c51f0001e96b3f,ice yachting,4.59999999999999
65512e3cc12f463bc327b7c3,hockey,0.0
65512e3cc12f463bc327b7c3,basketball,0.0
65512e3cc12f463bc327b7c3,golf,0.0
65512e3cc12f463bc327b7c3,rugby,0.9
65512e3cc12f463bc327b7c3,football,1.1
65512e3cc12f463bc327b7c3,badminton,1.8
65512e3cc12f463bc327b7c3,tennis,0.0
65512e3cc12f463bc327b7c3,rowing,23.0
65512e3cc12f463bc327b7c3,weightlifting,5.3
65512e3cc12f463bc327b7c3,cycling,3.59999999999999
65512e3cc12f463bc327b7c3,swimming,3.40000000000001
65512e3cc12f463bc327b7c3,polo,6.5
65512e3cc12f463bc327b7c3,baseball,6.6
65512e3cc12f463bc327b7c3,cricket,3.5
65512e3cc12f463bc327b7c3,climbing,12.5
5fc6df58f380620a09116434,football,0.0
5fc6df58f380620a09116434,soccer,0.0
5fc6df58f380620a09116434,basketball,0.0
5fc6df58f380620a09116434,baseball,0.0
5fc6df58f380620a09116434,cricket,0.0
5fc6df58f380620a09116434,tennis,0.0
5fc6df58f380620a09116434,golf,0.0
5fc6df58f380620a09116434,crossfit,0.0
5fc6df58f380620a09116434,cricket,0.0
5fc6df58f380620a09116434,rowing,2.5
5fc6df58f380620a09116434,tennis,0.0
5fc6df58f380620a09116434,pilates,0.0
5fc6df58f380620a09116434,football,1.0
5fc6df58f380620a09116434,snowboarding,2.3
5fc6df58f380620a09116434,skiing,0.0
5fc6df58f380620a09116434,skiing,0.0
5fc6df58f380620a09116434,rafting,0.0
5fc6df58f380620a09116434,horse racing,0.0
5fc6df58f380620a09116434,bobsledding,0.0
5fc6df58f380620a09116434,tumbling,0.0
5fc6df58f380620a09116434,cycling,1.0
5fc6df58f380620a09116434,archery,0.0
5d3cc9010e510a00013df6f6,baseball,0.0
5d3cc9010e510a00013df6f6,basketball,2.4
5d3cc9010e510a00013df6f6,football,4.1
5d3cc9010e510a00013df6f6,soccer,6.9
5d3cc9010e510a00013df6f6,cricket,6.4
5d3cc9010e510a00013df6f6,tennis,3.2
5d3cc9010e510a00013df6f6,badminton,5.90000000000001
5d3cc9010e510a00013df6f6,football,6.9
5d3cc9010e510a00013df6f6,hockey,6.90000000000001
5d3cc9010e510a00013df6f6,track and field,5.69999999999999
5d3cc9010e510a00013df6f6,rowing,3.60000000000001
5d3cc9010e510a00013df6f6,swimming,17.8
5d3cc9010e510a00013df6f6,gymnastics,1.69999999999999
60da4f9aa1ced7efeecca18a,basketball,0.0
60da4f9aa1ced7efeecca18a,baseball,0.0
60da4f9aa1ced7efeecca18a,hockey,0.0
60da4f9aa1ced7efeecca18a,soccer,0.0
60da4f9aa1ced7efeecca18a,ice hockey,0.0
60da4f9aa1ced7efeecca18a,volleyball,2.1
60da4f9aa1ced7efeecca18a,ice volleyball,0.0
60da4f9aa1ced7efeecca18a,ice skating,2.0
60da4f9aa1ced7efeecca18a,gymnastics,3.1
60da4f9aa1ced7efeecca18a,wrestling,1.5
60da4f9aa1ced7efeecca18a,rugby,0.0
60da4f9aa1ced7efeecca18a,cricket,8.3
60da4f9aa1ced7efeecca18a,football,3.5
60da4f9aa1ced7efeecca18a,luge,8.00000000000001
60da4f9aa1ced7efeecca18a,bobsledding,1.5
60da4f9aa1ced7efeecca18a,archery,3.5
60da4f9aa1ced7efeecca18a,badminton,1.90000000000001
60da4f9aa1ced7efeecca18a,tennis,2.60000000000001
60da4f9aa1ced7efeecca18a,water polo,12.4
60da4f9aa1ced7efeecca18a,polo,0.0
60da4f9aa1ced7efeecca18a,rowing,0.0
60da4f9aa1ced7efeecca18a,fencing,0.0
5e8a76b3939b3072dc76fb5c,soccer,0.0
5e8a76b3939b3072dc76fb5c,basketball,0.0
5e8a76b3939b3072dc76fb5c,baseball,0.0
5e8a76b3939b3072dc76fb5c,cricket,0.0
5e8a76b3939b3072dc76fb5c,boxing,1.7
5e8a76b3939b3072dc76fb5c,tennis,1.0
5e8a76b3939b3072dc76fb5c,football,11.0
5e8a76b3939b3072dc76fb5c,wrestling,0.0
5e8a76b3939b3072dc76fb5c,powerlifting,10.9
5e8a76b3939b3072dc76fb5c,weightlifting,1.3
5e8a76b3939b3072dc76fb5c,skiing,3.59999999999999
5e8a76b3939b3072dc76fb5c,rowing,6.2
5e8a76b3939b3072dc76fb5c,track and field,1.6
5e8a76b3939b3072dc76fb5c,pole vault,1.3
5e8a76b3939b3072dc76fb5c,ice diving,0.0
5f6c102b6ec04317fc9a8127,football,0.0
5f6c102b6ec04317fc9a8127,soccer,1.3
5f6c102b6ec04317fc9a8127,tennis,0.0
5f6c102b6ec04317fc9a8127,golf,0.0
5f6c102b6ec04317fc9a8127,basketball,1.4
5f6c102b6ec04317fc9a8127,baseball,0.0
5f6c102b6ec04317fc9a8127,boxing,0.0
5f6c102b6ec04317fc9a8127,volleyball,0.0
5f6c102b6ec04317fc9a8127,swimming,0.0
5f6c102b6ec04317fc9a8127,hockey,1.7
5f6c102b6ec04317fc9a8127,table tennis,3.5
5f6c102b6ec04317fc9a8127,archery,0.0
5f6c102b6ec04317fc9a8127,skiing,2.3
5f6c102b6ec04317fc9a8127,football,10.3
5f6c102b6ec04317fc9a8127,rugby,8.5
5f6c102b6ec04317fc9a8127,skateboarding,11.5
5f6c102b6ec04317fc9a8127,bobsledding,9.09999999999999
5f6c102b6ec04317fc9a8127,cycling,4.09999999999999
5f6c102b6ec04317fc9a8127,baseball,6.19999999999999
5f6c102b6ec04317fc9a8127,surfing,8.89999999999999
5f6c102b6ec04317fc9a8127,weightlifting,5.09999999999999
5e7fefe06c12706d47e35211,basketball,0.0
5e7fefe06c12706d47e35211,hockey,0.0
5e7fefe06c12706d47e35211,soccer,0.0
5e7fefe06c12706d47e35211,football,0.0
5e7fefe06c12706d47e35211,water polo,0.0
5e7fefe06c12706d47e35211,rowing,1.3
5e7fefe06c12706d47e35211,pilates,2.1
5e7fefe06c12706d47e35211,gymnastics,2.1
5e7fefe06c12706d47e35211,shot put,5.2
5e7fefe06c12706d47e35211,ice dancing,12.3
5e7fefe06c12706d47e35211,volleyball,1.2
5e7fefe06c12706d47e35211,swimming,11.5
5e7fefe06c12706d47e35211,ice diving,0.0
5e7fefe06c12706d47e35211,wrestling,4.7
5e7fefe06c12706d47e35211,cycling,3.8
5e7fefe06c12706d47e35211,boxing,13.5
5e7fefe06c12706d47e35211,golf,0.0
5e7fefe06c12706d47e35211,karate,0.0
5e7fefe06c12706d47e35211,tennis,0.0
5e7fefe06c12706d47e35211,skiing,5.5
5e7fefe06c12706d47e35211,snowboarding,0.0
60fcf1a04c245326d05076e0,baseball,0.0
60fcf1a04c245326d05076e0,basketball,0.0
60fcf1a04c245326d05076e0,football,0.0
60fcf1a04c245326d05076e0,soccer,0.0
60fcf1a04c245326d05076e0,volleyball,5.9
60fcf1a04c245326d05076e0,football,0.0
60fcf1a04c245326d05076e0,cricket,1.5
60fcf1a04c245326d05076e0,curling,0.0
60fcf1a04c245326d05076e0,snowboarding,3.9
60fcf1a04c245326d05076e0,skiing,0.0
60fcf1a04c245326d05076e0,swimming,0.0
60fcf1a04c245326d05076e0,ice skating,0.0
60fcf1a04c245326d05076e0,long jump,0.0
60fcf1a04c245326d05076e0,high jump,5.59999999999999
60fcf1a04c245326d05076e0,ice diving,16.2
60fcf1a04c245326d05076e0,synchronized swimming,7.1
60fcf1a04c245326d05076e0,weightlifting,7.7
60fcf1a04c245326d05076e0,rowing,7.90000000000001
5ed9311e1a69d449577bb8cf,soccer,0.0
5ed9311e1a69d449577bb8cf,football,0.5
5ed9311e1a69d449577bb8cf,tennis,0.0
5ed9311e1a69d449577bb8cf,rugby,0.0
5ed9311e1a69d449577bb8cf,rowing,1.0
5ed9311e1a69d449577bb8cf,javelin throw,3.0
5ed9311e1a69d449577bb8cf,water polo,5.7
5ed9311e1a69d449577bb8cf,hockey,0.0
5ed9311e1a69d449577bb8cf,baseball,1.2
5ed9311e1a69d449577bb8cf,football,13.7
5ed9311e1a69d449577bb8cf,volleyball,0.899999999999999
5ed9311e1a69d449577bb8cf,rafting,2.4
5ed9311e1a69d449577bb8cf,horse racing,45.5
5c1942e200849900010afdcd,soccer,0.0
5c1942e200849900010afdcd,football,1.0
5c1942e200849900010afdcd,rugby,0.0
5c1942e200849900010afdcd,baseball,0.0
5c1942e200849900010afdcd,cricket,0.0
5c1942e200849900010afdcd,tennis,0.0
5c1942e200849900010afdcd,football,2.2
5c1942e200849900010afdcd,volleyball,0.0
5c1942e200849900010afdcd,curling,0.0
5c1942e200849900010afdcd,swimming,0.0
5c1942e200849900010afdcd,skiing,2.0
5c1942e200849900010afdcd,snowboarding,0.0
5c1942e200849900010afdcd,skateboarding,1.4
5c1942e200849900010afdcd,ice skating,3.0
5c1942e200849900010afdcd,shooting,0.0
5c1942e200849900010afdcd,surfing,1.4
5c1942e200849900010afdcd,skiing,11.2
5c1942e200849900010afdcd,basketball,4.3
5c1942e200849900010afdcd,hockey,0.899999999999999
5c1942e200849900010afdcd,ice hockey,0.0
5c1942e200849900010afdcd,badminton,2.9
5c1942e200849900010afdcd,golf,0.0
5c1942e200849900010afdcd,shooting,5.89999999999999
