Subject,Model,Beta_Frequency,Beta_Semantic,Beta_Phonological,Negative_Log_Likelihood_Optimized
5d7ff4aa50fda7001a863736,forage_dynamic_delta_rise=0.0_fall=0.0,7.523338811423095,4.964939841289319,,254.09589862223186
5d7ff4aa50fda7001a863736,forage_dynamic_delta_rise=0.0_fall=0.25,7.4788638213857555,4.945512934318474,,251.57683202364396
5d7ff4aa50fda7001a863736,forage_dynamic_delta_rise=0.0_fall=0.5,7.474111205216978,4.916572638145958,,250.3628088480891
5d7ff4aa50fda7001a863736,forage_dynamic_delta_rise=0.0_fall=0.75,7.440626446436882,4.877870737108665,,249.40253182235378
5d7ff4aa50fda7001a863736,forage_dynamic_delta_rise=0.0_fall=1.0,7.307817268319223,4.476187156885823,,249.69063805648946
5d7ff4aa50fda7001a863736,forage_dynamic_delta_rise=0.25_fall=0.0,7.523339628996879,4.964940102715984,,254.09589862223206
5d7ff4aa50fda7001a863736,forage_dynamic_delta_rise=0.25_fall=0.25,7.478861886647298,4.945513520319483,,251.5768320236493
5d7ff4aa50fda7001a863736,forage_dynamic_delta_rise=0.25_fall=0.5,7.474107494513827,4.91657278629347,,250.36280884809497
5d7ff4aa50fda7001a863736,forage_dynamic_delta_rise=0.25_fall=0.75,7.4406354739992375,4.877867821872434,,249.4025318223521
5d7ff4aa50fda7001a863736,forage_dynamic_delta_rise=0.25_fall=1.0,7.307821919157395,4.476185813464708,,249.6906380564757
5d7ff4aa50fda7001a863736,forage_dynamic_delta_rise=0.5_fall=0.0,7.523339213092555,4.964941115536292,,254.09589862223143
5d7ff4aa50fda7001a863736,forage_dynamic_delta_rise=0.5_fall=0.25,7.478859245315463,4.94551256023169,,251.5768320236595
5d7ff4aa50fda7001a863736,forage_dynamic_delta_rise=0.5_fall=0.5,7.474112358423846,4.916570944865142,,250.36280884809142
5d7ff4aa50fda7001a863736,forage_dynamic_delta_rise=0.5_fall=0.75,7.4406370060450575,4.877869692151126,,249.40253182236086
5d7ff4aa50fda7001a863736,forage_dynamic_delta_rise=0.5_fall=1.0,7.30782391847797,4.476184749442815,,249.69063805648074
5d7ff4aa50fda7001a863736,forage_dynamic_delta_rise=0.75_fall=0.0,7.577182192806449,5.212254401845781,,257.6526365670246
5d7ff4aa50fda7001a863736,forage_dynamic_delta_rise=0.75_fall=0.25,7.607140537638737,5.250042116919189,,255.78468767023762
5d7ff4aa50fda7001a863736,forage_dynamic_delta_rise=0.75_fall=0.5,7.603529973693336,5.1908886196337525,,254.61842946955525
5d7ff4aa50fda7001a863736,forage_dynamic_delta_rise=0.75_fall=0.75,7.6035260167142935,5.190888037501365,,254.6184294695479
5d7ff4aa50fda7001a863736,forage_dynamic_delta_rise=0.75_fall=1.0,7.421266346295831,4.750444348542294,,251.51248852225723
5d7ff4aa50fda7001a863736,forage_dynamic_delta_rise=1.0_fall=0.0,7.68172873297106,5.398963290952011,,256.8164436890128
5d7ff4aa50fda7001a863736,forage_dynamic_delta_rise=1.0_fall=0.25,7.716852657077414,5.430550713570312,,254.9244948497083
5d7ff4aa50fda7001a863736,forage_dynamic_delta_rise=1.0_fall=0.5,7.711368357135462,5.354611496044234,,253.79641242660688
5d7ff4aa50fda7001a863736,forage_dynamic_delta_rise=1.0_fall=0.75,7.711369433301146,5.354612711322262,,253.7964124266075
5d7ff4aa50fda7001a863736,forage_dynamic_delta_rise=1.0_fall=1.0,7.515860060267896,4.846676888947727,,250.95583725756654
5d7ff4aa50fda7001a863736,forage_random_baseline,0.0,0.0,,343.04188808146046
5f5aa60bef062519ff711fe6,forage_dynamic_delta_rise=0.0_fall=0.0,7.036011975043592,5.087842377013309,,213.7184937955598
5f5aa60bef062519ff711fe6,forage_dynamic_delta_rise=0.0_fall=0.25,7.089976938463218,5.072109123778359,,211.82170027634191
5f5aa60bef062519ff711fe6,forage_dynamic_delta_rise=0.0_fall=0.5,7.0899863252957465,5.072109502983465,,211.82170027632532
5f5aa60bef062519ff711fe6,forage_dynamic_delta_rise=0.0_fall=0.75,7.1155063519572535,4.965944612073729,,205.90269409107566
5f5aa60bef062519ff711fe6,forage_dynamic_delta_rise=0.0_fall=1.0,6.891026887985933,4.82069283389229,,205.92131998820838
5f5aa60bef062519ff711fe6,forage_dynamic_delta_rise=0.25_fall=0.0,7.102844241121513,5.16062922256469,,214.66851083688857
5f5aa60bef062519ff711fe6,forage_dynamic_delta_rise=0.25_fall=0.25,7.089985413104192,5.072108877310475,,211.8217002763223
5f5aa60bef062519ff711fe6,forage_dynamic_delta_rise=0.25_fall=0.5,7.089982592747517,5.072109817585553,,211.82170027632245
5f5aa60bef062519ff711fe6,forage_dynamic_delta_rise=0.25_fall=0.75,7.1155120878501945,4.965945144574843,,205.9026940910616
5f5aa60bef062519ff711fe6,forage_dynamic_delta_rise=0.25_fall=1.0,6.891031197644856,4.820693840190995,,205.92131998820008
5f5aa60bef062519ff711fe6,forage_dynamic_delta_rise=0.5_fall=0.0,7.102843405131599,5.160627792581073,,214.66851083689392
5f5aa60bef062519ff711fe6,forage_dynamic_delta_rise=0.5_fall=0.25,7.089981425615308,5.0721092148783296,,211.82170027632293
5f5aa60bef062519ff711fe6,forage_dynamic_delta_rise=0.5_fall=0.5,7.089985360604655,5.072109182013168,,211.8217002763224
5f5aa60bef062519ff711fe6,forage_dynamic_delta_rise=0.5_fall=0.75,7.115508647615488,4.965943919814438,,205.90269409106662
5f5aa60bef062519ff711fe6,forage_dynamic_delta_rise=0.5_fall=1.0,6.891031545369391,4.820692401639473,,205.9213199882032
5f5aa60bef062519ff711fe6,forage_dynamic_delta_rise=0.75_fall=0.0,7.227371559226774,5.495522376018452,,217.90034635396063
5f5aa60bef062519ff711fe6,forage_dynamic_delta_rise=0.75_fall=0.25,7.2316535712880405,5.28294762857623,,213.78346843120076
5f5aa60bef062519ff711fe6,forage_dynamic_delta_rise=0.75_fall=0.5,7.231655387522666,5.282947034889006,,213.78346843120505
5f5aa60bef062519ff711fe6,forage_dynamic_delta_rise=0.75_fall=0.75,7.298387665944631,5.11747515071216,,206.43925873697884
5f5aa60bef062519ff711fe6,forage_dynamic_delta_rise=0.75_fall=1.0,7.158854628348139,5.068255154757483,,205.62970048108897
5f5aa60bef062519ff711fe6,forage_dynamic_delta_rise=1.0_fall=0.0,7.301902027397743,5.771553018745384,,224.12406924397843
5f5aa60bef062519ff711fe6,forage_dynamic_delta_rise=1.0_fall=0.25,7.259519487602727,5.50622694808251,,222.06680398278706
5f5aa60bef062519ff711fe6,forage_dynamic_delta_rise=1.0_fall=0.5,7.259520690941635,5.506226831186067,,222.06680398278814
5f5aa60bef062519ff711fe6,forage_dynamic_delta_rise=1.0_fall=0.75,7.387890450723839,5.352748657813111,,214.53452170532682
5f5aa60bef062519ff711fe6,forage_dynamic_delta_rise=1.0_fall=1.0,7.251819870866138,5.270972491204878,,213.79227044281924
5f5aa60bef062519ff711fe6,forage_random_baseline,0.0,0.0,,289.6798166021223
60a48adfe091e410f4eaba34,forage_dynamic_delta_rise=0.0_fall=0.0,7.299401519297993,4.479630959746427,,134.94234749579195
60a48adfe091e410f4eaba34,forage_dynamic_delta_rise=0.0_fall=0.25,7.3284848175955375,4.408384527629373,,134.29918228054325
60a48adfe091e410f4eaba34,forage_dynamic_delta_rise=0.0_fall=0.5,7.372763844749476,4.482956565500894,,132.55098556540034
60a48adfe091e410f4eaba34,forage_dynamic_delta_rise=0.0_fall=0.75,7.224741715734101,4.39940352179555,,132.05059605837084
60a48adfe091e410f4eaba34,forage_dynamic_delta_rise=0.0_fall=1.0,7.066274711579104,4.122341869071011,,132.40718572714997
60a48adfe091e410f4eaba34,forage_dynamic_delta_rise=0.25_fall=0.0,7.279719823619217,4.373878122736785,,136.40828735929963
60a48adfe091e410f4eaba34,forage_dynamic_delta_rise=0.25_fall=0.25,7.30673821356144,4.309561274765228,,135.751564770594
60a48adfe091e410f4eaba34,forage_dynamic_delta_rise=0.25_fall=0.5,7.372773083456889,4.482956845498566,,132.55098556542018
60a48adfe091e410f4eaba34,forage_dynamic_delta_rise=0.25_fall=0.75,7.224739360225588,4.399403038277865,,132.05059605837215
60a48adfe091e410f4eaba34,forage_dynamic_delta_rise=0.25_fall=1.0,7.066282150660389,4.122342218415967,,132.40718572714871
60a48adfe091e410f4eaba34,forage_dynamic_delta_rise=0.5_fall=0.0,7.411074836973045,4.570165509786682,,137.90277049181708
60a48adfe091e410f4eaba34,forage_dynamic_delta_rise=0.5_fall=0.25,7.441688776420055,4.4688238987478295,,137.2697562563773
60a48adfe091e410f4eaba34,forage_dynamic_delta_rise=0.5_fall=0.5,7.525334974830849,4.663507550264748,,133.99731096498093
60a48adfe091e410f4eaba34,forage_dynamic_delta_rise=0.5_fall=0.75,7.374611287828447,4.542600227658473,,133.5489968348672
60a48adfe091e410f4eaba34,forage_dynamic_delta_rise=0.5_fall=1.0,7.132779369187296,4.1704390718410425,,132.89534899411353
60a48adfe091e410f4eaba34,forage_dynamic_delta_rise=0.75_fall=0.0,7.472780404661881,4.768822176504399,,139.55025839332058
60a48adfe091e410f4eaba34,forage_dynamic_delta_rise=0.75_fall=0.25,7.510277453113488,4.613269813724541,,138.94653159517495
60a48adfe091e410f4eaba34,forage_dynamic_delta_rise=0.75_fall=0.5,7.597973660661201,4.830283739828367,,135.61600731114066
60a48adfe091e410f4eaba34,forage_dynamic_delta_rise=0.75_fall=0.75,7.597971768814049,4.830283722892666,,135.6160073111438
60a48adfe091e410f4eaba34,forage_dynamic_delta_rise=0.75_fall=1.0,7.357783059817029,4.280395945576688,,135.18447910242244
60a48adfe091e410f4eaba34,forage_dynamic_delta_rise=1.0_fall=0.0,7.472774387463985,4.768823372407087,,139.550258393325
60a48adfe091e410f4eaba34,forage_dynamic_delta_rise=1.0_fall=0.25,7.510284841201005,4.613267761212007,,138.9465315951896
60a48adfe091e410f4eaba34,forage_dynamic_delta_rise=1.0_fall=0.5,7.59797635064642,4.8302830976102955,,135.6160073111391
60a48adfe091e410f4eaba34,forage_dynamic_delta_rise=1.0_fall=0.75,7.5979767021606515,4.830281670828747,,135.61600731113987
60a48adfe091e410f4eaba34,forage_dynamic_delta_rise=1.0_fall=1.0,7.357777118095094,4.2803930619812895,,135.18447910240684
60a48adfe091e410f4eaba34,forage_random_baseline,0.0,0.0,,175.33252057496875
60d731567049e5132e3cc4d4,forage_dynamic_delta_rise=0.0_fall=0.0,6.83171293180747,4.9676778823115955,,311.1922745865156
60d731567049e5132e3cc4d4,forage_dynamic_delta_rise=0.0_fall=0.25,6.831735714550298,4.961027642071624,,310.7211291797085
60d731567049e5132e3cc4d4,forage_dynamic_delta_rise=0.0_fall=0.5,6.760854015713063,4.899606655939836,,305.05219692067993
60d731567049e5132e3cc4d4,forage_dynamic_delta_rise=0.0_fall=0.75,6.707037845996669,4.864851256776795,,304.44963908471794
60d731567049e5132e3cc4d4,forage_dynamic_delta_rise=0.0_fall=1.0,6.567212549427561,4.705513740568807,,302.7894863324075
60d731567049e5132e3cc4d4,forage_dynamic_delta_rise=0.25_fall=0.0,6.831708536779309,4.967677139565184,,311.19227458650664
60d731567049e5132e3cc4d4,forage_dynamic_delta_rise=0.25_fall=0.25,6.831734421051655,4.961028348320489,,310.72112917971066
60d731567049e5132e3cc4d4,forage_dynamic_delta_rise=0.25_fall=0.5,6.760855948369907,4.899606735277318,,305.0521969206776
60d731567049e5132e3cc4d4,forage_dynamic_delta_rise=0.25_fall=0.75,6.707042254710448,4.864851698429515,,304.4496390847147
60d731567049e5132e3cc4d4,forage_dynamic_delta_rise=0.25_fall=1.0,6.5672115966661035,4.705516667114335,,302.78948633241134
60d731567049e5132e3cc4d4,forage_dynamic_delta_rise=0.5_fall=0.0,6.880952034357945,5.012489355981111,,316.11002954802666
60d731567049e5132e3cc4d4,forage_dynamic_delta_rise=0.5_fall=0.25,6.881318649497613,5.004333064562272,,315.64072932351775
60d731567049e5132e3cc4d4,forage_dynamic_delta_rise=0.5_fall=0.5,6.918942676789666,4.981483488070828,,306.4474409644473
60d731567049e5132e3cc4d4,forage_dynamic_delta_rise=0.5_fall=0.75,6.707039641529758,4.8648524070411545,,304.44963908471226
60d731567049e5132e3cc4d4,forage_dynamic_delta_rise=0.5_fall=1.0,6.567220137892705,4.7055159876605375,,302.78948633239554
60d731567049e5132e3cc4d4,forage_dynamic_delta_rise=0.75_fall=0.0,6.862780160821085,5.007743719407798,,317.6362584347636
60d731567049e5132e3cc4d4,forage_dynamic_delta_rise=0.75_fall=0.25,6.863086889314354,4.999384326607227,,317.1667406819725
60d731567049e5132e3cc4d4,forage_dynamic_delta_rise=0.75_fall=0.5,6.87043405559541,4.9949104432455655,,310.56984358819943
60d731567049e5132e3cc4d4,forage_dynamic_delta_rise=0.75_fall=0.75,6.665309690117482,4.868264439182878,,308.56392814870236
60d731567049e5132e3cc4d4,forage_dynamic_delta_rise=0.75_fall=1.0,6.567217095918042,4.705515384071579,,302.78948633238446
60d731567049e5132e3cc4d4,forage_dynamic_delta_rise=1.0_fall=0.0,6.949193572848529,5.184331382081615,,324.69932937704596
60d731567049e5132e3cc4d4,forage_dynamic_delta_rise=1.0_fall=0.25,6.8899834852078685,5.147957805888755,,322.6811451514111
60d731567049e5132e3cc4d4,forage_dynamic_delta_rise=1.0_fall=0.5,6.899691104160328,5.118905390609429,,316.09450839100305
60d731567049e5132e3cc4d4,forage_dynamic_delta_rise=1.0_fall=0.75,6.688254191816018,4.955796132265904,,314.18695973568424
60d731567049e5132e3cc4d4,forage_dynamic_delta_rise=1.0_fall=1.0,6.58649442107623,4.754269180020359,,308.4990211742795
60d731567049e5132e3cc4d4,forage_random_baseline,0.0,0.0,,419.27341876622927
63e802622f8052bd67d6c5f0,forage_dynamic_delta_rise=0.0_fall=0.0,8.255358419319192,4.809246755544804,,165.22453179847574
63e802622f8052bd67d6c5f0,forage_dynamic_delta_rise=0.0_fall=0.25,8.186472746353143,4.7303303109295,,164.5238436142213
63e802622f8052bd67d6c5f0,forage_dynamic_delta_rise=0.0_fall=0.5,8.174442223167066,4.669395635837524,,162.79887767614449
63e802622f8052bd67d6c5f0,forage_dynamic_delta_rise=0.0_fall=0.75,8.136548377312444,4.5342323377383975,,160.97355050347036
63e802622f8052bd67d6c5f0,forage_dynamic_delta_rise=0.0_fall=1.0,7.99840480413285,4.372793526577329,,161.8548095956603
63e802622f8052bd67d6c5f0,forage_dynamic_delta_rise=0.25_fall=0.0,8.255380799395498,4.809245997231324,,165.2245317984555
63e802622f8052bd67d6c5f0,forage_dynamic_delta_rise=0.25_fall=0.25,8.186482925658275,4.73032834806326,,164.5238436142297
63e802622f8052bd67d6c5f0,forage_dynamic_delta_rise=0.25_fall=0.5,8.174449216438475,4.669394847891588,,162.79887767613664
63e802622f8052bd67d6c5f0,forage_dynamic_delta_rise=0.25_fall=0.75,8.136554618253967,4.534230002456352,,160.9735505034674
63e802622f8052bd67d6c5f0,forage_dynamic_delta_rise=0.25_fall=1.0,7.99839317616318,4.372795248452458,,161.85480959568199
63e802622f8052bd67d6c5f0,forage_dynamic_delta_rise=0.5_fall=0.0,8.440729864840545,4.997398338323073,,167.30089005510553
63e802622f8052bd67d6c5f0,forage_dynamic_delta_rise=0.5_fall=0.25,8.362660548644742,4.887553981523049,,166.64569625929352
63e802622f8052bd67d6c5f0,forage_dynamic_delta_rise=0.5_fall=0.5,8.28561189505542,4.775767021060226,,166.15476469359638
63e802622f8052bd67d6c5f0,forage_dynamic_delta_rise=0.5_fall=0.75,8.136549267511624,4.534232528007694,,160.97355050346857
63e802622f8052bd67d6c5f0,forage_dynamic_delta_rise=0.5_fall=1.0,7.998402766749427,4.372796929992822,,161.85480959564802
63e802622f8052bd67d6c5f0,forage_dynamic_delta_rise=0.75_fall=0.0,8.448457494439594,5.12923416404898,,167.49459144250994
63e802622f8052bd67d6c5f0,forage_dynamic_delta_rise=0.75_fall=0.25,8.368589312501575,5.00037715673381,,166.87013261416493
63e802622f8052bd67d6c5f0,forage_dynamic_delta_rise=0.75_fall=0.5,8.292457718419627,4.872839022769345,,166.40768333987407
63e802622f8052bd67d6c5f0,forage_dynamic_delta_rise=0.75_fall=0.75,8.140886202030988,4.591820069822348,,161.28066300417353
63e802622f8052bd67d6c5f0,forage_dynamic_delta_rise=0.75_fall=1.0,8.002861931748463,4.42042021848981,,162.19118450260066
63e802622f8052bd67d6c5f0,forage_dynamic_delta_rise=1.0_fall=0.0,8.441612168857692,5.235312419958486,,169.6748369321727
63e802622f8052bd67d6c5f0,forage_dynamic_delta_rise=1.0_fall=0.25,8.359857860752465,5.070820114938207,,169.07373558761685
63e802622f8052bd67d6c5f0,forage_dynamic_delta_rise=1.0_fall=0.5,8.284403643209792,4.914676272928482,,168.6267743029397
63e802622f8052bd67d6c5f0,forage_dynamic_delta_rise=1.0_fall=0.75,8.17799965342366,4.612065762180701,,162.30586237053083
63e802622f8052bd67d6c5f0,forage_dynamic_delta_rise=1.0_fall=1.0,8.039411470601443,4.428046104371809,,163.22760650929177
63e802622f8052bd67d6c5f0,forage_random_baseline,0.0,0.0,,221.0714389858302
63ea4ab1ce4168cbe9f63775,forage_dynamic_delta_rise=0.0_fall=0.0,6.967043256257957,4.4585136618327725,,242.33214519649079
63ea4ab1ce4168cbe9f63775,forage_dynamic_delta_rise=0.0_fall=0.25,6.893800347617636,4.486558492802092,,238.98801150850636
63ea4ab1ce4168cbe9f63775,forage_dynamic_delta_rise=0.0_fall=0.5,6.953337371637616,4.436980374293891,,237.72204517313097
63ea4ab1ce4168cbe9f63775,forage_dynamic_delta_rise=0.0_fall=0.75,6.71017220987335,4.446791890328652,,233.5599974488824
63ea4ab1ce4168cbe9f63775,forage_dynamic_delta_rise=0.0_fall=1.0,6.647543346276157,4.396532017383894,,232.82983829251606
63ea4ab1ce4168cbe9f63775,forage_dynamic_delta_rise=0.25_fall=0.0,7.016532373053524,5.018814140170286,,242.0337017224749
63ea4ab1ce4168cbe9f63775,forage_dynamic_delta_rise=0.25_fall=0.25,6.947161520086624,4.990465432369142,,238.6926656972175
63ea4ab1ce4168cbe9f63775,forage_dynamic_delta_rise=0.25_fall=0.5,6.9907990486027,4.908189941067499,,238.37661633509316
63ea4ab1ce4168cbe9f63775,forage_dynamic_delta_rise=0.25_fall=0.75,6.733281233365907,4.849770731552729,,234.28103873907466
63ea4ab1ce4168cbe9f63775,forage_dynamic_delta_rise=0.25_fall=1.0,6.66795427880945,4.761834483893529,,233.68151495028332
63ea4ab1ce4168cbe9f63775,forage_dynamic_delta_rise=0.5_fall=0.0,7.092075619811491,5.125495932453241,,244.14582409216604
63ea4ab1ce4168cbe9f63775,forage_dynamic_delta_rise=0.5_fall=0.25,7.108843909850379,5.168442044793769,,241.53600034251647
63ea4ab1ce4168cbe9f63775,forage_dynamic_delta_rise=0.5_fall=0.5,7.152751049389089,5.059657771276912,,241.2622924074284
63ea4ab1ce4168cbe9f63775,forage_dynamic_delta_rise=0.5_fall=0.75,6.738680104029287,4.879951426408004,,235.12021639247473
63ea4ab1ce4168cbe9f63775,forage_dynamic_delta_rise=0.5_fall=1.0,6.667950482374646,4.761832955997913,,233.68151495028414
63ea4ab1ce4168cbe9f63775,forage_dynamic_delta_rise=0.75_fall=0.0,7.1314527547775315,5.110306056310783,,245.85182285158177
63ea4ab1ce4168cbe9f63775,forage_dynamic_delta_rise=0.75_fall=0.25,7.148450075552045,5.157546695819332,,243.2427137487335
63ea4ab1ce4168cbe9f63775,forage_dynamic_delta_rise=0.75_fall=0.5,7.192048755888448,5.042622933397914,,242.96280008964044
63ea4ab1ce4168cbe9f63775,forage_dynamic_delta_rise=0.75_fall=0.75,6.786571594892532,4.856313956032684,,236.82739921706752
63ea4ab1ce4168cbe9f63775,forage_dynamic_delta_rise=0.75_fall=1.0,6.667955057975719,4.761832781715209,,233.6815149502826
63ea4ab1ce4168cbe9f63775,forage_dynamic_delta_rise=1.0_fall=0.0,7.075573571678825,5.135528503477518,,249.01164898910358
63ea4ab1ce4168cbe9f63775,forage_dynamic_delta_rise=1.0_fall=0.25,7.090207630340379,5.1882923898549365,,246.4004271871439
63ea4ab1ce4168cbe9f63775,forage_dynamic_delta_rise=1.0_fall=0.5,7.090202221666021,5.1882925714594155,,246.40042718717814
63ea4ab1ce4168cbe9f63775,forage_dynamic_delta_rise=1.0_fall=0.75,6.695382799704095,4.932817711803304,,240.29279973131446
63ea4ab1ce4168cbe9f63775,forage_dynamic_delta_rise=1.0_fall=1.0,6.583543675719457,4.813757615411369,,237.1606801949778
63ea4ab1ce4168cbe9f63775,forage_random_baseline,0.0,0.0,,312.54927580755293
65b15afd94153c1f50c92493,forage_dynamic_delta_rise=0.0_fall=0.0,7.976566342921384,3.9760463574326224,,238.72671706998787
65b15afd94153c1f50c92493,forage_dynamic_delta_rise=0.0_fall=0.25,7.978306277687963,3.9773376886522747,,236.63666916586956
65b15afd94153c1f50c92493,forage_dynamic_delta_rise=0.0_fall=0.5,7.957468258463538,3.347007672912698,,238.69451662089463
65b15afd94153c1f50c92493,forage_dynamic_delta_rise=0.0_fall=0.75,7.75209502922041,3.268816472153701,,237.92890718797545
65b15afd94153c1f50c92493,forage_dynamic_delta_rise=0.0_fall=1.0,7.768871581108405,2.720521163989287,,242.67781866333294
65b15afd94153c1f50c92493,forage_dynamic_delta_rise=0.25_fall=0.0,7.940965074104454,4.145260166800806,,238.291522711027
65b15afd94153c1f50c92493,forage_dynamic_delta_rise=0.25_fall=0.25,7.9454765087950445,4.126272530493004,,236.20589337554242
65b15afd94153c1f50c92493,forage_dynamic_delta_rise=0.25_fall=0.5,7.930582605575116,3.434123139723601,,238.54140215887853
65b15afd94153c1f50c92493,forage_dynamic_delta_rise=0.25_fall=0.75,7.766643273344933,3.286050913852397,,238.1105383381402
65b15afd94153c1f50c92493,forage_dynamic_delta_rise=0.25_fall=1.0,7.768870598888262,2.720523402078071,,242.67781866332987
65b15afd94153c1f50c92493,forage_dynamic_delta_rise=0.5_fall=0.0,7.965652193348615,4.35065785857951,,239.54271511943261
65b15afd94153c1f50c92493,forage_dynamic_delta_rise=0.5_fall=0.25,7.8941042836103765,4.178846207313356,,236.52248229611868
65b15afd94153c1f50c92493,forage_dynamic_delta_rise=0.5_fall=0.5,7.890103077663952,3.4547848880401104,,238.9436707871452
65b15afd94153c1f50c92493,forage_dynamic_delta_rise=0.5_fall=0.75,7.728366062760044,3.301678155207664,,238.51689992505823
65b15afd94153c1f50c92493,forage_dynamic_delta_rise=0.5_fall=1.0,7.740828800771559,2.7198436597052473,,243.09850236181992
65b15afd94153c1f50c92493,forage_dynamic_delta_rise=0.75_fall=0.0,8.009153055089048,5.320478819779083,,241.88229263783782
65b15afd94153c1f50c92493,forage_dynamic_delta_rise=0.75_fall=0.25,8.01111719240594,5.1016728088162075,,240.2402432130124
65b15afd94153c1f50c92493,forage_dynamic_delta_rise=0.75_fall=0.5,8.021316781239324,4.691158813222156,,239.49028604683303
65b15afd94153c1f50c92493,forage_dynamic_delta_rise=0.75_fall=0.75,7.812283806320779,4.15727969457106,,240.05667314805376
65b15afd94153c1f50c92493,forage_dynamic_delta_rise=0.75_fall=1.0,7.795061493499923,2.5538197684095567,,245.7809426178286
65b15afd94153c1f50c92493,forage_dynamic_delta_rise=1.0_fall=0.0,8.009155601801009,5.32047393854269,,241.88229263782793
65b15afd94153c1f50c92493,forage_dynamic_delta_rise=1.0_fall=0.25,8.011119289865231,5.101670195811242,,240.24024321299558
65b15afd94153c1f50c92493,forage_dynamic_delta_rise=1.0_fall=0.5,8.021316310850777,4.6911563756586725,,239.49028604683684
65b15afd94153c1f50c92493,forage_dynamic_delta_rise=1.0_fall=0.75,7.812262834694422,4.157283283169299,,240.05667314821972
65b15afd94153c1f50c92493,forage_dynamic_delta_rise=1.0_fall=1.0,7.795058043990751,2.5538183973693522,,245.7809426178186
65b15afd94153c1f50c92493,forage_random_baseline,0.0,0.0,,304.92612273907605
65c25cf77dca9d7ca7d9ebdb,forage_dynamic_delta_rise=0.0_fall=0.0,5.777725588799501,4.93206914521848,,287.5301806763009
65c25cf77dca9d7ca7d9ebdb,forage_dynamic_delta_rise=0.0_fall=0.25,5.696850447034603,4.862122590467488,,286.58053093585426
65c25cf77dca9d7ca7d9ebdb,forage_dynamic_delta_rise=0.0_fall=0.5,5.7126021234322595,4.787689823179356,,284.09169082639016
65c25cf77dca9d7ca7d9ebdb,forage_dynamic_delta_rise=0.0_fall=0.75,5.6376693064906,4.632770406570302,,284.52443627351226
65c25cf77dca9d7ca7d9ebdb,forage_dynamic_delta_rise=0.0_fall=1.0,5.551901551682223,4.359928997190284,,286.54593517945125
65c25cf77dca9d7ca7d9ebdb,forage_dynamic_delta_rise=0.25_fall=0.0,5.822397151535969,5.204106646428805,,288.2715167972655
65c25cf77dca9d7ca7d9ebdb,forage_dynamic_delta_rise=0.25_fall=0.25,5.777959089993817,5.1639003981387,,285.38185006415114
65c25cf77dca9d7ca7d9ebdb,forage_dynamic_delta_rise=0.25_fall=0.5,5.707911611757792,4.950238274508498,,282.4492401954973
65c25cf77dca9d7ca7d9ebdb,forage_dynamic_delta_rise=0.25_fall=0.75,5.627839861213436,4.774598679602354,,283.02776683374816
65c25cf77dca9d7ca7d9ebdb,forage_dynamic_delta_rise=0.25_fall=1.0,5.551903736649274,4.3599289068011,,286.54593517945295
65c25cf77dca9d7ca7d9ebdb,forage_dynamic_delta_rise=0.5_fall=0.0,5.822398716727449,5.204106640412864,,288.27151679726677
65c25cf77dca9d7ca7d9ebdb,forage_dynamic_delta_rise=0.5_fall=0.25,5.77796282174185,5.163900123438977,,285.38185006415864
65c25cf77dca9d7ca7d9ebdb,forage_dynamic_delta_rise=0.5_fall=0.5,5.707914412767291,4.9502377200767524,,282.44924019550785
65c25cf77dca9d7ca7d9ebdb,forage_dynamic_delta_rise=0.5_fall=0.75,5.627846487355452,4.7745979192071974,,283.0277668337795
65c25cf77dca9d7ca7d9ebdb,forage_dynamic_delta_rise=0.5_fall=1.0,5.5519011725495755,4.359929041540366,,286.54593517945176
65c25cf77dca9d7ca7d9ebdb,forage_dynamic_delta_rise=0.75_fall=0.0,5.880112006528187,5.3279662661944,,293.6441287875135
65c25cf77dca9d7ca7d9ebdb,forage_dynamic_delta_rise=0.75_fall=0.25,5.880119599515055,5.327963646986554,,293.644128787461
65c25cf77dca9d7ca7d9ebdb,forage_dynamic_delta_rise=0.75_fall=0.5,5.8801187042568905,5.3279634916929055,,293.6441287874621
65c25cf77dca9d7ca7d9ebdb,forage_dynamic_delta_rise=0.75_fall=0.75,5.880119445780091,5.327964391210709,,293.644128787461
65c25cf77dca9d7ca7d9ebdb,forage_dynamic_delta_rise=0.75_fall=1.0,5.773569093573278,4.530551828233994,,298.164604362543
65c25cf77dca9d7ca7d9ebdb,forage_dynamic_delta_rise=1.0_fall=0.0,5.912970651940447,5.4705614880419695,,293.75650545542476
65c25cf77dca9d7ca7d9ebdb,forage_dynamic_delta_rise=1.0_fall=0.25,5.912978868281658,5.470564287209105,,293.75650545543283
65c25cf77dca9d7ca7d9ebdb,forage_dynamic_delta_rise=1.0_fall=0.5,5.9129722031283025,5.470561599223745,,293.7565054554169
65c25cf77dca9d7ca7d9ebdb,forage_dynamic_delta_rise=1.0_fall=0.75,5.9129720386361155,5.470563343037917,,293.7565054554204
65c25cf77dca9d7ca7d9ebdb,forage_dynamic_delta_rise=1.0_fall=1.0,5.7735631235503755,4.530550266948615,,298.1646043625339
65c25cf77dca9d7ca7d9ebdb,forage_random_baseline,0.0,0.0,,365.9113472868911
65cb63e160bb47fbf9349269,forage_dynamic_delta_rise=0.0_fall=0.0,6.6179988721370755,4.231134493797438,,241.9581550277535
65cb63e160bb47fbf9349269,forage_dynamic_delta_rise=0.0_fall=0.25,6.65838783964576,4.228750587297461,,241.243428582294
65cb63e160bb47fbf9349269,forage_dynamic_delta_rise=0.0_fall=0.5,6.653963829810453,4.226466176018165,,240.6601469609497
65cb63e160bb47fbf9349269,forage_dynamic_delta_rise=0.0_fall=0.75,6.632948296691169,4.161668331535294,,239.0912475092524
65cb63e160bb47fbf9349269,forage_dynamic_delta_rise=0.0_fall=1.0,6.6332233257608975,4.091390567951911,,238.5460338295123
65cb63e160bb47fbf9349269,forage_dynamic_delta_rise=0.25_fall=0.0,6.618142498062494,4.322102029178481,,243.94616296434793
65cb63e160bb47fbf9349269,forage_dynamic_delta_rise=0.25_fall=0.25,6.618146975925683,4.322102610261027,,243.94616296434455
65cb63e160bb47fbf9349269,forage_dynamic_delta_rise=0.25_fall=0.5,6.593719324683337,4.295717804161386,,242.80801210353005
65cb63e160bb47fbf9349269,forage_dynamic_delta_rise=0.25_fall=0.75,6.5759202393162255,4.217348436488654,,241.2571350038331
65cb63e160bb47fbf9349269,forage_dynamic_delta_rise=0.25_fall=1.0,6.633223997376033,4.0913898731650455,,238.54603382951294
65cb63e160bb47fbf9349269,forage_dynamic_delta_rise=0.5_fall=0.0,6.6577280364320695,4.4058211293793486,,244.98537300194485
65cb63e160bb47fbf9349269,forage_dynamic_delta_rise=0.5_fall=0.25,6.657729261989669,4.405821436823499,,244.98537300193837
65cb63e160bb47fbf9349269,forage_dynamic_delta_rise=0.5_fall=0.5,6.635565525798247,4.371175126935732,,243.85861823113598
65cb63e160bb47fbf9349269,forage_dynamic_delta_rise=0.5_fall=0.75,6.592016031091076,4.219355155322574,,242.3094603134927
65cb63e160bb47fbf9349269,forage_dynamic_delta_rise=0.5_fall=1.0,6.62135022528255,4.163335364849898,,240.32519825555778
65cb63e160bb47fbf9349269,forage_dynamic_delta_rise=0.75_fall=0.0,6.821926523870376,4.584159189772593,,247.0725439796279
65cb63e160bb47fbf9349269,forage_dynamic_delta_rise=0.75_fall=0.25,6.821931374428644,4.58415860591471,,247.07254397961347
65cb63e160bb47fbf9349269,forage_dynamic_delta_rise=0.75_fall=0.5,6.821930693219537,4.584158310704654,,247.0725439796152
65cb63e160bb47fbf9349269,forage_dynamic_delta_rise=0.75_fall=0.75,6.749015519041041,4.3944311595630445,,246.02268638452804
65cb63e160bb47fbf9349269,forage_dynamic_delta_rise=0.75_fall=1.0,6.74901576659433,4.394434069439366,,246.02268638452767
65cb63e160bb47fbf9349269,forage_dynamic_delta_rise=1.0_fall=0.0,6.990679260296792,4.655565018485221,,252.22557195061873
65cb63e160bb47fbf9349269,forage_dynamic_delta_rise=1.0_fall=0.25,6.990676633746871,4.655569153330286,,252.22557195063527
65cb63e160bb47fbf9349269,forage_dynamic_delta_rise=1.0_fall=0.5,6.990677208021376,4.655566811728125,,252.225571950623
65cb63e160bb47fbf9349269,forage_dynamic_delta_rise=1.0_fall=0.75,6.851361022718495,4.313578608614701,,251.70941238012443
65cb63e160bb47fbf9349269,forage_dynamic_delta_rise=1.0_fall=1.0,6.851370057837633,4.313574752915656,,251.70941238009692
65cb63e160bb47fbf9349269,forage_random_baseline,0.0,0.0,,312.54927580755293
65cc19b4b3d48a22dfc6756d,forage_dynamic_delta_rise=0.0_fall=0.0,7.00093806131442,5.206802106196067,,203.10810265438283
65cc19b4b3d48a22dfc6756d,forage_dynamic_delta_rise=0.0_fall=0.25,6.959783235708826,5.195910377276011,,201.71842522576603
65cc19b4b3d48a22dfc6756d,forage_dynamic_delta_rise=0.0_fall=0.5,6.959785131126574,5.19590979019241,,201.71842522576722
65cc19b4b3d48a22dfc6756d,forage_dynamic_delta_rise=0.0_fall=0.75,6.967061959049223,5.121190615180347,,201.91574728791397
65cc19b4b3d48a22dfc6756d,forage_dynamic_delta_rise=0.0_fall=1.0,6.967060263099322,5.121191054284665,,201.91574728791403
65cc19b4b3d48a22dfc6756d,forage_dynamic_delta_rise=0.25_fall=0.0,7.05515645290044,5.22793249880373,,204.85355914934377
65cc19b4b3d48a22dfc6756d,forage_dynamic_delta_rise=0.25_fall=0.25,6.959789246327496,5.19591043931697,,201.7184252257813
65cc19b4b3d48a22dfc6756d,forage_dynamic_delta_rise=0.25_fall=0.5,6.959785672924541,5.195910290571227,,201.71842522576807
65cc19b4b3d48a22dfc6756d,forage_dynamic_delta_rise=0.25_fall=0.75,6.967056257004013,5.12118939779622,,201.91574728793438
65cc19b4b3d48a22dfc6756d,forage_dynamic_delta_rise=0.25_fall=1.0,6.967058017388845,5.121191223586512,,201.9157472879191
65cc19b4b3d48a22dfc6756d,forage_dynamic_delta_rise=0.5_fall=0.0,7.101114073723954,5.401507324581479,,207.75036443197718
65cc19b4b3d48a22dfc6756d,forage_dynamic_delta_rise=0.5_fall=0.25,7.004823245851179,5.344028680041441,,204.6486346976583
65cc19b4b3d48a22dfc6756d,forage_dynamic_delta_rise=0.5_fall=0.5,7.004819861392284,5.34402767222464,,204.64863469764637
65cc19b4b3d48a22dfc6756d,forage_dynamic_delta_rise=0.5_fall=0.75,7.011591721000748,5.251084482236581,,204.8957432440981
65cc19b4b3d48a22dfc6756d,forage_dynamic_delta_rise=0.5_fall=1.0,7.011593836116299,5.251084176925055,,204.89574324409645
65cc19b4b3d48a22dfc6756d,forage_dynamic_delta_rise=0.75_fall=0.0,7.204653213529783,5.6658033960962095,,211.47718503427953
65cc19b4b3d48a22dfc6756d,forage_dynamic_delta_rise=0.75_fall=0.25,7.103500566780584,5.555435952013149,,208.4493813431683
65cc19b4b3d48a22dfc6756d,forage_dynamic_delta_rise=0.75_fall=0.5,7.103503240109164,5.5554338330861555,,208.44938134318028
65cc19b4b3d48a22dfc6756d,forage_dynamic_delta_rise=0.75_fall=0.75,7.103502256300712,5.555436365111299,,208.44938134316624
65cc19b4b3d48a22dfc6756d,forage_dynamic_delta_rise=0.75_fall=1.0,7.103499252142949,5.555437021922881,,208.44938134317013
65cc19b4b3d48a22dfc6756d,forage_dynamic_delta_rise=1.0_fall=0.0,7.205708271633104,5.702432551653723,,213.34757953401413
65cc19b4b3d48a22dfc6756d,forage_dynamic_delta_rise=1.0_fall=0.25,7.104020491765743,5.577738111945364,,210.32940975512273
65cc19b4b3d48a22dfc6756d,forage_dynamic_delta_rise=1.0_fall=0.5,7.104019511070792,5.577736001373383,,210.32940975513336
65cc19b4b3d48a22dfc6756d,forage_dynamic_delta_rise=1.0_fall=0.75,7.104017960545136,5.57773772235385,,210.3294097551339
65cc19b4b3d48a22dfc6756d,forage_dynamic_delta_rise=1.0_fall=1.0,7.104025871846885,5.577739024403231,,210.32940975512162
65cc19b4b3d48a22dfc6756d,forage_random_baseline,0.0,0.0,,282.0566635336454
65d54b3b524fcafb543d1b23,forage_dynamic_delta_rise=0.0_fall=0.0,7.249765535758647,4.7867977028695,,133.83607127947138
65d54b3b524fcafb543d1b23,forage_dynamic_delta_rise=0.0_fall=0.25,7.099398842409772,4.629200183797191,,133.72063418547805
65d54b3b524fcafb543d1b23,forage_dynamic_delta_rise=0.0_fall=0.5,7.099390707956361,4.62920427684938,,133.7206341854761
65d54b3b524fcafb543d1b23,forage_dynamic_delta_rise=0.0_fall=0.75,7.09176283251422,4.260279657285982,,132.0693993099366
65d54b3b524fcafb543d1b23,forage_dynamic_delta_rise=0.0_fall=1.0,6.934063571845109,4.094103275406679,,132.59629833620235
65d54b3b524fcafb543d1b23,forage_dynamic_delta_rise=0.25_fall=0.0,7.249766533154218,4.786797351548381,,133.83607127946914
65d54b3b524fcafb543d1b23,forage_dynamic_delta_rise=0.25_fall=0.25,7.099389773556866,4.629200314045765,,133.72063418545784
65d54b3b524fcafb543d1b23,forage_dynamic_delta_rise=0.25_fall=0.5,7.099386036225759,4.629203879082506,,133.72063418547793
65d54b3b524fcafb543d1b23,forage_dynamic_delta_rise=0.25_fall=0.75,7.091749599648908,4.260279053631038,,132.06939930995784
65d54b3b524fcafb543d1b23,forage_dynamic_delta_rise=0.25_fall=1.0,6.934066557601256,4.094101122986773,,132.5962983362051
65d54b3b524fcafb543d1b23,forage_dynamic_delta_rise=0.5_fall=0.0,7.343637171409665,5.135468008387449,,135.3490650043615
65d54b3b524fcafb543d1b23,forage_dynamic_delta_rise=0.5_fall=0.25,7.171304322578536,4.89204339428402,,135.35613707941368
65d54b3b524fcafb543d1b23,forage_dynamic_delta_rise=0.5_fall=0.5,7.171303927576964,4.892040047433394,,135.35613707940615
65d54b3b524fcafb543d1b23,forage_dynamic_delta_rise=0.5_fall=0.75,7.1547710034189835,4.7390461748338355,,133.7617651856878
65d54b3b524fcafb543d1b23,forage_dynamic_delta_rise=0.5_fall=1.0,6.980807904365628,4.457722750039651,,134.535127646338
65d54b3b524fcafb543d1b23,forage_dynamic_delta_rise=0.75_fall=0.0,7.407042957397042,5.321769039829928,,138.12757436968565
65d54b3b524fcafb543d1b23,forage_dynamic_delta_rise=0.75_fall=0.25,7.228694419784245,4.969450300842925,,138.19558286446747
65d54b3b524fcafb543d1b23,forage_dynamic_delta_rise=0.75_fall=0.5,7.228701389361801,4.969449138406972,,138.19558286448057
65d54b3b524fcafb543d1b23,forage_dynamic_delta_rise=0.75_fall=0.75,7.154768734185959,4.739046836929277,,133.76176518568934
65d54b3b524fcafb543d1b23,forage_dynamic_delta_rise=0.75_fall=1.0,6.9808079877269895,4.457722931486933,,134.5351276463387
65d54b3b524fcafb543d1b23,forage_dynamic_delta_rise=1.0_fall=0.0,7.510920019598345,5.66276187019713,,138.6164479240341
65d54b3b524fcafb543d1b23,forage_dynamic_delta_rise=1.0_fall=0.25,7.5109132077643,5.662765243691735,,138.61644792400932
65d54b3b524fcafb543d1b23,forage_dynamic_delta_rise=1.0_fall=0.5,7.51090897869678,5.662763078906232,,138.61644792401702
65d54b3b524fcafb543d1b23,forage_dynamic_delta_rise=1.0_fall=0.75,7.412465243326151,5.049974030765679,,134.46989149628877
65d54b3b524fcafb543d1b23,forage_dynamic_delta_rise=1.0_fall=1.0,7.194280551856417,4.67101638395709,,135.44861371279063
65d54b3b524fcafb543d1b23,forage_random_baseline,0.0,0.0,,175.33252057496875
65d6a09286a0c99e632a46dd,forage_dynamic_delta_rise=0.0_fall=0.0,8.06538376790274,3.8786811217290267,,187.00986160901186
65d6a09286a0c99e632a46dd,forage_dynamic_delta_rise=0.0_fall=0.25,7.938097550875505,3.8539644706402827,,186.25650328419508
65d6a09286a0c99e632a46dd,forage_dynamic_delta_rise=0.0_fall=0.5,7.8892726300430285,3.8707878555074444,,184.29002896382278
65d6a09286a0c99e632a46dd,forage_dynamic_delta_rise=0.0_fall=0.75,7.870412374227636,3.784848712222508,,183.45423400185763
65d6a09286a0c99e632a46dd,forage_dynamic_delta_rise=0.0_fall=1.0,7.756810427825858,3.7171412379356217,,182.20551372018141
65d6a09286a0c99e632a46dd,forage_dynamic_delta_rise=0.25_fall=0.0,8.079048636527304,3.8871634040686915,,187.6166782171793
65d6a09286a0c99e632a46dd,forage_dynamic_delta_rise=0.25_fall=0.25,7.952925880717436,3.859716621531409,,186.86522465456375
65d6a09286a0c99e632a46dd,forage_dynamic_delta_rise=0.25_fall=0.5,7.88927605501948,3.870790318473346,,184.29002896383076
65d6a09286a0c99e632a46dd,forage_dynamic_delta_rise=0.25_fall=0.75,7.870413768602385,3.7848495464060474,,183.45423400185413
65d6a09286a0c99e632a46dd,forage_dynamic_delta_rise=0.25_fall=1.0,7.756824144780257,3.7171420409641676,,182.20551372019204
65d6a09286a0c99e632a46dd,forage_dynamic_delta_rise=0.5_fall=0.0,8.050405948320861,3.8053569149459796,,188.8400729519518
65d6a09286a0c99e632a46dd,forage_dynamic_delta_rise=0.5_fall=0.25,7.928024394697208,3.783039536064095,,188.0813660240763
65d6a09286a0c99e632a46dd,forage_dynamic_delta_rise=0.5_fall=0.5,7.863658629981859,3.8102971152701137,,185.5076095982299
65d6a09286a0c99e632a46dd,forage_dynamic_delta_rise=0.5_fall=0.75,7.844827515905496,3.7268215770969166,,184.6574087300373
65d6a09286a0c99e632a46dd,forage_dynamic_delta_rise=0.5_fall=1.0,7.756824815800507,3.7171397714615666,,182.2055137201969
65d6a09286a0c99e632a46dd,forage_dynamic_delta_rise=0.75_fall=0.0,8.086910241968408,3.8012400322645963,,189.72220654282984
65d6a09286a0c99e632a46dd,forage_dynamic_delta_rise=0.75_fall=0.25,7.965630146673687,3.7760886032654715,,188.9669465679065
65d6a09286a0c99e632a46dd,forage_dynamic_delta_rise=0.75_fall=0.5,7.958004044358211,3.8399663870832876,,187.80553113435656
65d6a09286a0c99e632a46dd,forage_dynamic_delta_rise=0.75_fall=0.75,7.9580100683241115,3.8399691241974057,,187.80553113435465
65d6a09286a0c99e632a46dd,forage_dynamic_delta_rise=0.75_fall=1.0,7.7568107988268435,3.7171409615150726,,182.20551372018005
65d6a09286a0c99e632a46dd,forage_dynamic_delta_rise=1.0_fall=0.0,8.058330426402934,4.340717147025487,,191.97971566873142
65d6a09286a0c99e632a46dd,forage_dynamic_delta_rise=1.0_fall=0.25,7.933363892968702,4.222555004135352,,191.26602481436086
65d6a09286a0c99e632a46dd,forage_dynamic_delta_rise=1.0_fall=0.5,7.933364872595426,4.2225558269521475,,191.2660248143608
65d6a09286a0c99e632a46dd,forage_dynamic_delta_rise=1.0_fall=0.75,7.933372311858894,4.222554202574639,,191.2660248143848
65d6a09286a0c99e632a46dd,forage_dynamic_delta_rise=1.0_fall=1.0,7.7810224116634865,3.9590972055627907,,183.87630425498676
65d6a09286a0c99e632a46dd,forage_random_baseline,0.0,0.0,,236.31774512278403
65e1f75ab3efd22e847cfbf0,forage_dynamic_delta_rise=0.0_fall=0.0,8.794212671725889,3.513712916404491,,292.73853478494766
65e1f75ab3efd22e847cfbf0,forage_dynamic_delta_rise=0.0_fall=0.25,8.7671250358594,3.5239071232166888,,291.32748274848365
65e1f75ab3efd22e847cfbf0,forage_dynamic_delta_rise=0.0_fall=0.5,8.75412036540638,3.2775746766464535,,292.5798625764753
65e1f75ab3efd22e847cfbf0,forage_dynamic_delta_rise=0.0_fall=0.75,8.6482666889346,2.868549401566692,,295.01102724375454
65e1f75ab3efd22e847cfbf0,forage_dynamic_delta_rise=0.0_fall=1.0,8.616728306407355,2.8705506517500243,,294.58376158273416
65e1f75ab3efd22e847cfbf0,forage_dynamic_delta_rise=0.25_fall=0.0,8.830539151537337,3.642671305055926,,292.1702982526235
65e1f75ab3efd22e847cfbf0,forage_dynamic_delta_rise=0.25_fall=0.25,8.804382764634836,3.6425402293212445,,290.75833079946204
65e1f75ab3efd22e847cfbf0,forage_dynamic_delta_rise=0.25_fall=0.5,8.789119512173434,3.374221819948469,,292.12457108484335
65e1f75ab3efd22e847cfbf0,forage_dynamic_delta_rise=0.25_fall=0.75,8.676376919493993,2.9369264640164507,,294.71129769468035
65e1f75ab3efd22e847cfbf0,forage_dynamic_delta_rise=0.25_fall=1.0,8.644849131831814,2.9368220567991847,,294.2852071183255
65e1f75ab3efd22e847cfbf0,forage_dynamic_delta_rise=0.5_fall=0.0,8.842188846814743,3.809843635069484,,291.3232214900937
65e1f75ab3efd22e847cfbf0,forage_dynamic_delta_rise=0.5_fall=0.25,8.816884220568998,3.795087660729274,,289.91633742008764
65e1f75ab3efd22e847cfbf0,forage_dynamic_delta_rise=0.5_fall=0.5,8.802569696193645,3.5029291313363307,,291.43965052815173
65e1f75ab3efd22e847cfbf0,forage_dynamic_delta_rise=0.5_fall=0.75,8.685618026808735,2.976612074166477,,294.49989396128717
65e1f75ab3efd22e847cfbf0,forage_dynamic_delta_rise=0.5_fall=1.0,8.654045115833213,2.9752928290992187,,294.0744928125371
65e1f75ab3efd22e847cfbf0,forage_dynamic_delta_rise=0.75_fall=0.0,9.009896918612336,4.4562516193315185,,293.60670644535367
65e1f75ab3efd22e847cfbf0,forage_dynamic_delta_rise=0.75_fall=0.25,8.989712115905107,4.4721328837106515,,292.04923337014793
65e1f75ab3efd22e847cfbf0,forage_dynamic_delta_rise=0.75_fall=0.5,8.979249455432102,3.82987340867217,,294.28979862220507
65e1f75ab3efd22e847cfbf0,forage_dynamic_delta_rise=0.75_fall=0.75,8.900993562779433,3.4172339989751364,,294.9507847293179
65e1f75ab3efd22e847cfbf0,forage_dynamic_delta_rise=0.75_fall=1.0,8.869774240766766,3.3962555119613116,,294.55169172682594
65e1f75ab3efd22e847cfbf0,forage_dynamic_delta_rise=1.0_fall=0.0,9.01448955460274,5.484640726415897,,292.7743624895244
65e1f75ab3efd22e847cfbf0,forage_dynamic_delta_rise=1.0_fall=0.25,8.9895232141597,5.361995783921465,,291.28574124541484
65e1f75ab3efd22e847cfbf0,forage_dynamic_delta_rise=1.0_fall=0.5,8.98953490697519,5.361998752936813,,291.28574124543536
65e1f75ab3efd22e847cfbf0,forage_dynamic_delta_rise=1.0_fall=0.75,8.989543445890511,5.361998576028465,,291.28574124555655
65e1f75ab3efd22e847cfbf0,forage_dynamic_delta_rise=1.0_fall=1.0,8.95728691687199,5.124800901003922,,291.31885602579354
65e1f75ab3efd22e847cfbf0,forage_random_baseline,0.0,0.0,,381.15765342384486
65e358d9c5e3ee026268b2a7,forage_dynamic_delta_rise=0.0_fall=0.0,5.487056055214636,5.14567906523993,,200.67906632737325
65e358d9c5e3ee026268b2a7,forage_dynamic_delta_rise=0.0_fall=0.25,5.353992535976929,5.164043611674595,,194.42016329780867
65e358d9c5e3ee026268b2a7,forage_dynamic_delta_rise=0.0_fall=0.5,5.242005267504572,5.030578404742606,,193.70998082259575
65e358d9c5e3ee026268b2a7,forage_dynamic_delta_rise=0.0_fall=0.75,5.221378261104296,5.013121931174371,,192.4419437996289
65e358d9c5e3ee026268b2a7,forage_dynamic_delta_rise=0.0_fall=1.0,5.049201493032053,4.809308053435498,,193.18790410217824
65e358d9c5e3ee026268b2a7,forage_dynamic_delta_rise=0.25_fall=0.0,5.430568024840436,5.345718784528885,,204.63558397561974
65e358d9c5e3ee026268b2a7,forage_dynamic_delta_rise=0.25_fall=0.25,5.294803637722958,5.353192733508836,,195.9399894167448
65e358d9c5e3ee026268b2a7,forage_dynamic_delta_rise=0.25_fall=0.5,5.1987511907507935,5.138694470749021,,194.61833658907412
65e358d9c5e3ee026268b2a7,forage_dynamic_delta_rise=0.25_fall=0.75,5.180025844900519,5.114541194257615,,193.35931147329958
65e358d9c5e3ee026268b2a7,forage_dynamic_delta_rise=0.25_fall=1.0,5.013013414994495,4.886883138262441,,194.1906510690776
65e358d9c5e3ee026268b2a7,forage_dynamic_delta_rise=0.5_fall=0.0,5.425535273882239,5.398432157452394,,205.93512748121006
65e358d9c5e3ee026268b2a7,forage_dynamic_delta_rise=0.5_fall=0.25,5.290062752143159,5.3927396367509575,,197.23978824183072
65e358d9c5e3ee026268b2a7,forage_dynamic_delta_rise=0.5_fall=0.5,5.19615166027122,5.159879820592204,,195.9428745730821
65e358d9c5e3ee026268b2a7,forage_dynamic_delta_rise=0.5_fall=0.75,5.177907220976309,5.133409732449262,,194.68598767252473
65e358d9c5e3ee026268b2a7,forage_dynamic_delta_rise=0.5_fall=1.0,5.013039369959045,4.893665133678094,,195.53071327851444
65e358d9c5e3ee026268b2a7,forage_dynamic_delta_rise=0.75_fall=0.0,5.518654320527843,5.524395769210656,,206.27165431372825
65e358d9c5e3ee026268b2a7,forage_dynamic_delta_rise=0.75_fall=0.25,5.386620232017385,5.480521007924171,,197.60045172647935
65e358d9c5e3ee026268b2a7,forage_dynamic_delta_rise=0.75_fall=0.5,5.338077664922643,5.388664829739554,,197.09384463162752
65e358d9c5e3ee026268b2a7,forage_dynamic_delta_rise=0.75_fall=0.75,5.32303178433683,5.343629211853424,,195.87045952819608
65e358d9c5e3ee026268b2a7,forage_dynamic_delta_rise=0.75_fall=1.0,5.013035421909511,4.893664814899939,,195.53071327852996
65e358d9c5e3ee026268b2a7,forage_dynamic_delta_rise=1.0_fall=0.0,5.672416300112294,5.483822715518034,,214.23098733135393
65e358d9c5e3ee026268b2a7,forage_dynamic_delta_rise=1.0_fall=0.25,5.445434778909878,5.49114641358315,,199.25280986845846
65e358d9c5e3ee026268b2a7,forage_dynamic_delta_rise=1.0_fall=0.5,5.39649688844003,5.391704630736603,,198.75238307291488
65e358d9c5e3ee026268b2a7,forage_dynamic_delta_rise=1.0_fall=0.75,5.38144640470703,5.3437081509256945,,197.53070259094696
65e358d9c5e3ee026268b2a7,forage_dynamic_delta_rise=1.0_fall=1.0,5.013036648442193,4.8936650416644465,,195.5307132785229
65e358d9c5e3ee026268b2a7,forage_random_baseline,0.0,0.0,,259.18720432821476
65e862f844f1b7a803bb3c5a,forage_dynamic_delta_rise=0.0_fall=0.0,7.515839828738433,3.5380257940352084,,322.702300729061
65e862f844f1b7a803bb3c5a,forage_dynamic_delta_rise=0.0_fall=0.25,7.51583289965006,3.538025824398757,,322.7023007290872
65e862f844f1b7a803bb3c5a,forage_dynamic_delta_rise=0.0_fall=0.5,7.592209049922946,3.5297107373724215,,320.6635690190117
65e862f844f1b7a803bb3c5a,forage_dynamic_delta_rise=0.0_fall=0.75,7.5663302428723505,3.2775726107673644,,321.9203860712847
65e862f844f1b7a803bb3c5a,forage_dynamic_delta_rise=0.0_fall=1.0,7.6003277264913365,3.2165738571467632,,321.3758418600422
65e862f844f1b7a803bb3c5a,forage_dynamic_delta_rise=0.25_fall=0.0,7.514825835388469,3.4479256218566765,,324.72042507649746
65e862f844f1b7a803bb3c5a,forage_dynamic_delta_rise=0.25_fall=0.25,7.514832489071927,3.447924557633595,,324.7204250764541
65e862f844f1b7a803bb3c5a,forage_dynamic_delta_rise=0.25_fall=0.5,7.537096242350414,3.355829232794184,,324.73540345545064
65e862f844f1b7a803bb3c5a,forage_dynamic_delta_rise=0.25_fall=0.75,7.518602391851587,3.084373997444522,,325.8164557860756
65e862f844f1b7a803bb3c5a,forage_dynamic_delta_rise=0.25_fall=1.0,7.550253154388449,3.028037581747608,,325.23185188547484
65e862f844f1b7a803bb3c5a,forage_dynamic_delta_rise=0.5_fall=0.0,7.53530315607708,3.5054508101675443,,324.791437832091
65e862f844f1b7a803bb3c5a,forage_dynamic_delta_rise=0.5_fall=0.25,7.535307333419665,3.5054539742155133,,324.79143783211697
65e862f844f1b7a803bb3c5a,forage_dynamic_delta_rise=0.5_fall=0.5,7.557125642945276,3.4071930946984166,,324.82205113375613
65e862f844f1b7a803bb3c5a,forage_dynamic_delta_rise=0.5_fall=0.75,7.5434964192574805,3.323780375845064,,324.73004983964927
65e862f844f1b7a803bb3c5a,forage_dynamic_delta_rise=0.5_fall=1.0,7.577093664580863,3.2469449352371895,,324.19613784603155
65e862f844f1b7a803bb3c5a,forage_dynamic_delta_rise=0.75_fall=0.0,7.540643197115778,3.436202276026281,,325.98269139577934
65e862f844f1b7a803bb3c5a,forage_dynamic_delta_rise=0.75_fall=0.25,7.540643094956463,3.4362004640657156,,325.9826913957713
65e862f844f1b7a803bb3c5a,forage_dynamic_delta_rise=0.75_fall=0.5,7.562583238615914,3.336591137634416,,325.9924743656878
65e862f844f1b7a803bb3c5a,forage_dynamic_delta_rise=0.75_fall=0.75,7.549567479063223,3.253490409946043,,325.8822244421381
65e862f844f1b7a803bb3c5a,forage_dynamic_delta_rise=0.75_fall=1.0,7.582597480349221,3.1785578572245035,,325.3308222212992
65e862f844f1b7a803bb3c5a,forage_dynamic_delta_rise=1.0_fall=0.0,7.495721239243228,3.7558455130262325,,328.0510734173
65e862f844f1b7a803bb3c5a,forage_dynamic_delta_rise=1.0_fall=0.25,7.495713905306082,3.7558453064463357,,328.05107341734544
65e862f844f1b7a803bb3c5a,forage_dynamic_delta_rise=1.0_fall=0.5,7.5224100563592495,3.5935787877330654,,328.15353662295854
65e862f844f1b7a803bb3c5a,forage_dynamic_delta_rise=1.0_fall=0.75,7.506709179905176,3.494399758186208,,328.27470246519346
65e862f844f1b7a803bb3c5a,forage_dynamic_delta_rise=1.0_fall=1.0,7.54488604459762,3.367257663439381,,327.7827940099235
65e862f844f1b7a803bb3c5a,forage_random_baseline,0.0,0.0,,396.4039595607986
