SID,entry,timepoint
65d6a09286a0c99e632a46dd,cancer,0.0
65d6a09286a0c99e632a46dd,autism,2.3
65d6a09286a0c99e632a46dd,blindness,6.9
65d6a09286a0c99e632a46dd,deaf,0.0
65d6a09286a0c99e632a46dd,anorexia,16.3
65d6a09286a0c99e632a46dd,alcoholism,2.1
65d6a09286a0c99e632a46dd,diabetes,32.1
65d6a09286a0c99e632a46dd,arthritis,7.40000000000001
65d6a09286a0c99e632a46dd,infertility,13.0
65d6a09286a0c99e632a46dd,epilepsy,4.80000000000001
65c25cf77dca9d7ca7d9ebdb,asthma,0.0
65c25cf77dca9d7ca7d9ebdb,arthritis,0.0
65c25cf77dca9d7ca7d9ebdb,cancer,1.8
65c25cf77dca9d7ca7d9ebdb,leukemia,0.0
65c25cf77dca9d7ca7d9ebdb,osteoporosis,2.1
65c25cf77dca9d7ca7d9ebdb,tachycardia,3.7
65c25cf77dca9d7ca7d9ebdb,high blood pressure,1.1
65c25cf77dca9d7ca7d9ebdb,diabetes,2.3
65c25cf77dca9d7ca7d9ebdb,hernia,6.3
65c25cf77dca9d7ca7d9ebdb,infertile,5.6
65c25cf77dca9d7ca7d9ebdb,covid,7.8
65c25cf77dca9d7ca7d9ebdb,flu,1.0
65c25cf77dca9d7ca7d9ebdb,meningitis,3.7
65c25cf77dca9d7ca7d9ebdb,gonnorhea,1.0
65c25cf77dca9d7ca7d9ebdb,chlamydia,0.0
65c25cf77dca9d7ca7d9ebdb,hepatitis,0.5
65c25cf77dca9d7ca7d9ebdb,heart attack,6.8
65c25cf77dca9d7ca7d9ebdb,blood clot,0.0
65c25cf77dca9d7ca7d9ebdb,whooping cough,4.39999999999999
65c25cf77dca9d7ca7d9ebdb,pneumonia,0.0
65c25cf77dca9d7ca7d9ebdb,anxiety,3.39999999999999
65c25cf77dca9d7ca7d9ebdb,depression,0.0
65c25cf77dca9d7ca7d9ebdb,schizophrenia,1.39999999999999
65c25cf77dca9d7ca7d9ebdb,bipolar disorder,1.10000000000001
65c25cf77dca9d7ca7d9ebdb,amnesia,4.10000000000001
65c25cf77dca9d7ca7d9ebdb,alzheimers,0.0
65c25cf77dca9d7ca7d9ebdb,rabies,3.09999999999999
65c25cf77dca9d7ca7d9ebdb,fatty liver,12.7
65b15afd94153c1f50c92493,allergies,0.0
65b15afd94153c1f50c92493,cancer,6.7
65b15afd94153c1f50c92493,diabetes,1.4
65b15afd94153c1f50c92493,infertility,1.1
65b15afd94153c1f50c92493,heart attack,4.1
65b15afd94153c1f50c92493,asthma,12.3
65b15afd94153c1f50c92493,eczema,0.0
65b15afd94153c1f50c92493,migraine,1.3
65b15afd94153c1f50c92493,scoliosis,1.5
65b15afd94153c1f50c92493,hearing loss,2.0
65b15afd94153c1f50c92493,seizure,1.7
65b15afd94153c1f50c92493,anemia,2.3
65b15afd94153c1f50c92493,dehydration,15.5
65b15afd94153c1f50c92493,sunburn,1.39999999999999
65b15afd94153c1f50c92493,swelling,1.0
65b15afd94153c1f50c92493,bleeding,1.10000000000001
65b15afd94153c1f50c92493,toothache,1.2
65b15afd94153c1f50c92493,panic attack,0.0999999999999943
65b15afd94153c1f50c92493,constipation,1.59999999999999
65b15afd94153c1f50c92493,stroke,2.09999999999999
65b15afd94153c1f50c92493,disease,1.59999999999999
65b15afd94153c1f50c92493,down syndrome,11.8
65b15afd94153c1f50c92493,hypertension,7.7
65b15afd94153c1f50c92493,acne,1.40000000000001
65cb63e160bb47fbf9349269,pregnancy,0.0
65cb63e160bb47fbf9349269,diabetes,0.0
65cb63e160bb47fbf9349269,high blood pressure,0.0
65cb63e160bb47fbf9349269,high cholesterol,0.0
65cb63e160bb47fbf9349269,low blood pressure,0.0
65cb63e160bb47fbf9349269,low cholesterol,0.0
65cb63e160bb47fbf9349269,anemia,3.3
65cb63e160bb47fbf9349269,bulimia,1.6
65cb63e160bb47fbf9349269,blind,6.6
65cb63e160bb47fbf9349269,hard of hearing,0.800000000000001
65cb63e160bb47fbf9349269,cancer,7.4
65cb63e160bb47fbf9349269,dementia,0.0
65cb63e160bb47fbf9349269,alzheimer's,3.7
65cb63e160bb47fbf9349269,high thyroid conditions,6.0
65cb63e160bb47fbf9349269,heart defects,34.2
65cb63e160bb47fbf9349269,amputated limbs,2.5
65cb63e160bb47fbf9349269,migraines,10.6
65cb63e160bb47fbf9349269,vertigo,5.60000000000001
60d731567049e5132e3cc4d4,alopecia,0.0
60d731567049e5132e3cc4d4,type 1 diabetes,0.0
60d731567049e5132e3cc4d4,type 2 diabetes,0.0
60d731567049e5132e3cc4d4,cancer,0.0
60d731567049e5132e3cc4d4,heart attack,0.0
60d731567049e5132e3cc4d4,heart failure,0.0
60d731567049e5132e3cc4d4,anemia,0.0
60d731567049e5132e3cc4d4,high blood pressure,4.8
60d731567049e5132e3cc4d4,low blood pressure,0.0
60d731567049e5132e3cc4d4,high,1.2
60d731567049e5132e3cc4d4,cholesterol,0.0
60d731567049e5132e3cc4d4,cataracts,7.6
60d731567049e5132e3cc4d4,asthma,7.6
60d731567049e5132e3cc4d4,allergies,2.6
60d731567049e5132e3cc4d4,psoriasis,2.1
60d731567049e5132e3cc4d4,eczema,6.59999999999999
60d731567049e5132e3cc4d4,migraines,3.9
60d731567049e5132e3cc4d4,epilepsy,5.7
60d731567049e5132e3cc4d4,heartburn,23.3
60d731567049e5132e3cc4d4,indigestion,1.40000000000001
65e862f844f1b7a803bb3c5a,asthma,0.0
65e862f844f1b7a803bb3c5a,chicken pox,3.3
65e862f844f1b7a803bb3c5a,hiv-aids,3.1
65e862f844f1b7a803bb3c5a,influenza,0.0
65e862f844f1b7a803bb3c5a,measles,0.0
65e862f844f1b7a803bb3c5a,cold,1.6
65e862f844f1b7a803bb3c5a,meningitis,1.3
65e862f844f1b7a803bb3c5a,monkey pox,2.0
65e862f844f1b7a803bb3c5a,tuberculosis,8.4
65e862f844f1b7a803bb3c5a,hepatitis,1.4
65e862f844f1b7a803bb3c5a,high blood pressure,0.799999999999997
65e862f844f1b7a803bb3c5a,diabetes,0.0
65e862f844f1b7a803bb3c5a,ovarian cancer,2.3
65e862f844f1b7a803bb3c5a,leukemia,0.0
65e862f844f1b7a803bb3c5a,whooping cough,0.0
65e862f844f1b7a803bb3c5a,malaria,3.40000000000001
65e862f844f1b7a803bb3c5a,rabies,0.0
65e862f844f1b7a803bb3c5a,q fever,2.40000000000001
65e862f844f1b7a803bb3c5a,heart disease,10.5
65e862f844f1b7a803bb3c5a,arthritis,0.0
65e862f844f1b7a803bb3c5a,stroke,0.0
65e862f844f1b7a803bb3c5a,kidney failure,7.59999999999999
65e862f844f1b7a803bb3c5a,epilepsy,3.90000000000001
65e862f844f1b7a803bb3c5a,dementia,1.89999999999999
65e862f844f1b7a803bb3c5a,parkinson's disease,1.3
65e862f844f1b7a803bb3c5a,bipolar disorder,1.3
65e862f844f1b7a803bb3c5a,food allergy,5.8
65d54b3b524fcafb543d1b23,multiple sclerosis,0.0
65d54b3b524fcafb543d1b23,heart attack,3.2
65d54b3b524fcafb543d1b23,heart disease,0.0
65d54b3b524fcafb543d1b23,pulmonary embolism,4.3
65d54b3b524fcafb543d1b23,atrial fibrillation,2.0
65d54b3b524fcafb543d1b23,parkinson's disease,4.2
65d54b3b524fcafb543d1b23,amnesia,15.0
65d54b3b524fcafb543d1b23,glaucoma,19.2
65d54b3b524fcafb543d1b23,aspasia,3.90000000000001
65d54b3b524fcafb543d1b23,anxiety,26.1
65d54b3b524fcafb543d1b23,depression,0.0
65d54b3b524fcafb543d1b23,schizophrenia,3.7
65d54b3b524fcafb543d1b23,schizophrenic,0.0
65d54b3b524fcafb543d1b23,bipolar disorder,3.3
5f5aa60bef062519ff711fe6,dementia,0.0
5f5aa60bef062519ff711fe6,cervical cancer,4.9
5f5aa60bef062519ff711fe6,rectal cancer,2.2
5f5aa60bef062519ff711fe6,cancer,1.6
5f5aa60bef062519ff711fe6,osteoporosis,3.2
5f5aa60bef062519ff711fe6,rheumatoid,2.6
5f5aa60bef062519ff711fe6,rheumatoid arthritis,0.0
5f5aa60bef062519ff711fe6,plantars fasciitis,5.1
5f5aa60bef062519ff711fe6,fasciitis,-0.100000000000001
5f5aa60bef062519ff711fe6,bipolar disorder,1.5
5f5aa60bef062519ff711fe6,parkinson's,14.4
5f5aa60bef062519ff711fe6,hodgkin's lymphoma,3.40000000000001
5f5aa60bef062519ff711fe6,autism,18.7
5f5aa60bef062519ff711fe6,sickle cell anemia,5.40000000000001
5f5aa60bef062519ff711fe6,diarrhea,11.9
5f5aa60bef062519ff711fe6,constipation,0.0
5f5aa60bef062519ff711fe6,hemorrhaging,2.8
5f5aa60bef062519ff711fe6,aneurysm,3.59999999999999
5f5aa60bef062519ff711fe6,blood clotting,3.10000000000001
63e802622f8052bd67d6c5f0,cancer,0.0
63e802622f8052bd67d6c5f0,allergies,0.0
63e802622f8052bd67d6c5f0,down syndrome,4.5
63e802622f8052bd67d6c5f0,autism,0.0
63e802622f8052bd67d6c5f0,dementia,6.6
63e802622f8052bd67d6c5f0,diabetes,3.8
63e802622f8052bd67d6c5f0,depression,18.4
63e802622f8052bd67d6c5f0,anxiety,0.0
63e802622f8052bd67d6c5f0,asthma,65.4
60a48adfe091e410f4eaba34,asthma,0.0
60a48adfe091e410f4eaba34,lymphedema,2.3
60a48adfe091e410f4eaba34,diabetes,1.4
60a48adfe091e410f4eaba34,alzheimer's,6.2
60a48adfe091e410f4eaba34,parkinson's,0.0
60a48adfe091e410f4eaba34,depression,1.6
60a48adfe091e410f4eaba34,anxiety,0.0
60a48adfe091e410f4eaba34,anemia,9.0
60a48adfe091e410f4eaba34,high cholesterol,10.9
60a48adfe091e410f4eaba34,high blood pressure,0.0
60a48adfe091e410f4eaba34,obesity,5.90000000000001
60a48adfe091e410f4eaba34,epilepsy,11.0
60a48adfe091e410f4eaba34,kidney disease,13.5
60a48adfe091e410f4eaba34,liver disease,1.59999999999999
60a48adfe091e410f4eaba34,cancer,0.0
60a48adfe091e410f4eaba34,gonorrhea,3.3
60a48adfe091e410f4eaba34,herpes,0.0
60a48adfe091e410f4eaba34,meningitis,7.0
65e1f75ab3efd22e847cfbf0,diabetes,0.0
65e1f75ab3efd22e847cfbf0,lung cancer,1.4
65e1f75ab3efd22e847cfbf0,breast cancer,0.0
65e1f75ab3efd22e847cfbf0,uterine cancer,0.0
65e1f75ab3efd22e847cfbf0,lupus,5.3
65e1f75ab3efd22e847cfbf0,lymphedema,0.0
65e1f75ab3efd22e847cfbf0,bipolar,2.6
65e1f75ab3efd22e847cfbf0,schizophrenia,1.4
65e1f75ab3efd22e847cfbf0,acute gastritis,1.0
65e1f75ab3efd22e847cfbf0,chronic gastritis,0.0
65e1f75ab3efd22e847cfbf0,diverticulosis,0.0
65e1f75ab3efd22e847cfbf0,diverticulitis,0.0
65e1f75ab3efd22e847cfbf0,mouth cancer,4.5
65e1f75ab3efd22e847cfbf0,gout,2.1
65e1f75ab3efd22e847cfbf0,edema,0.0
65e1f75ab3efd22e847cfbf0,tumor,8.2
65e1f75ab3efd22e847cfbf0,leukemia,11.1
65e1f75ab3efd22e847cfbf0,lymphoma,1.3
65e1f75ab3efd22e847cfbf0,skin cancer,2.7
65e1f75ab3efd22e847cfbf0,keratosis pilaris,2.7
65e1f75ab3efd22e847cfbf0,pyloric stenosis,0.0
65e1f75ab3efd22e847cfbf0,endometriosis,2.2
65e1f75ab3efd22e847cfbf0,adenomyosis,0.0
65e1f75ab3efd22e847cfbf0,anxiety,3.59999999999999
65e1f75ab3efd22e847cfbf0,asthma,0.0
65e1f75ab3efd22e847cfbf0,pregnancy,4.89999999999999
65e1f75ab3efd22e847cfbf0,pancreatic cancer,14.8
65e1f75ab3efd22e847cfbf0,colon cancer,2.5
65cc19b4b3d48a22dfc6756d,covid,0.0
65cc19b4b3d48a22dfc6756d,cancer,0.0
65cc19b4b3d48a22dfc6756d,pregnant,16.9
65cc19b4b3d48a22dfc6756d,endometriosis,6.4
65cc19b4b3d48a22dfc6756d,common cold,6.5
65cc19b4b3d48a22dfc6756d,tetanus,3.2
65cc19b4b3d48a22dfc6756d,alzheimer's,11.4
65cc19b4b3d48a22dfc6756d,dementia,0.0
65cc19b4b3d48a22dfc6756d,rabies,13.7
65cc19b4b3d48a22dfc6756d,hypothermia,38.7
65cc19b4b3d48a22dfc6756d,pneumonia,4.90000000000001
65e358d9c5e3ee026268b2a7,pulmonary diseases,0.0
65e358d9c5e3ee026268b2a7,pulmonary fibrosis,0.0
65e358d9c5e3ee026268b2a7,cystic fibrosis,0.0
65e358d9c5e3ee026268b2a7,chronic obstructive pulmonary disorder,0.0
65e358d9c5e3ee026268b2a7,interstitial lung disease,0.9
65e358d9c5e3ee026268b2a7,pulmonary arterial hypertension,3.8
65e358d9c5e3ee026268b2a7,regular pulmonary hypertension,1.1
65e358d9c5e3ee026268b2a7,asthma,1.3
65e358d9c5e3ee026268b2a7,covid,2.8
65e358d9c5e3ee026268b2a7,persistent pneumonia,3.0
65e358d9c5e3ee026268b2a7,obesity,9.5
65e358d9c5e3ee026268b2a7,diabetes,2.0
65e358d9c5e3ee026268b2a7,heart disease,2.6
65e358d9c5e3ee026268b2a7,heart attacks,3.0
65e358d9c5e3ee026268b2a7,strokes,0.0
65e358d9c5e3ee026268b2a7,anemia,5.8
65e358d9c5e3ee026268b2a7,sickle cell,1.10000000000001
65e358d9c5e3ee026268b2a7,cancer,0.0
65e358d9c5e3ee026268b2a7,types of cancers,1.40000000000001
65e358d9c5e3ee026268b2a7,anorexia,7.2
65e358d9c5e3ee026268b2a7,multiple sclerosis,14.9
65e358d9c5e3ee026268b2a7,osteoporosis,6.2
65e358d9c5e3ee026268b2a7,arthritis,0.0
5d7ff4aa50fda7001a863736,diabetes,0.0
5d7ff4aa50fda7001a863736,autism,11.3
5d7ff4aa50fda7001a863736,tuberculosis,2.6
5d7ff4aa50fda7001a863736,bronchitis,2.4
5d7ff4aa50fda7001a863736,anemia,7.3
5d7ff4aa50fda7001a863736,depression,0.0
5d7ff4aa50fda7001a863736,lyme's disease,9.2
5d7ff4aa50fda7001a863736,lupus,3.8
5d7ff4aa50fda7001a863736,endometriosis,0.0
5d7ff4aa50fda7001a863736,huntington's disease,8.5
5d7ff4aa50fda7001a863736,cancer,13.4
5d7ff4aa50fda7001a863736,breast cancer,0.0
5d7ff4aa50fda7001a863736,lung cancer,1.60000000000001
5d7ff4aa50fda7001a863736,down syndrome,6.8
5d7ff4aa50fda7001a863736,arthritis,4.90000000000001
5d7ff4aa50fda7001a863736,cystic acne,12.5
5d7ff4aa50fda7001a863736,lymphoma,5.5
63ea4ab1ce4168cbe9f63775,hernia,0.0
63ea4ab1ce4168cbe9f63775,broken bone,2.1
63ea4ab1ce4168cbe9f63775,infection,2.1
63ea4ab1ce4168cbe9f63775,diabetes,1.7
63ea4ab1ce4168cbe9f63775,depression,1.3
63ea4ab1ce4168cbe9f63775,rash,2.5
63ea4ab1ce4168cbe9f63775,common cold,3.8
63ea4ab1ce4168cbe9f63775,norovirus,1.9
63ea4ab1ce4168cbe9f63775,coronavirus,1.3
63ea4ab1ce4168cbe9f63775,rhinovirus,0.0
63ea4ab1ce4168cbe9f63775,prediabetes,2.4
63ea4ab1ce4168cbe9f63775,high blood pressure,5.7
63ea4ab1ce4168cbe9f63775,torn ligament,4.4
63ea4ab1ce4168cbe9f63775,strained tendon,0.899999999999999
63ea4ab1ce4168cbe9f63775,bruise,1.8
63ea4ab1ce4168cbe9f63775,collapsed lung,1.19999999999999
63ea4ab1ce4168cbe9f63775,chronic pain,4.0
63ea4ab1ce4168cbe9f63775,stiff joints,5.89999999999999
63ea4ab1ce4168cbe9f63775,shingles,1.60000000000001
63ea4ab1ce4168cbe9f63775,chicken pox,1.40000000000001
63ea4ab1ce4168cbe9f63775,hepatitis,2.09999999999999
63ea4ab1ce4168cbe9f63775,gonorrhea,3.3
