SID,entry
5d7ff4aa50fda7001a863736,painting
5d7ff4aa50fda7001a863736,drawing
5d7ff4aa50fda7001a863736,reading
5d7ff4aa50fda7001a863736,video games
5d7ff4aa50fda7001a863736,i'm
5d7ff4aa50fda7001a863736,hiking
5d7ff4aa50fda7001a863736,dancing
5d7ff4aa50fda7001a863736,skating
5d7ff4aa50fda7001a863736,roller skating
5d7ff4aa50fda7001a863736,skateboarding
5d7ff4aa50fda7001a863736,running
5d7ff4aa50fda7001a863736,cooking
5d7ff4aa50fda7001a863736,baking
5d7ff4aa50fda7001a863736,playing an instrument 
5d7ff4aa50fda7001a863736,basketball
5d7ff4aa50fda7001a863736,soccer
5d7ff4aa50fda7001a863736,football
5d7ff4aa50fda7001a863736,volleyball
5d7ff4aa50fda7001a863736,fishing
5d7ff4aa50fda7001a863736,swimming
5d7ff4aa50fda7001a863736,surfing
5d7ff4aa50fda7001a863736,writing
5d7ff4aa50fda7001a863736,cycling
5d7ff4aa50fda7001a863736,singing
5d7ff4aa50fda7001a863736,watching
5d7ff4aa50fda7001a863736,journaling
5d7ff4aa50fda7001a863736,gardening
5d7ff4aa50fda7001a863736,hunting
5d7ff4aa50fda7001a863736,martial arts
5d7ff4aa50fda7001a863736,sewing
5d7ff4aa50fda7001a863736,knitting
5d7ff4aa50fda7001a863736,crocheting
65e358d9c5e3ee026268b2a7,volleyball
65e358d9c5e3ee026268b2a7,basketball
65e358d9c5e3ee026268b2a7,football
65e358d9c5e3ee026268b2a7,tennis
65e358d9c5e3ee026268b2a7,baseball
65e358d9c5e3ee026268b2a7,rugby
65e358d9c5e3ee026268b2a7,track and field
65e358d9c5e3ee026268b2a7,cross-country
65e358d9c5e3ee026268b2a7,ballet
65e358d9c5e3ee026268b2a7,gymnastics
65e358d9c5e3ee026268b2a7,reading-writing
65e358d9c5e3ee026268b2a7,hiking
65e358d9c5e3ee026268b2a7,meditating
65e358d9c5e3ee026268b2a7,yoga
65e358d9c5e3ee026268b2a7,exercise
65e358d9c5e3ee026268b2a7,gym
65e358d9c5e3ee026268b2a7,powerlifting
65e358d9c5e3ee026268b2a7,strength training
65e358d9c5e3ee026268b2a7,cardio
65e358d9c5e3ee026268b2a7,swimming
65e358d9c5e3ee026268b2a7,knitting
65e358d9c5e3ee026268b2a7,crocheting
65e358d9c5e3ee026268b2a7,bicycling
65e358d9c5e3ee026268b2a7,bicycling on roadways
65e358d9c5e3ee026268b2a7,mountain biking
65e358d9c5e3ee026268b2a7,sleeping
65e358d9c5e3ee026268b2a7,being an entrepreneur
65e358d9c5e3ee026268b2a7,having a business
65e358d9c5e3ee026268b2a7,vacationing
65e358d9c5e3ee026268b2a7,building model train sets
65e358d9c5e3ee026268b2a7,building lego sets
65e358d9c5e3ee026268b2a7,collecting things
65e358d9c5e3ee026268b2a7,rock collections
65e358d9c5e3ee026268b2a7,volunteering at animal shelters
65e358d9c5e3ee026268b2a7,volunteering at homeless shelters
65e358d9c5e3ee026268b2a7,taking online surveys
65e358d9c5e3ee026268b2a7,playing online games
65e358d9c5e3ee026268b2a7,video games
65e358d9c5e3ee026268b2a7,pc games
60d731567049e5132e3cc4d4,knitting
60d731567049e5132e3cc4d4,and
60d731567049e5132e3cc4d4,crocheting
60d731567049e5132e3cc4d4,embroidering
60d731567049e5132e3cc4d4,sewing
60d731567049e5132e3cc4d4,running
60d731567049e5132e3cc4d4,hiking
60d731567049e5132e3cc4d4,fishing
60d731567049e5132e3cc4d4,camping
60d731567049e5132e3cc4d4,canoeing
60d731567049e5132e3cc4d4,kayaking
60d731567049e5132e3cc4d4,basketball
60d731567049e5132e3cc4d4,volleyball
60d731567049e5132e3cc4d4,baseball
60d731567049e5132e3cc4d4,softball
60d731567049e5132e3cc4d4,football
60d731567049e5132e3cc4d4,soccer
60d731567049e5132e3cc4d4,kickball
60d731567049e5132e3cc4d4,badminton
60d731567049e5132e3cc4d4,tennis
60d731567049e5132e3cc4d4,writing
60d731567049e5132e3cc4d4,reading
60d731567049e5132e3cc4d4,cooking
60d731567049e5132e3cc4d4,baking
60d731567049e5132e3cc4d4,sketching
60d731567049e5132e3cc4d4,painting
60d731567049e5132e3cc4d4,pottery making
60d731567049e5132e3cc4d4,jewelry making
60d731567049e5132e3cc4d4,thrifting
60d731567049e5132e3cc4d4,walking
60d731567049e5132e3cc4d4,traveling
60d731567049e5132e3cc4d4,skiing
60d731567049e5132e3cc4d4,swimming
60d731567049e5132e3cc4d4,diving
60d731567049e5132e3cc4d4,gardening
60d731567049e5132e3cc4d4,auto repair
60d731567049e5132e3cc4d4,stamp collecting
60d731567049e5132e3cc4d4,coin collecting
60d731567049e5132e3cc4d4,listening to music
60d731567049e5132e3cc4d4,playing guitar
60d731567049e5132e3cc4d4,playing the drums
60d731567049e5132e3cc4d4,singing
60d731567049e5132e3cc4d4,dancing
63ea4ab1ce4168cbe9f63775,watching sports
63ea4ab1ce4168cbe9f63775,woodworking
63ea4ab1ce4168cbe9f63775,running
63ea4ab1ce4168cbe9f63775,collecting baseball cards
63ea4ab1ce4168cbe9f63775,side business
63ea4ab1ce4168cbe9f63775,cooking
63ea4ab1ce4168cbe9f63775,baking
63ea4ab1ce4168cbe9f63775,arts and crafts
63ea4ab1ce4168cbe9f63775,watching movies
63ea4ab1ce4168cbe9f63775,creative writing
63ea4ab1ce4168cbe9f63775,poetry
63ea4ab1ce4168cbe9f63775,traveling
63ea4ab1ce4168cbe9f63775,going to different restaurants
63ea4ab1ce4168cbe9f63775,bird watching
63ea4ab1ce4168cbe9f63775,fishing
63ea4ab1ce4168cbe9f63775,hunting
63ea4ab1ce4168cbe9f63775,kayaking
63ea4ab1ce4168cbe9f63775,walking
63ea4ab1ce4168cbe9f63775,volunteering
63ea4ab1ce4168cbe9f63775,reading
63ea4ab1ce4168cbe9f63775,taking classes
63ea4ab1ce4168cbe9f63775,learning
63ea4ab1ce4168cbe9f63775,working on cars
63ea4ab1ce4168cbe9f63775,driving
63ea4ab1ce4168cbe9f63775,building legos
63ea4ab1ce4168cbe9f63775,collecting toys
65e862f844f1b7a803bb3c5a,football
65e862f844f1b7a803bb3c5a,fencing
65e862f844f1b7a803bb3c5a,hiking
65e862f844f1b7a803bb3c5a,dancing
65e862f844f1b7a803bb3c5a,bowling
65e862f844f1b7a803bb3c5a,calligraphy
65e862f844f1b7a803bb3c5a,drawing
65e862f844f1b7a803bb3c5a,blogging
65e862f844f1b7a803bb3c5a,baking
65e862f844f1b7a803bb3c5a,mountain climbing
65e862f844f1b7a803bb3c5a,skating
65e862f844f1b7a803bb3c5a,origami
65e862f844f1b7a803bb3c5a,gardening
65e862f844f1b7a803bb3c5a,scrapbooking
65e862f844f1b7a803bb3c5a,fishing
65e862f844f1b7a803bb3c5a,chess
65e862f844f1b7a803bb3c5a,music
65e862f844f1b7a803bb3c5a,photography
65e862f844f1b7a803bb3c5a,kayaking
65e862f844f1b7a803bb3c5a,running
65e862f844f1b7a803bb3c5a,camping
65e862f844f1b7a803bb3c5a,card games
65e862f844f1b7a803bb3c5a,sleeping
65e862f844f1b7a803bb3c5a,driving
65e862f844f1b7a803bb3c5a,sightseeing
65e862f844f1b7a803bb3c5a,soccer
65e862f844f1b7a803bb3c5a,basketball
65e862f844f1b7a803bb3c5a,darts
65e862f844f1b7a803bb3c5a,ice hockey
65e862f844f1b7a803bb3c5a,gymnastics
65e862f844f1b7a803bb3c5a,fencing
65e862f844f1b7a803bb3c5a,horse racing
65e862f844f1b7a803bb3c5a,skiing
5f5aa60bef062519ff711fe6,knitting
5f5aa60bef062519ff711fe6,crocheting
5f5aa60bef062519ff711fe6,gaming
5f5aa60bef062519ff711fe6,racing
5f5aa60bef062519ff711fe6,running
5f5aa60bef062519ff711fe6,swimming
5f5aa60bef062519ff711fe6,bird watching
5f5aa60bef062519ff711fe6,hiking
5f5aa60bef062519ff711fe6,climbing
5f5aa60bef062519ff711fe6,skydiving
5f5aa60bef062519ff711fe6,flying a plane
5f5aa60bef062519ff711fe6,collecting
5f5aa60bef062519ff711fe6,drawing
5f5aa60bef062519ff711fe6,creating
5f5aa60bef062519ff711fe6,playing sports
5f5aa60bef062519ff711fe6,baseball
5f5aa60bef062519ff711fe6,hockey
5f5aa60bef062519ff711fe6,basketball
5f5aa60bef062519ff711fe6,football
5f5aa60bef062519ff711fe6,soccer
5f5aa60bef062519ff711fe6,3d printing
5f5aa60bef062519ff711fe6,studying
65b15afd94153c1f50c92493,painting
65b15afd94153c1f50c92493,drawing
65b15afd94153c1f50c92493,skating
65b15afd94153c1f50c92493,reading
65b15afd94153c1f50c92493,writing
65b15afd94153c1f50c92493,crochet
65b15afd94153c1f50c92493,sewing
65b15afd94153c1f50c92493,coloring
65b15afd94153c1f50c92493,fishing
65b15afd94153c1f50c92493,camping
65b15afd94153c1f50c92493,driving
65b15afd94153c1f50c92493,collecting
65b15afd94153c1f50c92493,hit music
65e1f75ab3efd22e847cfbf0,reading
65e1f75ab3efd22e847cfbf0,writing
65e1f75ab3efd22e847cfbf0,video games
65e1f75ab3efd22e847cfbf0,working out
65e1f75ab3efd22e847cfbf0,painting
65e1f75ab3efd22e847cfbf0,dance
65e1f75ab3efd22e847cfbf0,drawing
65e1f75ab3efd22e847cfbf0,pottery
65e1f75ab3efd22e847cfbf0,knitting
65e1f75ab3efd22e847cfbf0,photography
65e1f75ab3efd22e847cfbf0,sewing
65e1f75ab3efd22e847cfbf0,gardening
65e1f75ab3efd22e847cfbf0,learning
65e1f75ab3efd22e847cfbf0,cooking
65e1f75ab3efd22e847cfbf0,singing
65e1f75ab3efd22e847cfbf0,video games
65e1f75ab3efd22e847cfbf0,backpacking
65e1f75ab3efd22e847cfbf0,running
65e1f75ab3efd22e847cfbf0,hunting
65e1f75ab3efd22e847cfbf0,soccer
65e1f75ab3efd22e847cfbf0,yoga
65e1f75ab3efd22e847cfbf0,golf
65e1f75ab3efd22e847cfbf0,walking
65e1f75ab3efd22e847cfbf0,basketball
65e1f75ab3efd22e847cfbf0,pilates
65e1f75ab3efd22e847cfbf0,swimming
65e1f75ab3efd22e847cfbf0,football
65e1f75ab3efd22e847cfbf0,bowling
65e1f75ab3efd22e847cfbf0,hockey
65e1f75ab3efd22e847cfbf0,surfing
65e1f75ab3efd22e847cfbf0,tennis
65e1f75ab3efd22e847cfbf0,baseball
65e1f75ab3efd22e847cfbf0,dancing
65e1f75ab3efd22e847cfbf0,karate
65e1f75ab3efd22e847cfbf0,cheerleading
65e1f75ab3efd22e847cfbf0,waterskiing
65e1f75ab3efd22e847cfbf0,weightlifting
65e1f75ab3efd22e847cfbf0,boxing
65e1f75ab3efd22e847cfbf0,board games
65e1f75ab3efd22e847cfbf0,running track
65e1f75ab3efd22e847cfbf0,oil painting
65e1f75ab3efd22e847cfbf0,doodling
65e1f75ab3efd22e847cfbf0,sculpture
65e1f75ab3efd22e847cfbf0,wood
65e1f75ab3efd22e847cfbf0,burning
65e1f75ab3efd22e847cfbf0,last
65e1f75ab3efd22e847cfbf0,painting
65e1f75ab3efd22e847cfbf0,calligraphy
65e1f75ab3efd22e847cfbf0,candle making
65e1f75ab3efd22e847cfbf0,stargazing
65e1f75ab3efd22e847cfbf0,poetry writing
65e1f75ab3efd22e847cfbf0,jewelry making
65e1f75ab3efd22e847cfbf0,crochet
65e1f75ab3efd22e847cfbf0,quilting
65e1f75ab3efd22e847cfbf0,acting
63e802622f8052bd67d6c5f0,fishing
63e802622f8052bd67d6c5f0,bicycling
63e802622f8052bd67d6c5f0,running
63e802622f8052bd67d6c5f0,gaming
63e802622f8052bd67d6c5f0,reading
63e802622f8052bd67d6c5f0,walking
63e802622f8052bd67d6c5f0,biking
63e802622f8052bd67d6c5f0,skateboarding
63e802622f8052bd67d6c5f0,rollerblading
63e802622f8052bd67d6c5f0,ice skating
63e802622f8052bd67d6c5f0,football
63e802622f8052bd67d6c5f0,basketball
63e802622f8052bd67d6c5f0,baseball
63e802622f8052bd67d6c5f0,hockey
63e802622f8052bd67d6c5f0,sightseeing
63e802622f8052bd67d6c5f0,running
63e802622f8052bd67d6c5f0,bowling
63e802622f8052bd67d6c5f0,racing
65cc19b4b3d48a22dfc6756d,draawinf
65cc19b4b3d48a22dfc6756d,painting
65cc19b4b3d48a22dfc6756d,sculpting
65cc19b4b3d48a22dfc6756d,gardening
65cc19b4b3d48a22dfc6756d,diy projects
65cc19b4b3d48a22dfc6756d,thrifting
65cc19b4b3d48a22dfc6756d,bird watching
65cc19b4b3d48a22dfc6756d,puzzle making
65cc19b4b3d48a22dfc6756d,hiking
65cc19b4b3d48a22dfc6756d,playing video games
65cc19b4b3d48a22dfc6756d,sewing
65cc19b4b3d48a22dfc6756d,knitting
65cc19b4b3d48a22dfc6756d,cooking
65cb63e160bb47fbf9349269,cooking
65cb63e160bb47fbf9349269,baking
65cb63e160bb47fbf9349269,painting
65cb63e160bb47fbf9349269,drawing
65cb63e160bb47fbf9349269,bicycling
65cb63e160bb47fbf9349269,swimming
65cb63e160bb47fbf9349269,playing basketball
65cb63e160bb47fbf9349269,playing baseball
65cb63e160bb47fbf9349269,playing football
65cb63e160bb47fbf9349269,cars
65cb63e160bb47fbf9349269,playing video games
65cb63e160bb47fbf9349269,working on computers
65cb63e160bb47fbf9349269,seamstress
65cb63e160bb47fbf9349269,reading
65cb63e160bb47fbf9349269,writing
65cb63e160bb47fbf9349269,makeup artistry
65cb63e160bb47fbf9349269,gardening
65cb63e160bb47fbf9349269,jogging
65cb63e160bb47fbf9349269,running
65cb63e160bb47fbf9349269,playing instruments
65cb63e160bb47fbf9349269,listening to music
65cb63e160bb47fbf9349269,watching movies
65cb63e160bb47fbf9349269,watching
65cb63e160bb47fbf9349269,listen to podcast
65cb63e160bb47fbf9349269,playing board games
65cb63e160bb47fbf9349269,collecting cards
65d6a09286a0c99e632a46dd,sports
65d6a09286a0c99e632a46dd,walking
65d6a09286a0c99e632a46dd,running
65d6a09286a0c99e632a46dd,working out
65d6a09286a0c99e632a46dd,planner
65d6a09286a0c99e632a46dd,phone
65d6a09286a0c99e632a46dd,gamble
65d6a09286a0c99e632a46dd,travel
65d6a09286a0c99e632a46dd,hang out with friends
65d6a09286a0c99e632a46dd,camping
65d6a09286a0c99e632a46dd,go to movies
65d6a09286a0c99e632a46dd,skating rink
65d6a09286a0c99e632a46dd,sports games
65d6a09286a0c99e632a46dd,have family outings
65d6a09286a0c99e632a46dd,play cornhole
65d6a09286a0c99e632a46dd,horseshoes
65d6a09286a0c99e632a46dd,card games
65d6a09286a0c99e632a46dd,collect stuff
65d6a09286a0c99e632a46dd,binge tv shows
65d6a09286a0c99e632a46dd,try new foods
65d6a09286a0c99e632a46dd,restaurants
65d6a09286a0c99e632a46dd,volunteer
65d54b3b524fcafb543d1b23,crocheting
65d54b3b524fcafb543d1b23,running
65d54b3b524fcafb543d1b23,cleaning
65d54b3b524fcafb543d1b23,reading
65d54b3b524fcafb543d1b23,hang out with friends
65d54b3b524fcafb543d1b23,cooking
65d54b3b524fcafb543d1b23,baking
65d54b3b524fcafb543d1b23,eating
65d54b3b524fcafb543d1b23,traveling
65d54b3b524fcafb543d1b23,collecting items
65d54b3b524fcafb543d1b23,knitting
65d54b3b524fcafb543d1b23,playing basketball
65d54b3b524fcafb543d1b23,playing sports
65d54b3b524fcafb543d1b23,swimming
65d54b3b524fcafb543d1b23,hiking
65d54b3b524fcafb543d1b23,walking
65d54b3b524fcafb543d1b23,exercising
65c25cf77dca9d7ca7d9ebdb,reading
65c25cf77dca9d7ca7d9ebdb,listening to music
65c25cf77dca9d7ca7d9ebdb,running
65c25cf77dca9d7ca7d9ebdb,walking
65c25cf77dca9d7ca7d9ebdb,knitting
65c25cf77dca9d7ca7d9ebdb,racing
65c25cf77dca9d7ca7d9ebdb,watching
65c25cf77dca9d7ca7d9ebdb,fishing
65c25cf77dca9d7ca7d9ebdb,swinging
65c25cf77dca9d7ca7d9ebdb,camping
65c25cf77dca9d7ca7d9ebdb,hiking
65c25cf77dca9d7ca7d9ebdb,exercising
65c25cf77dca9d7ca7d9ebdb,watching movies
65c25cf77dca9d7ca7d9ebdb,watching tv shows
65c25cf77dca9d7ca7d9ebdb,drawing
65c25cf77dca9d7ca7d9ebdb,carpentry
65c25cf77dca9d7ca7d9ebdb,clay molding
65c25cf77dca9d7ca7d9ebdb,social media
65c25cf77dca9d7ca7d9ebdb,play instruments
65c25cf77dca9d7ca7d9ebdb,shopping
65c25cf77dca9d7ca7d9ebdb,scuba diving
60a48adfe091e410f4eaba34,playing games
60a48adfe091e410f4eaba34,watching movies
60a48adfe091e410f4eaba34,sewing
60a48adfe091e410f4eaba34,woodworking
60a48adfe091e410f4eaba34,knitting
60a48adfe091e410f4eaba34,playing an instrument
60a48adfe091e410f4eaba34,making clothes
60a48adfe091e410f4eaba34,taking care of animals
60a48adfe091e410f4eaba34,playing sports
60a48adfe091e410f4eaba34,taxidermy
60a48adfe091e410f4eaba34,listen to music
60a48adfe091e410f4eaba34,writing screenplays
60a48adfe091e410f4eaba34,baking tools
