SID,entry
65c25cf77dca9d7ca7d9ebdb,microwaves
65c25cf77dca9d7ca7d9ebdb,fridge
65c25cf77dca9d7ca7d9ebdb,freezer
65c25cf77dca9d7ca7d9ebdb,toaster
65c25cf77dca9d7ca7d9ebdb,stove
65c25cf77dca9d7ca7d9ebdb,oven
65c25cf77dca9d7ca7d9ebdb,air fryer
65c25cf77dca9d7ca7d9ebdb,mixer
65c25cf77dca9d7ca7d9ebdb,coffee machine
65c25cf77dca9d7ca7d9ebdb,cutting board
65c25cf77dca9d7ca7d9ebdb,ice maker
65c25cf77dca9d7ca7d9ebdb,rice cooker
65c25cf77dca9d7ca7d9ebdb,steamer
65c25cf77dca9d7ca7d9ebdb,fryer
65c25cf77dca9d7ca7d9ebdb,dishwasher
65c25cf77dca9d7ca7d9ebdb,sink
65c25cf77dca9d7ca7d9ebdb,humidifier
65cb63e160bb47fbf9349269,oven
65cb63e160bb47fbf9349269,microwave
65cb63e160bb47fbf9349269,fridge
65cb63e160bb47fbf9349269,coffee maker
65cb63e160bb47fbf9349269,mixers
65cb63e160bb47fbf9349269,ovens
65cb63e160bb47fbf9349269,toaster ovens
65cb63e160bb47fbf9349269,toasters
65cb63e160bb47fbf9349269,washing machine
65cb63e160bb47fbf9349269,drawing machine
65cb63e160bb47fbf9349269,dishwasher
65cb63e160bb47fbf9349269,stove fan
65d54b3b524fcafb543d1b23,stove top
65d54b3b524fcafb543d1b23,oven
65d54b3b524fcafb543d1b23,air fryer oven
65d54b3b524fcafb543d1b23,air fryer
65d54b3b524fcafb543d1b23,microwave
65d54b3b524fcafb543d1b23,sink
65d54b3b524fcafb543d1b23,laundry washer
65d54b3b524fcafb543d1b23,dryer
65d54b3b524fcafb543d1b23,refrigerator
65d54b3b524fcafb543d1b23,stand mixer
65d54b3b524fcafb543d1b23,heater tank
65d54b3b524fcafb543d1b23,tank heater
65d54b3b524fcafb543d1b23,light bulbs
65d54b3b524fcafb543d1b23,rice cooker
65d54b3b524fcafb543d1b23,slow cooker
65d54b3b524fcafb543d1b23,pressure cooker
65d54b3b524fcafb543d1b23,timer
65e1f75ab3efd22e847cfbf0,fridge
65e1f75ab3efd22e847cfbf0,air fryer
65e1f75ab3efd22e847cfbf0,microwave
65e1f75ab3efd22e847cfbf0,toaster
65e1f75ab3efd22e847cfbf0,coffee pot
65e1f75ab3efd22e847cfbf0,french press
65e1f75ab3efd22e847cfbf0,oven
65e1f75ab3efd22e847cfbf0,keurig
65e1f75ab3efd22e847cfbf0,washer
65e1f75ab3efd22e847cfbf0,dryer
65e1f75ab3efd22e847cfbf0,dishwasher
65e1f75ab3efd22e847cfbf0,fan
65e1f75ab3efd22e847cfbf0,light
65e1f75ab3efd22e847cfbf0,lamp
65e1f75ab3efd22e847cfbf0,the tv
65e1f75ab3efd22e847cfbf0,microwave oven
65e1f75ab3efd22e847cfbf0,heater
60a48adfe091e410f4eaba34,refrigerator
60a48adfe091e410f4eaba34,air conditioner
60a48adfe091e410f4eaba34,stove
60a48adfe091e410f4eaba34,microwave
60a48adfe091e410f4eaba34,fan
60a48adfe091e410f4eaba34,washer
60a48adfe091e410f4eaba34,dryer
60a48adfe091e410f4eaba34,dishwasher
60a48adfe091e410f4eaba34,sink
60a48adfe091e410f4eaba34,toilet
60a48adfe091e410f4eaba34,shower
60a48adfe091e410f4eaba34,countertop
60a48adfe091e410f4eaba34,toaster
60a48adfe091e410f4eaba34,freezer
60a48adfe091e410f4eaba34,furnace
60a48adfe091e410f4eaba34,heater
5d7ff4aa50fda7001a863736,oven
5d7ff4aa50fda7001a863736,microwave
5d7ff4aa50fda7001a863736,toaster
5d7ff4aa50fda7001a863736,air fryer
5d7ff4aa50fda7001a863736,toaster oven
5d7ff4aa50fda7001a863736,blender
5d7ff4aa50fda7001a863736,stand mixer
5d7ff4aa50fda7001a863736,hand mixer
5d7ff4aa50fda7001a863736,dishwasher
5d7ff4aa50fda7001a863736,coffee maker
5d7ff4aa50fda7001a863736,refrigerator
5d7ff4aa50fda7001a863736,washer
5d7ff4aa50fda7001a863736,and
5d7ff4aa50fda7001a863736,dryer
5d7ff4aa50fda7001a863736,vacuum cleaner
5d7ff4aa50fda7001a863736,iron
5d7ff4aa50fda7001a863736,freezer
5d7ff4aa50fda7001a863736,deep freezer
5d7ff4aa50fda7001a863736,rice cooker
5d7ff4aa50fda7001a863736,crock pot
5d7ff4aa50fda7001a863736,pressure cooker
5d7ff4aa50fda7001a863736,food processor
5d7ff4aa50fda7001a863736,kettle
60d731567049e5132e3cc4d4,stove
60d731567049e5132e3cc4d4,refrigerator
60d731567049e5132e3cc4d4,dishwasher
60d731567049e5132e3cc4d4,air fryer
60d731567049e5132e3cc4d4,microwave
60d731567049e5132e3cc4d4,toaster
60d731567049e5132e3cc4d4,air conditioning
60d731567049e5132e3cc4d4,heater
60d731567049e5132e3cc4d4,record player
60d731567049e5132e3cc4d4,lamp
60d731567049e5132e3cc4d4,washing machine
60d731567049e5132e3cc4d4,dryer
60d731567049e5132e3cc4d4,rice cooker
60d731567049e5132e3cc4d4,crock pot
60d731567049e5132e3cc4d4,blender
60d731567049e5132e3cc4d4,hand mixer
60d731567049e5132e3cc4d4,humidifier
60d731567049e5132e3cc4d4,dehumidifier
60d731567049e5132e3cc4d4,hair dryer
60d731567049e5132e3cc4d4,wine fridge
60d731567049e5132e3cc4d4,freezer
60d731567049e5132e3cc4d4,radio
60d731567049e5132e3cc4d4,computer
63e802622f8052bd67d6c5f0,dryer
63e802622f8052bd67d6c5f0,washer
63e802622f8052bd67d6c5f0,frigerator
63e802622f8052bd67d6c5f0,dishwasher
63e802622f8052bd67d6c5f0,dehumidifier
63e802622f8052bd67d6c5f0,air conditioner
63e802622f8052bd67d6c5f0,stove
63e802622f8052bd67d6c5f0,television
63e802622f8052bd67d6c5f0,that's
63e802622f8052bd67d6c5f0,it
63e802622f8052bd67d6c5f0,furnace
63e802622f8052bd67d6c5f0,heater
65cc19b4b3d48a22dfc6756d,toaster
65cc19b4b3d48a22dfc6756d,toaster oven
65cc19b4b3d48a22dfc6756d,microwave
65cc19b4b3d48a22dfc6756d,stove top oven
65cc19b4b3d48a22dfc6756d,blender
65cc19b4b3d48a22dfc6756d,mixer
65cc19b4b3d48a22dfc6756d,air fryer
65cc19b4b3d48a22dfc6756d,refrigerator
65cc19b4b3d48a22dfc6756d,air conditioner
65cc19b4b3d48a22dfc6756d,rice cooker
65cc19b4b3d48a22dfc6756d,washing machine
65cc19b4b3d48a22dfc6756d,fryer
65cc19b4b3d48a22dfc6756d,air purifier
65cc19b4b3d48a22dfc6756d,vacuum
65cc19b4b3d48a22dfc6756d,roomba
65e862f844f1b7a803bb3c5a,air conditioner
65e862f844f1b7a803bb3c5a,blender
65e862f844f1b7a803bb3c5a,microwave
65e862f844f1b7a803bb3c5a,dryer
65e862f844f1b7a803bb3c5a,refrigerator
65e862f844f1b7a803bb3c5a,television
65e862f844f1b7a803bb3c5a,pressing iron
65e862f844f1b7a803bb3c5a,coffee maker
65e862f844f1b7a803bb3c5a,fan
65e862f844f1b7a803bb3c5a,toaster
65e862f844f1b7a803bb3c5a,oven
65e862f844f1b7a803bb3c5a,dishwasher
65e862f844f1b7a803bb3c5a,kettle
65e862f844f1b7a803bb3c5a,vacuum cleaner
65e862f844f1b7a803bb3c5a,lamp
65e862f844f1b7a803bb3c5a,bread maker
65e862f844f1b7a803bb3c5a,heater
65e862f844f1b7a803bb3c5a,rice cooker
65e862f844f1b7a803bb3c5a,slow cooker
65e862f844f1b7a803bb3c5a,pressure cooker
65e862f844f1b7a803bb3c5a,gas coooker
65e862f844f1b7a803bb3c5a,air purifier
65e862f844f1b7a803bb3c5a,mixer
65e862f844f1b7a803bb3c5a,air fryer
65e862f844f1b7a803bb3c5a,appliance plug
65e862f844f1b7a803bb3c5a,stove
65e862f844f1b7a803bb3c5a,griller
65e862f844f1b7a803bb3c5a,grilling pan
65e862f844f1b7a803bb3c5a,crock-pot
65e862f844f1b7a803bb3c5a,light bulb
65e862f844f1b7a803bb3c5a,torch
65e862f844f1b7a803bb3c5a,electric drill
65e862f844f1b7a803bb3c5a,kitchen wood
65e862f844f1b7a803bb3c5a,hotpot
65e862f844f1b7a803bb3c5a,kettle
5f5aa60bef062519ff711fe6,microwave
5f5aa60bef062519ff711fe6,oven
5f5aa60bef062519ff711fe6,refrigerator
5f5aa60bef062519ff711fe6,toaster
5f5aa60bef062519ff711fe6,air fryer
5f5aa60bef062519ff711fe6,blender
5f5aa60bef062519ff711fe6,coffee maker
5f5aa60bef062519ff711fe6,ice maker
5f5aa60bef062519ff711fe6,surround sound system
5f5aa60bef062519ff711fe6,sink
5f5aa60bef062519ff711fe6,shower
5f5aa60bef062519ff711fe6,thermostat
5f5aa60bef062519ff711fe6,fire alarm
5f5aa60bef062519ff711fe6,ac unit
5f5aa60bef062519ff711fe6,boiler
5f5aa60bef062519ff711fe6,waffle maker
63ea4ab1ce4168cbe9f63775,blender
63ea4ab1ce4168cbe9f63775,microwaves
63ea4ab1ce4168cbe9f63775,coffee maker
63ea4ab1ce4168cbe9f63775,coffee grinder
63ea4ab1ce4168cbe9f63775,dishwasher
63ea4ab1ce4168cbe9f63775,oven
63ea4ab1ce4168cbe9f63775,stove
63ea4ab1ce4168cbe9f63775,hot plate
63ea4ab1ce4168cbe9f63775,air fryer
63ea4ab1ce4168cbe9f63775,deep fryer
63ea4ab1ce4168cbe9f63775,slow cooker
63ea4ab1ce4168cbe9f63775,pressure cooker
63ea4ab1ce4168cbe9f63775,refrigerator
63ea4ab1ce4168cbe9f63775,freezer
63ea4ab1ce4168cbe9f63775,washing machine
63ea4ab1ce4168cbe9f63775,dryer
63ea4ab1ce4168cbe9f63775,vacuum cleaner
63ea4ab1ce4168cbe9f63775,floor cleaner
63ea4ab1ce4168cbe9f63775,clothes iron
63ea4ab1ce4168cbe9f63775,clothes steamer
63ea4ab1ce4168cbe9f63775,toaster
63ea4ab1ce4168cbe9f63775,toaster oven
63ea4ab1ce4168cbe9f63775,food processor
63ea4ab1ce4168cbe9f63775,stand mixer
63ea4ab1ce4168cbe9f63775,hand mixer
63ea4ab1ce4168cbe9f63775,electric griddle
63ea4ab1ce4168cbe9f63775,electric kettle
63ea4ab1ce4168cbe9f63775,waffle iron
65e358d9c5e3ee026268b2a7,fridge
65e358d9c5e3ee026268b2a7,freezer
65e358d9c5e3ee026268b2a7,oven
65e358d9c5e3ee026268b2a7,stove top
65e358d9c5e3ee026268b2a7,keurig
65e358d9c5e3ee026268b2a7,coffee maker
65e358d9c5e3ee026268b2a7,microwave
65e358d9c5e3ee026268b2a7,toaster
65e358d9c5e3ee026268b2a7,nuwave oven
65e358d9c5e3ee026268b2a7,crock pot
65e358d9c5e3ee026268b2a7,instapot
65e358d9c5e3ee026268b2a7,rice cooker
65e358d9c5e3ee026268b2a7,cooker
65e358d9c5e3ee026268b2a7,hard boiled egg cooker
65e358d9c5e3ee026268b2a7,dishwasher
65e358d9c5e3ee026268b2a7,washer
65e358d9c5e3ee026268b2a7,dryer
65e358d9c5e3ee026268b2a7,hot water kettle
65e358d9c5e3ee026268b2a7,food processor
65e358d9c5e3ee026268b2a7,juicer
65e358d9c5e3ee026268b2a7,waffle maker
65e358d9c5e3ee026268b2a7,griddle
65e358d9c5e3ee026268b2a7,grill
65e358d9c5e3ee026268b2a7,blender
65e358d9c5e3ee026268b2a7,mixer
65e358d9c5e3ee026268b2a7,immersion blender
65e358d9c5e3ee026268b2a7,air fryer
65e358d9c5e3ee026268b2a7,vacuum
65d6a09286a0c99e632a46dd,stove
65d6a09286a0c99e632a46dd,washer
65d6a09286a0c99e632a46dd,dryer
65d6a09286a0c99e632a46dd,dishwasher
65d6a09286a0c99e632a46dd,air fryer
65d6a09286a0c99e632a46dd,toaster oven
65d6a09286a0c99e632a46dd,toaster
65d6a09286a0c99e632a46dd,a
65d6a09286a0c99e632a46dd,blender
65d6a09286a0c99e632a46dd,a
65d6a09286a0c99e632a46dd,juicer
65d6a09286a0c99e632a46dd,fridge
65d6a09286a0c99e632a46dd,freezer
65d6a09286a0c99e632a46dd,dehydrator
65d6a09286a0c99e632a46dd,furniture
65d6a09286a0c99e632a46dd,mini fridge
65d6a09286a0c99e632a46dd,microwave
