Subject,Fluency_Item,Switch_Value,Switch_Method
5c1942e200849900010afdcd,scissors,2,simdrop
5c1942e200849900010afdcd,sticky note,0,simdrop
5c1942e200849900010afdcd,stapler,0,simdrop
5c1942e200849900010afdcd,pen,0,simdrop
5c1942e200849900010afdcd,pencil,0,simdrop
5c1942e200849900010afdcd,glue,0,simdrop
5c1942e200849900010afdcd,folder,1,simdrop
5c1942e200849900010afdcd,paper,0,simdrop
5c1942e200849900010afdcd,calculator,1,simdrop
5c1942e200849900010afdcd,notebook,0,simdrop
5c1942e200849900010afdcd,pen,0,simdrop
5c1942e200849900010afdcd,folder,1,simdrop
5c1942e200849900010afdcd,tape,0,simdrop
5c1942e200849900010afdcd,paperclip,0,simdrop
5c1942e200849900010afdcd,tape,0,simdrop
5c1942e200849900010afdcd,glue,0,simdrop
5c1942e200849900010afdcd,folder,1,simdrop
5c1942e200849900010afdcd,binder,0,simdrop
5c1942e200849900010afdcd,paper folder,2,simdrop
5c4a428161c51f0001e96b3f,printer,2,simdrop
5c4a428161c51f0001e96b3f,fax machine,0,simdrop
5c4a428161c51f0001e96b3f,telephone,0,simdrop
5c4a428161c51f0001e96b3f,stapler,1,simdrop
5c4a428161c51f0001e96b3f,envelope,0,simdrop
5c4a428161c51f0001e96b3f,tape,0,simdrop
5c4a428161c51f0001e96b3f,highlighter,0,simdrop
5c4a428161c51f0001e96b3f,eraser,1,simdrop
5c4a428161c51f0001e96b3f,pen,0,simdrop
5c4a428161c51f0001e96b3f,pencil,0,simdrop
5c4a428161c51f0001e96b3f,office chair mat,1,simdrop
5c4a428161c51f0001e96b3f,desk pad,0,simdrop
5c4a428161c51f0001e96b3f,telephone,1,simdrop
5c4a428161c51f0001e96b3f,ink,2,simdrop
5d3cc9010e510a00013df6f6,stapler,2,simdrop
5d3cc9010e510a00013df6f6,tape,0,simdrop
5d3cc9010e510a00013df6f6,pencil,1,simdrop
5d3cc9010e510a00013df6f6,paper,0,simdrop
5d3cc9010e510a00013df6f6,paperclip,0,simdrop
5d3cc9010e510a00013df6f6,printer,1,simdrop
5d3cc9010e510a00013df6f6,desk pad,0,simdrop
5d3cc9010e510a00013df6f6,filing cabinet,0,simdrop
5d3cc9010e510a00013df6f6,marker,1,simdrop
5d3cc9010e510a00013df6f6,whiteboard,0,simdrop
5d3cc9010e510a00013df6f6,envelope,1,simdrop
5d3cc9010e510a00013df6f6,folder,0,simdrop
5d3cc9010e510a00013df6f6,notebook,2,simdrop
5e7fefe06c12706d47e35211,pen,2,simdrop
5e7fefe06c12706d47e35211,pencil,0,simdrop
5e7fefe06c12706d47e35211,sharpener,0,simdrop
5e7fefe06c12706d47e35211,highlighter,0,simdrop
5e7fefe06c12706d47e35211,whiteboard,1,simdrop
5e7fefe06c12706d47e35211,notebook,0,simdrop
5e7fefe06c12706d47e35211,printer,0,simdrop
5e7fefe06c12706d47e35211,paper,0,simdrop
5e7fefe06c12706d47e35211,graph paper,0,simdrop
5e7fefe06c12706d47e35211,mouse,1,simdrop
5e7fefe06c12706d47e35211,keyboard,0,simdrop
5e7fefe06c12706d47e35211,monitor,0,simdrop
5e7fefe06c12706d47e35211,office sign,1,simdrop
5e7fefe06c12706d47e35211,stapler,0,simdrop
5e7fefe06c12706d47e35211,stapler,0,simdrop
5e7fefe06c12706d47e35211,graph paper,1,simdrop
5e7fefe06c12706d47e35211,binder,0,simdrop
5e7fefe06c12706d47e35211,bookends,0,simdrop
5e7fefe06c12706d47e35211,desk pad,0,simdrop
5e7fefe06c12706d47e35211,folder,1,simdrop
5e7fefe06c12706d47e35211,binder,0,simdrop
5e7fefe06c12706d47e35211,file cabinet,1,simdrop
5e7fefe06c12706d47e35211,storage box,2,simdrop
5e8a76b3939b3072dc76fb5c,pen,2,simdrop
5e8a76b3939b3072dc76fb5c,pencil,0,simdrop
5e8a76b3939b3072dc76fb5c,paper,0,simdrop
5e8a76b3939b3072dc76fb5c,calculator,0,simdrop
5e8a76b3939b3072dc76fb5c,paperclip,1,simdrop
5e8a76b3939b3072dc76fb5c,stapler,0,simdrop
5e8a76b3939b3072dc76fb5c,tape,0,simdrop
5e8a76b3939b3072dc76fb5c,note pad,1,simdrop
5e8a76b3939b3072dc76fb5c,index card,0,simdrop
5e8a76b3939b3072dc76fb5c,printer paper,1,simdrop
5e8a76b3939b3072dc76fb5c,printer,0,simdrop
5e8a76b3939b3072dc76fb5c,mouse,1,simdrop
5e8a76b3939b3072dc76fb5c,keyboard,0,simdrop
5e8a76b3939b3072dc76fb5c,fax machine,1,simdrop
5e8a76b3939b3072dc76fb5c,scissors,0,simdrop
5e8a76b3939b3072dc76fb5c,marker,0,simdrop
5e8a76b3939b3072dc76fb5c,highlighter,0,simdrop
5e8a76b3939b3072dc76fb5c,ruler,1,simdrop
5e8a76b3939b3072dc76fb5c,tape,0,simdrop
5e8a76b3939b3072dc76fb5c,glue,0,simdrop
5e8a76b3939b3072dc76fb5c,keyboard,2,simdrop
5ed9311e1a69d449577bb8cf,note pad,2,simdrop
5ed9311e1a69d449577bb8cf,notebook,0,simdrop
5ed9311e1a69d449577bb8cf,whiteboard,0,simdrop
5ed9311e1a69d449577bb8cf,scissors,1,simdrop
5ed9311e1a69d449577bb8cf,stapler,0,simdrop
5ed9311e1a69d449577bb8cf,tape,0,simdrop
5ed9311e1a69d449577bb8cf,binder,1,simdrop
5ed9311e1a69d449577bb8cf,folder,0,simdrop
5ed9311e1a69d449577bb8cf,sharpener,1,simdrop
5ed9311e1a69d449577bb8cf,bookcase,0,simdrop
5ed9311e1a69d449577bb8cf,thumbtack,1,simdrop
5ed9311e1a69d449577bb8cf,desk chair,0,simdrop
5ed9311e1a69d449577bb8cf,paper shredder,1,simdrop
5ed9311e1a69d449577bb8cf,envelope,0,simdrop
5ed9311e1a69d449577bb8cf,index card,2,simdrop
5f6c102b6ec04317fc9a8127,paper,2,simdrop
5f6c102b6ec04317fc9a8127,pen,0,simdrop
5f6c102b6ec04317fc9a8127,scissors,0,simdrop
5f6c102b6ec04317fc9a8127,calculator,1,simdrop
5f6c102b6ec04317fc9a8127,stapler,0,simdrop
5f6c102b6ec04317fc9a8127,eraser,0,simdrop
5f6c102b6ec04317fc9a8127,pen,0,simdrop
5f6c102b6ec04317fc9a8127,sticky note,0,simdrop
5f6c102b6ec04317fc9a8127,sharpener,1,simdrop
5f6c102b6ec04317fc9a8127,paperclip,0,simdrop
5f6c102b6ec04317fc9a8127,whiteboard,1,simdrop
5f6c102b6ec04317fc9a8127,highlighter,0,simdrop
5f6c102b6ec04317fc9a8127,glue,0,simdrop
5f6c102b6ec04317fc9a8127,index card,2,simdrop
5fc6df58f380620a09116434,pen,2,simdrop
5fc6df58f380620a09116434,paper,0,simdrop
5fc6df58f380620a09116434,pencil,1,simdrop
5fc6df58f380620a09116434,sharpener,0,simdrop
5fc6df58f380620a09116434,highlighter,0,simdrop
5fc6df58f380620a09116434,stapler,1,simdrop
5fc6df58f380620a09116434,tape,0,simdrop
5fc6df58f380620a09116434,paperclip,1,simdrop
5fc6df58f380620a09116434,paper,0,simdrop
5fc6df58f380620a09116434,tape,0,simdrop
5fc6df58f380620a09116434,glue,0,simdrop
5fc6df58f380620a09116434,tape,0,simdrop
5fc6df58f380620a09116434,thumbtack,0,simdrop
5fc6df58f380620a09116434,ruler,1,simdrop
5fc6df58f380620a09116434,pen,0,simdrop
5fc6df58f380620a09116434,ink,0,simdrop
5fc6df58f380620a09116434,sticky note,1,simdrop
5fc6df58f380620a09116434,desk pad,0,simdrop
5fc6df58f380620a09116434,desk pad,0,simdrop
5fc6df58f380620a09116434,mouse,1,simdrop
5fc6df58f380620a09116434,keyboard,0,simdrop
5fc6df58f380620a09116434,printer,1,simdrop
5fc6df58f380620a09116434,paper,0,simdrop
5fc6df58f380620a09116434,filing cabinet,1,simdrop
5fc6df58f380620a09116434,folder,0,simdrop
5fc6df58f380620a09116434,binder,0,simdrop
5fc6df58f380620a09116434,ink cartridge,0,simdrop
5fc6df58f380620a09116434,notebook,2,simdrop
60da4f9aa1ced7efeecca18a,paper,2,simdrop
60da4f9aa1ced7efeecca18a,pen,0,simdrop
60da4f9aa1ced7efeecca18a,pencil,0,simdrop
60da4f9aa1ced7efeecca18a,highlighter,0,simdrop
60da4f9aa1ced7efeecca18a,paperclip,1,simdrop
60da4f9aa1ced7efeecca18a,binder clip,0,simdrop
60da4f9aa1ced7efeecca18a,folder,1,simdrop
60da4f9aa1ced7efeecca18a,binder,0,simdrop
60da4f9aa1ced7efeecca18a,printer,0,simdrop
60da4f9aa1ced7efeecca18a,filing cabinet,1,simdrop
60da4f9aa1ced7efeecca18a,stapler,0,simdrop
60da4f9aa1ced7efeecca18a,tape,0,simdrop
60da4f9aa1ced7efeecca18a,ruler,0,simdrop
60da4f9aa1ced7efeecca18a,scanner,1,simdrop
60da4f9aa1ced7efeecca18a,fax machine,0,simdrop
60da4f9aa1ced7efeecca18a,letterhead,0,simdrop
60da4f9aa1ced7efeecca18a,stapler,0,simdrop
60da4f9aa1ced7efeecca18a,envelope,0,simdrop
60da4f9aa1ced7efeecca18a,envelope,0,simdrop
60da4f9aa1ced7efeecca18a,stapler,0,simdrop
60da4f9aa1ced7efeecca18a,note pad,1,simdrop
60da4f9aa1ced7efeecca18a,legal pad,0,simdrop
60da4f9aa1ced7efeecca18a,eraser,1,simdrop
60da4f9aa1ced7efeecca18a,glue,0,simdrop
60da4f9aa1ced7efeecca18a,scissors,0,simdrop
60da4f9aa1ced7efeecca18a,thumbtack,2,simdrop
60fcf1a04c245326d05076e0,paperclip,2,simdrop
60fcf1a04c245326d05076e0,pen,0,simdrop
60fcf1a04c245326d05076e0,pencil,0,simdrop
60fcf1a04c245326d05076e0,notebook,0,simdrop
60fcf1a04c245326d05076e0,legal pad,0,simdrop
60fcf1a04c245326d05076e0,binder,1,simdrop
60fcf1a04c245326d05076e0,tape,0,simdrop
60fcf1a04c245326d05076e0,stapler,0,simdrop
60fcf1a04c245326d05076e0,rubber band,0,simdrop
60fcf1a04c245326d05076e0,file folder,0,simdrop
60fcf1a04c245326d05076e0,highlighter,1,simdrop
60fcf1a04c245326d05076e0,ruler,0,simdrop
60fcf1a04c245326d05076e0,scissors,2,simdrop
61035836646fb6ee2152f950,pen,2,simdrop
61035836646fb6ee2152f950,pencil,0,simdrop
61035836646fb6ee2152f950,pen,0,simdrop
61035836646fb6ee2152f950,stapler,1,simdrop
61035836646fb6ee2152f950,paperclip,0,simdrop
61035836646fb6ee2152f950,printer,1,simdrop
61035836646fb6ee2152f950,sharpener,0,simdrop
61035836646fb6ee2152f950,laminator,0,simdrop
61035836646fb6ee2152f950,ink cartridge,0,simdrop
61035836646fb6ee2152f950,whiteboard,1,simdrop
61035836646fb6ee2152f950,binder,0,simdrop
61035836646fb6ee2152f950,folder,0,simdrop
61035836646fb6ee2152f950,envelope,1,simdrop
61035836646fb6ee2152f950,packing tape,0,simdrop
61035836646fb6ee2152f950,highlighter,1,simdrop
61035836646fb6ee2152f950,eraser,0,simdrop
61035836646fb6ee2152f950,pencil,2,simdrop
65512e3cc12f463bc327b7c3,pen,2,simdrop
65512e3cc12f463bc327b7c3,pencil,0,simdrop
65512e3cc12f463bc327b7c3,marker,0,simdrop
65512e3cc12f463bc327b7c3,paper,1,simdrop
65512e3cc12f463bc327b7c3,printer,0,simdrop
65512e3cc12f463bc327b7c3,printer,0,simdrop
65512e3cc12f463bc327b7c3,scissors,1,simdrop
65512e3cc12f463bc327b7c3,stapler,0,simdrop
65512e3cc12f463bc327b7c3,staple remover,0,simdrop
65512e3cc12f463bc327b7c3,scissors,0,simdrop
65512e3cc12f463bc327b7c3,marker,1,simdrop
65512e3cc12f463bc327b7c3,desk pad,0,simdrop
65512e3cc12f463bc327b7c3,mouse,2,simdrop
65778c02cde55736bb830eca,tape,2,simdrop
65778c02cde55736bb830eca,printer,0,simdrop
65778c02cde55736bb830eca,pen,1,simdrop
65778c02cde55736bb830eca,eraser,0,simdrop
65778c02cde55736bb830eca,scanner,1,simdrop
65778c02cde55736bb830eca,chalk,0,simdrop
65778c02cde55736bb830eca,scissors,1,simdrop
65778c02cde55736bb830eca,binder,0,simdrop
65778c02cde55736bb830eca,label,0,simdrop
65778c02cde55736bb830eca,folder,0,simdrop
65778c02cde55736bb830eca,key holder,0,simdrop
65778c02cde55736bb830eca,printer,0,simdrop
65778c02cde55736bb830eca,binder clip,1,simdrop
65778c02cde55736bb830eca,glue,0,simdrop
65778c02cde55736bb830eca,ruler,0,simdrop
65778c02cde55736bb830eca,rubber band,0,simdrop
65778c02cde55736bb830eca,sticky note,1,simdrop
65778c02cde55736bb830eca,whiteboard,0,simdrop
65778c02cde55736bb830eca,sharpener,2,simdrop
6595e3b4dc9090390e4edb5f,office chair mat,2,simdrop
6595e3b4dc9090390e4edb5f,monitor,0,simdrop
6595e3b4dc9090390e4edb5f,binder,1,simdrop
6595e3b4dc9090390e4edb5f,folder,0,simdrop
6595e3b4dc9090390e4edb5f,pen,1,simdrop
6595e3b4dc9090390e4edb5f,paper,0,simdrop
6595e3b4dc9090390e4edb5f,tape,0,simdrop
6595e3b4dc9090390e4edb5f,paperclip,0,simdrop
6595e3b4dc9090390e4edb5f,highlighter,0,simdrop
6595e3b4dc9090390e4edb5f,hole punch,0,simdrop
6595e3b4dc9090390e4edb5f,rubber band,0,simdrop
6595e3b4dc9090390e4edb5f,calculator,0,simdrop
6595e3b4dc9090390e4edb5f,envelope,1,simdrop
6595e3b4dc9090390e4edb5f,note pad,0,simdrop
6595e3b4dc9090390e4edb5f,paper shredder,0,simdrop
6595e3b4dc9090390e4edb5f,scanner,0,simdrop
6595e3b4dc9090390e4edb5f,ruler,1,simdrop
6595e3b4dc9090390e4edb5f,keyboard,0,simdrop
6595e3b4dc9090390e4edb5f,mouse,0,simdrop
6595e3b4dc9090390e4edb5f,keyboard,0,simdrop
6595e3b4dc9090390e4edb5f,extension cord,1,simdrop
6595e3b4dc9090390e4edb5f,pencil,0,simdrop
6595e3b4dc9090390e4edb5f,eraser,0,simdrop
6595e3b4dc9090390e4edb5f,marker,0,simdrop
6595e3b4dc9090390e4edb5f,scissors,2,simdrop
