SID,entry
65c25cf77dca9d7ca7d9ebdb,microwave
65c25cf77dca9d7ca7d9ebdb,freezer
65c25cf77dca9d7ca7d9ebdb,toaster
65c25cf77dca9d7ca7d9ebdb,toaster
65c25cf77dca9d7ca7d9ebdb,oven
65c25cf77dca9d7ca7d9ebdb,freezer
65c25cf77dca9d7ca7d9ebdb,mixer
65c25cf77dca9d7ca7d9ebdb,juicer
65c25cf77dca9d7ca7d9ebdb,ice maker
65c25cf77dca9d7ca7d9ebdb,juicer
65c25cf77dca9d7ca7d9ebdb,egg cooker
65c25cf77dca9d7ca7d9ebdb,freezer
65c25cf77dca9d7ca7d9ebdb,dishwasher
65cb63e160bb47fbf9349269,oven
65cb63e160bb47fbf9349269,microwave
65cb63e160bb47fbf9349269,ice maker
65cb63e160bb47fbf9349269,mixer
65cb63e160bb47fbf9349269,oven
65cb63e160bb47fbf9349269,toaster
65cb63e160bb47fbf9349269,oven
65cb63e160bb47fbf9349269,toaster
65cb63e160bb47fbf9349269,range
65cb63e160bb47fbf9349269,dishwasher
65d54b3b524fcafb543d1b23,stove
65d54b3b524fcafb543d1b23,cooktop
65d54b3b524fcafb543d1b23,oven
65d54b3b524fcafb543d1b23,freezer
65d54b3b524fcafb543d1b23,oven
65d54b3b524fcafb543d1b23,freezer
65d54b3b524fcafb543d1b23,microwave
65d54b3b524fcafb543d1b23,dishwasher
65d54b3b524fcafb543d1b23,refrigerator
65d54b3b524fcafb543d1b23,mixer
65d54b3b524fcafb543d1b23,heater
65d54b3b524fcafb543d1b23,heater
65d54b3b524fcafb543d1b23,juicer
65d54b3b524fcafb543d1b23,egg cooker
65d54b3b524fcafb543d1b23,egg cooker
65d54b3b524fcafb543d1b23,egg cooker
65d54b3b524fcafb543d1b23,mixer
65e1f75ab3efd22e847cfbf0,freezer
65e1f75ab3efd22e847cfbf0,microwave
65e1f75ab3efd22e847cfbf0,toaster
65e1f75ab3efd22e847cfbf0,oven
65e1f75ab3efd22e847cfbf0,dishwasher
65e1f75ab3efd22e847cfbf0,dishwasher
65e1f75ab3efd22e847cfbf0,microwave
65e1f75ab3efd22e847cfbf0,oven
65e1f75ab3efd22e847cfbf0,heater
60a48adfe091e410f4eaba34,refrigerator
60a48adfe091e410f4eaba34,air conditioner
60a48adfe091e410f4eaba34,stove
60a48adfe091e410f4eaba34,microwave
60a48adfe091e410f4eaba34,dishwasher
60a48adfe091e410f4eaba34,dishwasher
60a48adfe091e410f4eaba34,shoe tower
60a48adfe091e410f4eaba34,toaster
60a48adfe091e410f4eaba34,freezer
60a48adfe091e410f4eaba34,heater
5d7ff4aa50fda7001a863736,oven
5d7ff4aa50fda7001a863736,microwave
5d7ff4aa50fda7001a863736,toaster
5d7ff4aa50fda7001a863736,freezer
5d7ff4aa50fda7001a863736,blender
5d7ff4aa50fda7001a863736,mixer
5d7ff4aa50fda7001a863736,mixer
5d7ff4aa50fda7001a863736,dishwasher
5d7ff4aa50fda7001a863736,ice maker
5d7ff4aa50fda7001a863736,refrigerator
5d7ff4aa50fda7001a863736,dishwasher
5d7ff4aa50fda7001a863736,vacuum cleaner
5d7ff4aa50fda7001a863736,iron
5d7ff4aa50fda7001a863736,freezer
5d7ff4aa50fda7001a863736,freezer
5d7ff4aa50fda7001a863736,juicer
5d7ff4aa50fda7001a863736,egg cooker
5d7ff4aa50fda7001a863736,egg cooker
6081806ab383aa89f6c61940,oven
6081806ab383aa89f6c61940,stove
6081806ab383aa89f6c61940,microwave
6081806ab383aa89f6c61940,toaster
6081806ab383aa89f6c61940,blender
6081806ab383aa89f6c61940,egg cooker
6081806ab383aa89f6c61940,juicer
6081806ab383aa89f6c61940,ice maker
6081806ab383aa89f6c61940,freezer
6081806ab383aa89f6c61940,dishwasher
6081806ab383aa89f6c61940,heater
6081806ab383aa89f6c61940,heater
6081806ab383aa89f6c61940,ice maker
6081806ab383aa89f6c61940,air conditioner
6081806ab383aa89f6c61940,vacuum cleaner
6081806ab383aa89f6c61940,mixer
6073e0d481953bbd2cd61145,oven
6073e0d481953bbd2cd61145,microwave
6073e0d481953bbd2cd61145,refrigerator
6073e0d481953bbd2cd61145,stove
6073e0d481953bbd2cd61145,dishwasher
6073e0d481953bbd2cd61145,freezer
60d731567049e5132e3cc4d4,stove
60d731567049e5132e3cc4d4,refrigerator
60d731567049e5132e3cc4d4,dishwasher
60d731567049e5132e3cc4d4,freezer
60d731567049e5132e3cc4d4,microwave
60d731567049e5132e3cc4d4,toaster
60d731567049e5132e3cc4d4,air conditioner
60d731567049e5132e3cc4d4,heater
60d731567049e5132e3cc4d4,juicer
60d731567049e5132e3cc4d4,egg cooker
60d731567049e5132e3cc4d4,blender
60d731567049e5132e3cc4d4,mixer
60d731567049e5132e3cc4d4,humidifier
60d731567049e5132e3cc4d4,dehumidifier
60d731567049e5132e3cc4d4,heater
60d731567049e5132e3cc4d4,freezer
610c59ee34cc312d7ca55e45,refrigerator
610c59ee34cc312d7ca55e45,microwave
610c59ee34cc312d7ca55e45,dishwasher
610c59ee34cc312d7ca55e45,stove
610c59ee34cc312d7ca55e45,oven
610c59ee34cc312d7ca55e45,dishwasher
610c59ee34cc312d7ca55e45,ice maker
610c59ee34cc312d7ca55e45,blender
610c59ee34cc312d7ca55e45,juicer
610c59ee34cc312d7ca55e45,ice maker
610c59ee34cc312d7ca55e45,freezer
610c59ee34cc312d7ca55e45,toaster
610c59ee34cc312d7ca55e45,freezer
63e802622f8052bd67d6c5f0,dishwasher
63e802622f8052bd67d6c5f0,refrigerator
63e802622f8052bd67d6c5f0,dishwasher
63e802622f8052bd67d6c5f0,dehumidifier
63e802622f8052bd67d6c5f0,air conditioner
63e802622f8052bd67d6c5f0,stove
63e802622f8052bd67d6c5f0,heater
65cc19b4b3d48a22dfc6756d,toaster
65cc19b4b3d48a22dfc6756d,toaster
65cc19b4b3d48a22dfc6756d,oven
65cc19b4b3d48a22dfc6756d,microwave
65cc19b4b3d48a22dfc6756d,stove
65cc19b4b3d48a22dfc6756d,cooktop
65cc19b4b3d48a22dfc6756d,oven
65cc19b4b3d48a22dfc6756d,mixer
65cc19b4b3d48a22dfc6756d,freezer
65cc19b4b3d48a22dfc6756d,refrigerator
65cc19b4b3d48a22dfc6756d,air conditioner
65cc19b4b3d48a22dfc6756d,juicer
65cc19b4b3d48a22dfc6756d,egg cooker
654108d38225e168af4b1fa0,refrigerator
654108d38225e168af4b1fa0,oven
654108d38225e168af4b1fa0,dishwasher
654108d38225e168af4b1fa0,dishwasher
654108d38225e168af4b1fa0,microwave
654108d38225e168af4b1fa0,freezer
654108d38225e168af4b1fa0,freezer
654108d38225e168af4b1fa0,instant pot
654108d38225e168af4b1fa0,toaster
654108d38225e168af4b1fa0,freezer
654108d38225e168af4b1fa0,ice maker
654108d38225e168af4b1fa0,mixer
654108d38225e168af4b1fa0,juicer
654108d38225e168af4b1fa0,ice maker
6554de7d91c1b1bf51104fda,toaster
6554de7d91c1b1bf51104fda,dishwasher
6554de7d91c1b1bf51104fda,oven
6554de7d91c1b1bf51104fda,refrigerator
6554de7d91c1b1bf51104fda,freezer
6554de7d91c1b1bf51104fda,microwave
6554de7d91c1b1bf51104fda,blender
6554de7d91c1b1bf51104fda,range
6554de7d91c1b1bf51104fda,air conditioner
6554de7d91c1b1bf51104fda,heater
6554de7d91c1b1bf51104fda,blender
6554de7d91c1b1bf51104fda,ice maker
6554de7d91c1b1bf51104fda,juicer
6554de7d91c1b1bf51104fda,ice maker
6554de7d91c1b1bf51104fda,cooktop
6554de7d91c1b1bf51104fda,shoe tower
65e862f844f1b7a803bb3c5a,air conditioner
65e862f844f1b7a803bb3c5a,blender
65e862f844f1b7a803bb3c5a,microwave
65e862f844f1b7a803bb3c5a,refrigerator
65e862f844f1b7a803bb3c5a,iron
65e862f844f1b7a803bb3c5a,iron
65e862f844f1b7a803bb3c5a,ice maker
65e862f844f1b7a803bb3c5a,toaster
65e862f844f1b7a803bb3c5a,oven
65e862f844f1b7a803bb3c5a,dishwasher
65e862f844f1b7a803bb3c5a,vacuum cleaner
65e862f844f1b7a803bb3c5a,ice maker
65e862f844f1b7a803bb3c5a,juicer
65e862f844f1b7a803bb3c5a,egg cooker
65e862f844f1b7a803bb3c5a,egg cooker
65e862f844f1b7a803bb3c5a,egg cooker
65e862f844f1b7a803bb3c5a,air purifier
65e862f844f1b7a803bb3c5a,freezer
65e862f844f1b7a803bb3c5a,instant pot
6596a5cad60ef105b6c18897,microwave
6596a5cad60ef105b6c18897,oven
6596a5cad60ef105b6c18897,stove
6596a5cad60ef105b6c18897,refrigerator
6596a5cad60ef105b6c18897,freezer
6596a5cad60ef105b6c18897,toaster
6596a5cad60ef105b6c18897,toaster
6596a5cad60ef105b6c18897,oven
6596a5cad60ef105b6c18897,dishwasher
6596a5cad60ef105b6c18897,freezer
6596a5cad60ef105b6c18897,juicer
6596a5cad60ef105b6c18897,egg cooker
6596a5cad60ef105b6c18897,ice maker
6596a5cad60ef105b6c18897,mixer
6596a5cad60ef105b6c18897,blender
6596a5cad60ef105b6c18897,blender
6596a5cad60ef105b6c18897,instant pot
6596a5cad60ef105b6c18897,juicer
6596a5cad60ef105b6c18897,ice maker
6596a5cad60ef105b6c18897,ice maker
6596a5cad60ef105b6c18897,ice maker
5f5aa60bef062519ff711fe6,microwave
5f5aa60bef062519ff711fe6,oven
5f5aa60bef062519ff711fe6,refrigerator
5f5aa60bef062519ff711fe6,toaster
5f5aa60bef062519ff711fe6,freezer
5f5aa60bef062519ff711fe6,blender
5f5aa60bef062519ff711fe6,ice maker
5f5aa60bef062519ff711fe6,juicer
5f5aa60bef062519ff711fe6,ice maker
5f5aa60bef062519ff711fe6,blender
5f5aa60bef062519ff711fe6,ice maker
63ea4ab1ce4168cbe9f63775,blender
63ea4ab1ce4168cbe9f63775,microwave
63ea4ab1ce4168cbe9f63775,ice maker
63ea4ab1ce4168cbe9f63775,dishwasher
63ea4ab1ce4168cbe9f63775,oven
63ea4ab1ce4168cbe9f63775,stove
63ea4ab1ce4168cbe9f63775,freezer
63ea4ab1ce4168cbe9f63775,freezer
63ea4ab1ce4168cbe9f63775,egg cooker
63ea4ab1ce4168cbe9f63775,egg cooker
63ea4ab1ce4168cbe9f63775,refrigerator
63ea4ab1ce4168cbe9f63775,freezer
63ea4ab1ce4168cbe9f63775,vacuum cleaner
63ea4ab1ce4168cbe9f63775,blender
63ea4ab1ce4168cbe9f63775,iron
63ea4ab1ce4168cbe9f63775,toaster
63ea4ab1ce4168cbe9f63775,toaster
63ea4ab1ce4168cbe9f63775,oven
63ea4ab1ce4168cbe9f63775,mixer
63ea4ab1ce4168cbe9f63775,mixer
63ea4ab1ce4168cbe9f63775,iron
63619eb02e5bd8f4f7bd138a,microwave
63619eb02e5bd8f4f7bd138a,toaster
63619eb02e5bd8f4f7bd138a,stove
63619eb02e5bd8f4f7bd138a,freezer
63619eb02e5bd8f4f7bd138a,refrigerator
63619eb02e5bd8f4f7bd138a,oven
63619eb02e5bd8f4f7bd138a,mixer
63619eb02e5bd8f4f7bd138a,blender
63619eb02e5bd8f4f7bd138a,freezer
63619eb02e5bd8f4f7bd138a,ice maker
6001487015e5f62961639e7d,refrigerator
6001487015e5f62961639e7d,microwave
6001487015e5f62961639e7d,oven
6001487015e5f62961639e7d,dishwasher
6001487015e5f62961639e7d,blender
6001487015e5f62961639e7d,toaster
6001487015e5f62961639e7d,toaster
6001487015e5f62961639e7d,oven
6001487015e5f62961639e7d,freezer
6001487015e5f62961639e7d,juicer
6001487015e5f62961639e7d,ice maker
6001487015e5f62961639e7d,freezer
6001487015e5f62961639e7d,shoe dryer
601f6a2231a2904b79df1671,toaster
601f6a2231a2904b79df1671,blender
601f6a2231a2904b79df1671,oven
601f6a2231a2904b79df1671,stove
601f6a2231a2904b79df1671,cooktop
601f6a2231a2904b79df1671,refrigerator
601f6a2231a2904b79df1671,freezer
601f6a2231a2904b79df1671,freezer
601f6a2231a2904b79df1671,oven
601f6a2231a2904b79df1671,dishwasher
601f6a2231a2904b79df1671,ice maker
601f6a2231a2904b79df1671,dishwasher
601f6a2231a2904b79df1671,vacuum cleaner
601f6a2231a2904b79df1671,juicer
601f6a2231a2904b79df1671,ice maker
601f6a2231a2904b79df1671,ice maker
600f9342e7bc5518fa9ca92a,microwave
600f9342e7bc5518fa9ca92a,refrigerator
600f9342e7bc5518fa9ca92a,dishwasher
600f9342e7bc5518fa9ca92a,mixer
600f9342e7bc5518fa9ca92a,oven
600f9342e7bc5518fa9ca92a,toaster
600f9342e7bc5518fa9ca92a,freezer
600f9342e7bc5518fa9ca92a,juicer
600f9342e7bc5518fa9ca92a,egg cooker
5f1f3581b5cf3e103cc545c9,heater
5f1f3581b5cf3e103cc545c9,microwave
5f1f3581b5cf3e103cc545c9,blender
5f1f3581b5cf3e103cc545c9,dishwasher
656e3caa43f1f7f0615252ff,mixer
656e3caa43f1f7f0615252ff,microwave
656e3caa43f1f7f0615252ff,oven
656e3caa43f1f7f0615252ff,dishwasher
656e3caa43f1f7f0615252ff,mixer
656e3caa43f1f7f0615252ff,freezer
656e3caa43f1f7f0615252ff,freezer
656e3caa43f1f7f0615252ff,refrigerator
65e358d9c5e3ee026268b2a7,freezer
65e358d9c5e3ee026268b2a7,oven
65e358d9c5e3ee026268b2a7,stove
65e358d9c5e3ee026268b2a7,cooktop
65e358d9c5e3ee026268b2a7,ice maker
65e358d9c5e3ee026268b2a7,microwave
65e358d9c5e3ee026268b2a7,toaster
65e358d9c5e3ee026268b2a7,oven
65e358d9c5e3ee026268b2a7,iron
65e358d9c5e3ee026268b2a7,instant pot
65e358d9c5e3ee026268b2a7,juicer
65e358d9c5e3ee026268b2a7,egg cooker
65e358d9c5e3ee026268b2a7,heater
65e358d9c5e3ee026268b2a7,egg cooker
65e358d9c5e3ee026268b2a7,dishwasher
65e358d9c5e3ee026268b2a7,dishwasher
65e358d9c5e3ee026268b2a7,heater
65e358d9c5e3ee026268b2a7,juicer
65e358d9c5e3ee026268b2a7,ice maker
65e358d9c5e3ee026268b2a7,blender
65e358d9c5e3ee026268b2a7,mixer
65e358d9c5e3ee026268b2a7,blender
65e358d9c5e3ee026268b2a7,freezer
61363ce02e6022a741d63a6e,dishwasher
61363ce02e6022a741d63a6e,refrigerator
61363ce02e6022a741d63a6e,stove
61363ce02e6022a741d63a6e,range
61363ce02e6022a741d63a6e,oven
61363ce02e6022a741d63a6e,blender
61363ce02e6022a741d63a6e,egg cooker
61363ce02e6022a741d63a6e,instant pot
61363ce02e6022a741d63a6e,juicer
61363ce02e6022a741d63a6e,stove
629e241d171ec6698e05f149,oven
629e241d171ec6698e05f149,oven
629e241d171ec6698e05f149,stove
629e241d171ec6698e05f149,freezer
629e241d171ec6698e05f149,toaster
629e241d171ec6698e05f149,oven
629e241d171ec6698e05f149,toaster
629e241d171ec6698e05f149,air purifier
629e241d171ec6698e05f149,air conditioner
629e241d171ec6698e05f149,heater
629e241d171ec6698e05f149,refrigerator
629e241d171ec6698e05f149,freezer
629e241d171ec6698e05f149,blender
629e241d171ec6698e05f149,microwave
629e241d171ec6698e05f149,toaster
5885f97f41da4500014d3645,dishwasher
5885f97f41da4500014d3645,microwave
5885f97f41da4500014d3645,oven
5885f97f41da4500014d3645,toaster
5885f97f41da4500014d3645,freezer
5885f97f41da4500014d3645,blender
65d6a09286a0c99e632a46dd,stove
65d6a09286a0c99e632a46dd,dishwasher
65d6a09286a0c99e632a46dd,dishwasher
65d6a09286a0c99e632a46dd,freezer
65d6a09286a0c99e632a46dd,toaster
65d6a09286a0c99e632a46dd,oven
65d6a09286a0c99e632a46dd,toaster
65d6a09286a0c99e632a46dd,blender
65d6a09286a0c99e632a46dd,juicer
65d6a09286a0c99e632a46dd,freezer
65d6a09286a0c99e632a46dd,microwave
