Subject,Model,Beta_Frequency,Beta_Semantic,Beta_Phonological,Negative_Log_Likelihood_Optimized
5885f97f41da4500014d3645,forage_dynamic_simdrop,0.0858976802252753,2.2196289282610397,,101.16757808124389
5885f97f41da4500014d3645,forage_random_baseline,0.0,0.0,,106.19815236448481
5d7ff4aa50fda7001a863736,forage_dynamic_simdrop,7.452622931214829,2.1019970504817214,,40.81465530432553
5d7ff4aa50fda7001a863736,forage_random_baseline,0.0,0.0,,58.9989735358249
5f1f3581b5cf3e103cc545c9,forage_dynamic_simdrop,9.387815863120025,0.04270147840569146,,12.279326798423734
5f1f3581b5cf3e103cc545c9,forage_random_baseline,0.0,0.0,,17.699692060747473
5f5aa60bef062519ff711fe6,forage_dynamic_simdrop,0.04812975999802897,3.004939016578998,,82.19858063691922
5f5aa60bef062519ff711fe6,forage_random_baseline,0.0,0.0,,88.49846030373735
6001487015e5f62961639e7d,forage_dynamic_simdrop,5.800528077803896,2.0389660789817796,,64.6337833224063
6001487015e5f62961639e7d,forage_random_baseline,0.0,0.0,,82.59856295015486
600f9342e7bc5518fa9ca92a,forage_dynamic_simdrop,13.381226385033438,-0.42526127196178704,,20.251829495936974
600f9342e7bc5518fa9ca92a,forage_random_baseline,0.0,0.0,,35.39938412149495
601f6a2231a2904b79df1671,forage_dynamic_simdrop,7.6642494023226755,3.629837387665921,,79.70528536909161
601f6a2231a2904b79df1671,forage_random_baseline,0.0,0.0,,129.79774177881478
6073e0d481953bbd2cd61145,forage_dynamic_simdrop,6.994557102914891,3.370355022301087,,41.016898027146446
6073e0d481953bbd2cd61145,forage_random_baseline,0.0,0.0,,64.89887088940739
6081806ab383aa89f6c61940,forage_dynamic_simdrop,7.160744521756945,3.024970843910495,,95.38308062812992
6081806ab383aa89f6c61940,forage_random_baseline,0.0,0.0,,147.4974338395623
60a48adfe091e410f4eaba34,forage_dynamic_simdrop,7.867647426711022,2.687808830049504,,46.25798060662237
60a48adfe091e410f4eaba34,forage_random_baseline,0.0,0.0,,70.79876824298988
60d731567049e5132e3cc4d4,forage_dynamic_simdrop,5.954527490435778,1.1031702125616645,,98.35921609443137
60d731567049e5132e3cc4d4,forage_random_baseline,0.0,0.0,,123.89784442523228
610c59ee34cc312d7ca55e45,forage_dynamic_simdrop,7.144992740442924,2.444395653112884,,41.34049587319946
610c59ee34cc312d7ca55e45,forage_random_baseline,0.0,0.0,,58.9989735358249
61363ce02e6022a741d63a6e,forage_dynamic_simdrop,0.07863409750242058,4.317664949549644,,100.07292669796456
61363ce02e6022a741d63a6e,forage_random_baseline,0.0,0.0,,117.99794707164979
629e241d171ec6698e05f149,forage_dynamic_simdrop,6.78401368180793,3.218054839850926,,121.53030304167905
629e241d171ec6698e05f149,forage_random_baseline,0.0,0.0,,188.7967153146398
63619eb02e5bd8f4f7bd138a,forage_dynamic_simdrop,8.159826334954964,2.4337684778746866,,50.950818340235614
63619eb02e5bd8f4f7bd138a,forage_random_baseline,0.0,0.0,,76.69866559657237
63e802622f8052bd67d6c5f0,forage_dynamic_simdrop,12.544203545160055,0.4201044155050644,,17.108672610111384
63e802622f8052bd67d6c5f0,forage_random_baseline,0.0,0.0,,29.499486767912458
63ea4ab1ce4168cbe9f63775,forage_dynamic_simdrop,5.675431787693173,2.6208207108050825,,92.60881733919344
63ea4ab1ce4168cbe9f63775,forage_random_baseline,0.0,0.0,,123.89784442523228
654108d38225e168af4b1fa0,forage_dynamic_simdrop,8.923508459624804,0.5102268958333255,,33.12797177666579
654108d38225e168af4b1fa0,forage_random_baseline,0.0,0.0,,47.199178828659925
6554de7d91c1b1bf51104fda,forage_dynamic_simdrop,7.610883895026273,0.7316128622311043,,74.37086126370798
6554de7d91c1b1bf51104fda,forage_random_baseline,0.0,0.0,,100.29825501090232
656e3caa43f1f7f0615252ff,forage_dynamic_simdrop,5.383458828490584,3.06166047393023,,75.46174938213068
656e3caa43f1f7f0615252ff,forage_random_baseline,0.0,0.0,,106.19815236448481
6596a5cad60ef105b6c18897,forage_dynamic_simdrop,8.196504230157334,2.1480606167622502,,70.98332809970712
6596a5cad60ef105b6c18897,forage_random_baseline,0.0,0.0,,106.19815236448481
65b15afd94153c1f50c92493,forage_dynamic_simdrop,6.899574729203016,1.5116632511563273,,53.18663822862647
65b15afd94153c1f50c92493,forage_random_baseline,0.0,0.0,,70.79876824298988
65c25cf77dca9d7ca7d9ebdb,forage_dynamic_simdrop,8.193728101275076,1.4144157980609737,,61.7818468365907
65c25cf77dca9d7ca7d9ebdb,forage_random_baseline,0.0,0.0,,88.49846030373735
65cb63e160bb47fbf9349269,forage_dynamic_simdrop,8.589642371651127,0.8702736299648952,,53.65768431372822
65cb63e160bb47fbf9349269,forage_random_baseline,0.0,0.0,,76.69866559657237
65cc19b4b3d48a22dfc6756d,forage_dynamic_simdrop,7.17289409622563,2.2761510161305276,,41.570532962213925
65cc19b4b3d48a22dfc6756d,forage_random_baseline,0.0,0.0,,58.9989735358249
65d54b3b524fcafb543d1b23,forage_dynamic_simdrop,4.9594384768765964,3.521177940223312,,54.00627485049212
65d54b3b524fcafb543d1b23,forage_random_baseline,0.0,0.0,,76.69866559657237
65d6a09286a0c99e632a46dd,forage_dynamic_simdrop,10.244730827703716,1.6704480777632573,,53.86206776459311
65d6a09286a0c99e632a46dd,forage_random_baseline,0.0,0.0,,88.49846030373735
65e1f75ab3efd22e847cfbf0,forage_dynamic_simdrop,0.01920647798673898,3.358425648064113,,75.42428329868221
65e1f75ab3efd22e847cfbf0,forage_random_baseline,0.0,0.0,,82.59856295015486
65e358d9c5e3ee026268b2a7,forage_dynamic_simdrop,6.326238503138722,3.3284134291000647,,118.07645182407742
65e358d9c5e3ee026268b2a7,forage_random_baseline,0.0,0.0,,176.9969206074748
65e862f844f1b7a803bb3c5a,forage_dynamic_simdrop,8.161687822111997,1.999276529343022,,60.87657992615189
65e862f844f1b7a803bb3c5a,forage_random_baseline,0.0,0.0,,88.49846030373735
