Subject,Fluency_Item,Switch_Value,Switch_Method
5885f97f41da4500014d3645,dog,2,simdrop
5885f97f41da4500014d3645,cat,0,simdrop
5885f97f41da4500014d3645,lion,0,simdrop
5885f97f41da4500014d3645,chigger,1,simdrop
5885f97f41da4500014d3645,prawn,0,simdrop
5885f97f41da4500014d3645,cheetah,1,simdrop
5885f97f41da4500014d3645,zebra,0,simdrop
5885f97f41da4500014d3645,elephant,1,simdrop
5885f97f41da4500014d3645,antelope,0,simdrop
5885f97f41da4500014d3645,deer,0,simdrop
5885f97f41da4500014d3645,beaver,1,simdrop
5885f97f41da4500014d3645,owl,0,simdrop
5885f97f41da4500014d3645,lizard,1,simdrop
5885f97f41da4500014d3645,gecko,0,simdrop
5885f97f41da4500014d3645,anteater,1,simdrop
5885f97f41da4500014d3645,platypus,0,simdrop
5885f97f41da4500014d3645,shark,1,simdrop
5885f97f41da4500014d3645,whale,0,simdrop
5885f97f41da4500014d3645,vole,1,simdrop
5885f97f41da4500014d3645,condor,0,simdrop
5885f97f41da4500014d3645,vulture,0,simdrop
5885f97f41da4500014d3645,buffalo,1,simdrop
5885f97f41da4500014d3645,moose,0,simdrop
5885f97f41da4500014d3645,mouse,0,simdrop
5885f97f41da4500014d3645,rat,0,simdrop
5885f97f41da4500014d3645,capybara,0,simdrop
5885f97f41da4500014d3645,wolf,1,simdrop
5885f97f41da4500014d3645,dinosaur,0,simdrop
5885f97f41da4500014d3645,crocodile,0,simdrop
5885f97f41da4500014d3645,alligator,0,simdrop
5885f97f41da4500014d3645,peacock,1,simdrop
5885f97f41da4500014d3645,flamingo,0,simdrop
5885f97f41da4500014d3645,hippo,0,simdrop
5885f97f41da4500014d3645,worm,0,simdrop
5885f97f41da4500014d3645,rhino,2,simdrop
5d7ff4aa50fda7001a863736,dog,2,simdrop
5d7ff4aa50fda7001a863736,cat,0,simdrop
5d7ff4aa50fda7001a863736,lion,1,simdrop
5d7ff4aa50fda7001a863736,tiger,0,simdrop
5d7ff4aa50fda7001a863736,bear,0,simdrop
5d7ff4aa50fda7001a863736,opah,0,simdrop
5d7ff4aa50fda7001a863736,wolf,1,simdrop
5d7ff4aa50fda7001a863736,fox,0,simdrop
5d7ff4aa50fda7001a863736,hamster,1,simdrop
5d7ff4aa50fda7001a863736,rabbit,0,simdrop
5d7ff4aa50fda7001a863736,squirrel,0,simdrop
5d7ff4aa50fda7001a863736,kangaroo,1,simdrop
5d7ff4aa50fda7001a863736,koala,0,simdrop
5d7ff4aa50fda7001a863736,horse,1,simdrop
5d7ff4aa50fda7001a863736,giraffe,0,simdrop
5d7ff4aa50fda7001a863736,elephant,0,simdrop
5d7ff4aa50fda7001a863736,pig,1,simdrop
5d7ff4aa50fda7001a863736,cow,0,simdrop
5d7ff4aa50fda7001a863736,goats,0,simdrop
5d7ff4aa50fda7001a863736,zebra,0,simdrop
5d7ff4aa50fda7001a863736,lamb,1,simdrop
5d7ff4aa50fda7001a863736,sheep,0,simdrop
5d7ff4aa50fda7001a863736,camel,0,simdrop
5d7ff4aa50fda7001a863736,panda,1,simdrop
5d7ff4aa50fda7001a863736,bear,0,simdrop
5d7ff4aa50fda7001a863736,polar,0,simdrop
5d7ff4aa50fda7001a863736,bear,0,simdrop
5d7ff4aa50fda7001a863736,porcupine,0,simdrop
5d7ff4aa50fda7001a863736,mare,0,simdrop
5d7ff4aa50fda7001a863736,rhinoceros,1,simdrop
5d7ff4aa50fda7001a863736,hippo,0,simdrop
5d7ff4aa50fda7001a863736,mountain cat,1,simdrop
5d7ff4aa50fda7001a863736,lion,0,simdrop
5d7ff4aa50fda7001a863736,panther,0,simdrop
5d7ff4aa50fda7001a863736,leopard,0,simdrop
5d7ff4aa50fda7001a863736,monkey,0,simdrop
5d7ff4aa50fda7001a863736,seal,1,simdrop
5d7ff4aa50fda7001a863736,seal,0,simdrop
5d7ff4aa50fda7001a863736,lion,1,simdrop
5d7ff4aa50fda7001a863736,walrus,0,simdrop
5d7ff4aa50fda7001a863736,gazelle,0,simdrop
5d7ff4aa50fda7001a863736,shark,1,simdrop
5d7ff4aa50fda7001a863736,mouse,0,simdrop
5d7ff4aa50fda7001a863736,rat,0,simdrop
5d7ff4aa50fda7001a863736,otter,0,simdrop
5d7ff4aa50fda7001a863736,jaguar,1,simdrop
5d7ff4aa50fda7001a863736,rattlesnake,0,simdrop
5d7ff4aa50fda7001a863736,buffalo,0,simdrop
5d7ff4aa50fda7001a863736,bison,2,simdrop
5f1f3581b5cf3e103cc545c9,gerbil,2,simdrop
5f1f3581b5cf3e103cc545c9,dolphin,0,simdrop
5f1f3581b5cf3e103cc545c9,roach,1,simdrop
5f1f3581b5cf3e103cc545c9,spider,0,simdrop
5f1f3581b5cf3e103cc545c9,sea bear,0,simdrop
5f1f3581b5cf3e103cc545c9,towhee,0,simdrop
5f1f3581b5cf3e103cc545c9,jackal,2,simdrop
5f5aa60bef062519ff711fe6,dog,2,simdrop
5f5aa60bef062519ff711fe6,cat,0,simdrop
5f5aa60bef062519ff711fe6,bird,0,simdrop
5f5aa60bef062519ff711fe6,kangaroo,1,simdrop
5f5aa60bef062519ff711fe6,elephant,0,simdrop
5f5aa60bef062519ff711fe6,axolotl,1,simdrop
5f5aa60bef062519ff711fe6,frog,0,simdrop
5f5aa60bef062519ff711fe6,giraffe,1,simdrop
5f5aa60bef062519ff711fe6,zebra,0,simdrop
5f5aa60bef062519ff711fe6,lion,1,simdrop
5f5aa60bef062519ff711fe6,cheetah,0,simdrop
5f5aa60bef062519ff711fe6,leopard,0,simdrop
5f5aa60bef062519ff711fe6,alligator,1,simdrop
5f5aa60bef062519ff711fe6,crocodile,0,simdrop
5f5aa60bef062519ff711fe6,hippopotamus,0,simdrop
5f5aa60bef062519ff711fe6,penguin,1,simdrop
5f5aa60bef062519ff711fe6,polar,0,simdrop
5f5aa60bef062519ff711fe6,bear,0,simdrop
5f5aa60bef062519ff711fe6,bronc,0,simdrop
5f5aa60bef062519ff711fe6,bear,0,simdrop
5f5aa60bef062519ff711fe6,black bear,0,simdrop
5f5aa60bef062519ff711fe6,squirrel,1,simdrop
5f5aa60bef062519ff711fe6,meerkat,0,simdrop
5f5aa60bef062519ff711fe6,lizard,1,simdrop
5f5aa60bef062519ff711fe6,snake,0,simdrop
5f5aa60bef062519ff711fe6,monkey,1,simdrop
5f5aa60bef062519ff711fe6,ape,0,simdrop
5f5aa60bef062519ff711fe6,baboon,0,simdrop
5f5aa60bef062519ff711fe6,hyena,0,simdrop
5f5aa60bef062519ff711fe6,whale,1,simdrop
5f5aa60bef062519ff711fe6,fish,0,simdrop
5f5aa60bef062519ff711fe6,shark,0,simdrop
5f5aa60bef062519ff711fe6,octopus,0,simdrop
5f5aa60bef062519ff711fe6,pelican,1,simdrop
5f5aa60bef062519ff711fe6,sparrow,0,simdrop
5f5aa60bef062519ff711fe6,chicken,1,simdrop
5f5aa60bef062519ff711fe6,goat,0,simdrop
5f5aa60bef062519ff711fe6,owl,1,simdrop
5f5aa60bef062519ff711fe6,duck,0,simdrop
5f5aa60bef062519ff711fe6,goose,2,simdrop
6001487015e5f62961639e7d,dog,2,simdrop
6001487015e5f62961639e7d,cat,0,simdrop
6001487015e5f62961639e7d,rabbit,0,simdrop
6001487015e5f62961639e7d,bird,0,simdrop
6001487015e5f62961639e7d,ox,1,simdrop
6001487015e5f62961639e7d,coyote,0,simdrop
6001487015e5f62961639e7d,horse,0,simdrop
6001487015e5f62961639e7d,zebra,0,simdrop
6001487015e5f62961639e7d,donkey,0,simdrop
6001487015e5f62961639e7d,gazelle,1,simdrop
6001487015e5f62961639e7d,giraffe,0,simdrop
6001487015e5f62961639e7d,elephant,0,simdrop
6001487015e5f62961639e7d,gorilla,1,simdrop
6001487015e5f62961639e7d,chimpanzee,0,simdrop
6001487015e5f62961639e7d,elephant,1,simdrop
6001487015e5f62961639e7d,rhinoceros,0,simdrop
6001487015e5f62961639e7d,hippopotamus,0,simdrop
6001487015e5f62961639e7d,penguin,0,simdrop
6001487015e5f62961639e7d,seal,1,simdrop
6001487015e5f62961639e7d,otter,0,simdrop
6001487015e5f62961639e7d,dolphin,0,simdrop
6001487015e5f62961639e7d,lion,1,simdrop
6001487015e5f62961639e7d,tiger,0,simdrop
6001487015e5f62961639e7d,jaguar,1,simdrop
6001487015e5f62961639e7d,cheetah,0,simdrop
6001487015e5f62961639e7d,panther,0,simdrop
6001487015e5f62961639e7d,mountain cat,0,simdrop
6001487015e5f62961639e7d,lion,0,simdrop
6001487015e5f62961639e7d,capybara,1,simdrop
6001487015e5f62961639e7d,anteater,0,simdrop
6001487015e5f62961639e7d,deer,0,simdrop
6001487015e5f62961639e7d,elk,0,simdrop
6001487015e5f62961639e7d,moose,0,simdrop
6001487015e5f62961639e7d,bear,0,simdrop
6001487015e5f62961639e7d,aardvark,1,simdrop
6001487015e5f62961639e7d,ostrich,0,simdrop
6001487015e5f62961639e7d,hamster,1,simdrop
6001487015e5f62961639e7d,mouse,2,simdrop
600f9342e7bc5518fa9ca92a,dog,2,simdrop
600f9342e7bc5518fa9ca92a,cat,0,simdrop
600f9342e7bc5518fa9ca92a,horse,0,simdrop
600f9342e7bc5518fa9ca92a,adder,0,simdrop
600f9342e7bc5518fa9ca92a,whiting,0,simdrop
600f9342e7bc5518fa9ca92a,lion,1,simdrop
600f9342e7bc5518fa9ca92a,snake,0,simdrop
600f9342e7bc5518fa9ca92a,bird,0,simdrop
600f9342e7bc5518fa9ca92a,betta,1,simdrop
600f9342e7bc5518fa9ca92a,fish,0,simdrop
600f9342e7bc5518fa9ca92a,dragon,0,simdrop
600f9342e7bc5518fa9ca92a,scrod,0,simdrop
600f9342e7bc5518fa9ca92a,turtle,1,simdrop
600f9342e7bc5518fa9ca92a,jellyfish,0,simdrop
600f9342e7bc5518fa9ca92a,rooster,1,simdrop
600f9342e7bc5518fa9ca92a,chicken,0,simdrop
600f9342e7bc5518fa9ca92a,cow,2,simdrop
601f6a2231a2904b79df1671,rat,2,simdrop
601f6a2231a2904b79df1671,fawn,0,simdrop
601f6a2231a2904b79df1671,bird,0,simdrop
601f6a2231a2904b79df1671,squirrel,0,simdrop
601f6a2231a2904b79df1671,pig,1,simdrop
601f6a2231a2904b79df1671,cow,0,simdrop
601f6a2231a2904b79df1671,chicken,0,simdrop
601f6a2231a2904b79df1671,sheep,1,simdrop
601f6a2231a2904b79df1671,ram,0,simdrop
601f6a2231a2904b79df1671,bull,1,simdrop
601f6a2231a2904b79df1671,elephant,0,simdrop
601f6a2231a2904b79df1671,giraffe,0,simdrop
601f6a2231a2904b79df1671,aardvark,0,simdrop
601f6a2231a2904b79df1671,lion,1,simdrop
601f6a2231a2904b79df1671,tiger,0,simdrop
601f6a2231a2904b79df1671,bear,0,simdrop
601f6a2231a2904b79df1671,jaguar,1,simdrop
601f6a2231a2904b79df1671,cheetah,0,simdrop
601f6a2231a2904b79df1671,gazelle,0,simdrop
601f6a2231a2904b79df1671,antelope,0,simdrop
601f6a2231a2904b79df1671,deer,0,simdrop
601f6a2231a2904b79df1671,fish,0,simdrop
601f6a2231a2904b79df1671,eagle,1,simdrop
601f6a2231a2904b79df1671,owl,0,simdrop
601f6a2231a2904b79df1671,octopus,0,simdrop
601f6a2231a2904b79df1671,rabbit,1,simdrop
601f6a2231a2904b79df1671,snake,0,simdrop
601f6a2231a2904b79df1671,lizard,1,simdrop
601f6a2231a2904b79df1671,gecko,0,simdrop
601f6a2231a2904b79df1671,iguana,1,simdrop
601f6a2231a2904b79df1671,chameleon,0,simdrop
601f6a2231a2904b79df1671,capybara,0,simdrop
601f6a2231a2904b79df1671,ox,1,simdrop
601f6a2231a2904b79df1671,wolf,0,simdrop
601f6a2231a2904b79df1671,coyote,0,simdrop
601f6a2231a2904b79df1671,elk,1,simdrop
601f6a2231a2904b79df1671,moose,0,simdrop
601f6a2231a2904b79df1671,reindeer,0,simdrop
601f6a2231a2904b79df1671,polar,1,simdrop
601f6a2231a2904b79df1671,bear,0,simdrop
601f6a2231a2904b79df1671,shark,2,simdrop
6073e0d481953bbd2cd61145,jaguar,2,simdrop
6073e0d481953bbd2cd61145,tiger,0,simdrop
6073e0d481953bbd2cd61145,alligator,1,simdrop
6073e0d481953bbd2cd61145,crocodile,0,simdrop
6073e0d481953bbd2cd61145,lizard,0,simdrop
6073e0d481953bbd2cd61145,dog,0,simdrop
6073e0d481953bbd2cd61145,elephant,1,simdrop
6073e0d481953bbd2cd61145,rhino,0,simdrop
6073e0d481953bbd2cd61145,hippo,0,simdrop
6073e0d481953bbd2cd61145,ostrich,0,simdrop
6073e0d481953bbd2cd61145,mice,1,simdrop
6073e0d481953bbd2cd61145,bird,0,simdrop
6073e0d481953bbd2cd61145,snake,0,simdrop
6073e0d481953bbd2cd61145,kangaroo,1,simdrop
6073e0d481953bbd2cd61145,zebra,0,simdrop
6073e0d481953bbd2cd61145,donkey,0,simdrop
6073e0d481953bbd2cd61145,bear,1,simdrop
6073e0d481953bbd2cd61145,polar,0,simdrop
6073e0d481953bbd2cd61145,bear,0,simdrop
6073e0d481953bbd2cd61145,black bear,0,simdrop
6073e0d481953bbd2cd61145,panda,1,simdrop
6073e0d481953bbd2cd61145,bear,0,simdrop
6073e0d481953bbd2cd61145,giraffe,2,simdrop
6081806ab383aa89f6c61940,dog,2,simdrop
6081806ab383aa89f6c61940,cat,0,simdrop
6081806ab383aa89f6c61940,elephant,1,simdrop
6081806ab383aa89f6c61940,giraffe,0,simdrop
6081806ab383aa89f6c61940,whale,1,simdrop
6081806ab383aa89f6c61940,shark,0,simdrop
6081806ab383aa89f6c61940,dolphin,0,simdrop
6081806ab383aa89f6c61940,snake,1,simdrop
6081806ab383aa89f6c61940,frog,0,simdrop
6081806ab383aa89f6c61940,lizard,0,simdrop
6081806ab383aa89f6c61940,iguana,0,simdrop
6081806ab383aa89f6c61940,gecko,0,simdrop
6081806ab383aa89f6c61940,turtle,1,simdrop
6081806ab383aa89f6c61940,tortoise,0,simdrop
6081806ab383aa89f6c61940,parrot,1,simdrop
6081806ab383aa89f6c61940,parakeet,0,simdrop
6081806ab383aa89f6c61940,toucan,0,simdrop
6081806ab383aa89f6c61940,lion,1,simdrop
6081806ab383aa89f6c61940,tiger,0,simdrop
6081806ab383aa89f6c61940,jaguar,1,simdrop
6081806ab383aa89f6c61940,cheetah,0,simdrop
6081806ab383aa89f6c61940,panther,0,simdrop
6081806ab383aa89f6c61940,mountain cat,0,simdrop
6081806ab383aa89f6c61940,lion,0,simdrop
6081806ab383aa89f6c61940,ostrich,1,simdrop
6081806ab383aa89f6c61940,flamingo,0,simdrop
6081806ab383aa89f6c61940,llama,1,simdrop
6081806ab383aa89f6c61940,alpaca,0,simdrop
6081806ab383aa89f6c61940,muskrat,1,simdrop
6081806ab383aa89f6c61940,beaver,0,simdrop
6081806ab383aa89f6c61940,badger,0,simdrop
6081806ab383aa89f6c61940,grunt,0,simdrop
6081806ab383aa89f6c61940,butterfly,1,simdrop
6081806ab383aa89f6c61940,eagle,0,simdrop
6081806ab383aa89f6c61940,hawk,0,simdrop
6081806ab383aa89f6c61940,roe,1,simdrop
6081806ab383aa89f6c61940,raven,0,simdrop
6081806ab383aa89f6c61940,octopus,1,simdrop
6081806ab383aa89f6c61940,squid,0,simdrop
6081806ab383aa89f6c61940,pig,1,simdrop
6081806ab383aa89f6c61940,cow,0,simdrop
6081806ab383aa89f6c61940,chicken,0,simdrop
6081806ab383aa89f6c61940,coyote,0,simdrop
6081806ab383aa89f6c61940,goat,1,simdrop
6081806ab383aa89f6c61940,sheep,0,simdrop
6081806ab383aa89f6c61940,dinosaur,2,simdrop
60a48adfe091e410f4eaba34,cat,2,simdrop
60a48adfe091e410f4eaba34,dogs,0,simdrop
60a48adfe091e410f4eaba34,lions,1,simdrop
60a48adfe091e410f4eaba34,bear,0,simdrop
60a48adfe091e410f4eaba34,cougar,1,simdrop
60a48adfe091e410f4eaba34,elephant,0,simdrop
60a48adfe091e410f4eaba34,giraffe,0,simdrop
60a48adfe091e410f4eaba34,meerkat,1,simdrop
60a48adfe091e410f4eaba34,kangaroo,0,simdrop
60a48adfe091e410f4eaba34,bird,1,simdrop
60a48adfe091e410f4eaba34,cockatiel,0,simdrop
60a48adfe091e410f4eaba34,bat,1,simdrop
60a48adfe091e410f4eaba34,lizard,0,simdrop
60a48adfe091e410f4eaba34,squirrel,0,simdrop
60a48adfe091e410f4eaba34,monkeys,1,simdrop
60a48adfe091e410f4eaba34,chimpanzee,0,simdrop
60a48adfe091e410f4eaba34,raccoon,1,simdrop
60a48adfe091e410f4eaba34,skunk,0,simdrop
60a48adfe091e410f4eaba34,dear,1,simdrop
60a48adfe091e410f4eaba34,cow,0,simdrop
60a48adfe091e410f4eaba34,chicken,0,simdrop
60a48adfe091e410f4eaba34,pig,0,simdrop
60a48adfe091e410f4eaba34,lemur,2,simdrop
60d731567049e5132e3cc4d4,dog,2,simdrop
60d731567049e5132e3cc4d4,cat,0,simdrop
60d731567049e5132e3cc4d4,turtle,0,simdrop
60d731567049e5132e3cc4d4,panda,0,simdrop
60d731567049e5132e3cc4d4,iguana,0,simdrop
60d731567049e5132e3cc4d4,lion,1,simdrop
60d731567049e5132e3cc4d4,tiger,0,simdrop
60d731567049e5132e3cc4d4,cheetah,0,simdrop
60d731567049e5132e3cc4d4,mountain cat,1,simdrop
60d731567049e5132e3cc4d4,lion,0,simdrop
60d731567049e5132e3cc4d4,lynx,1,simdrop
60d731567049e5132e3cc4d4,bobcat,0,simdrop
60d731567049e5132e3cc4d4,goldfish,1,simdrop
60d731567049e5132e3cc4d4,betta,0,simdrop
60d731567049e5132e3cc4d4,fish,0,simdrop
60d731567049e5132e3cc4d4,egret,0,simdrop
60d731567049e5132e3cc4d4,whitefly,0,simdrop
60d731567049e5132e3cc4d4,shark,1,simdrop
60d731567049e5132e3cc4d4,hammerhead,0,simdrop
60d731567049e5132e3cc4d4,shark,0,simdrop
60d731567049e5132e3cc4d4,octopus,0,simdrop
60d731567049e5132e3cc4d4,barracuda,0,simdrop
60d731567049e5132e3cc4d4,bass,1,simdrop
60d731567049e5132e3cc4d4,pike,0,simdrop
60d731567049e5132e3cc4d4,perch,0,simdrop
60d731567049e5132e3cc4d4,salmon,0,simdrop
60d731567049e5132e3cc4d4,trout,0,simdrop
60d731567049e5132e3cc4d4,sow,1,simdrop
60d731567049e5132e3cc4d4,pig,0,simdrop
60d731567049e5132e3cc4d4,sheep,1,simdrop
60d731567049e5132e3cc4d4,horse,0,simdrop
60d731567049e5132e3cc4d4,chicken,1,simdrop
60d731567049e5132e3cc4d4,rooster,0,simdrop
60d731567049e5132e3cc4d4,turkey,0,simdrop
60d731567049e5132e3cc4d4,goat,1,simdrop
60d731567049e5132e3cc4d4,donkey,0,simdrop
60d731567049e5132e3cc4d4,horse,0,simdrop
60d731567049e5132e3cc4d4,polar,1,simdrop
60d731567049e5132e3cc4d4,bear,0,simdrop
60d731567049e5132e3cc4d4,grizzly,0,simdrop
60d731567049e5132e3cc4d4,bear,0,simdrop
60d731567049e5132e3cc4d4,black bear,0,simdrop
60d731567049e5132e3cc4d4,llama,1,simdrop
60d731567049e5132e3cc4d4,alpaca,0,simdrop
60d731567049e5132e3cc4d4,python,1,simdrop
60d731567049e5132e3cc4d4,boa,0,simdrop
60d731567049e5132e3cc4d4,constrictor,0,simdrop
60d731567049e5132e3cc4d4,wolf,1,simdrop
60d731567049e5132e3cc4d4,coyote,0,simdrop
60d731567049e5132e3cc4d4,sockeye,0,simdrop
60d731567049e5132e3cc4d4,owl,1,simdrop
60d731567049e5132e3cc4d4,pelican,0,simdrop
60d731567049e5132e3cc4d4,flamingo,0,simdrop
60d731567049e5132e3cc4d4,sparrow,1,simdrop
60d731567049e5132e3cc4d4,wren,0,simdrop
60d731567049e5132e3cc4d4,mosquito,1,simdrop
60d731567049e5132e3cc4d4,butterfly,0,simdrop
60d731567049e5132e3cc4d4,moth,0,simdrop
60d731567049e5132e3cc4d4,giraffe,1,simdrop
60d731567049e5132e3cc4d4,zebra,0,simdrop
60d731567049e5132e3cc4d4,rhinoceros,2,simdrop
610c59ee34cc312d7ca55e45,dog,2,simdrop
610c59ee34cc312d7ca55e45,elephant,0,simdrop
610c59ee34cc312d7ca55e45,horse,0,simdrop
610c59ee34cc312d7ca55e45,giraffe,0,simdrop
610c59ee34cc312d7ca55e45,snake,1,simdrop
610c59ee34cc312d7ca55e45,pig,0,simdrop
610c59ee34cc312d7ca55e45,bird,1,simdrop
610c59ee34cc312d7ca55e45,gorilla,0,simdrop
610c59ee34cc312d7ca55e45,hippo,1,simdrop
610c59ee34cc312d7ca55e45,rhinoceros,0,simdrop
610c59ee34cc312d7ca55e45,giraffe,0,simdrop
610c59ee34cc312d7ca55e45,adder,0,simdrop
610c59ee34cc312d7ca55e45,zebra,1,simdrop
610c59ee34cc312d7ca55e45,beaver,0,simdrop
610c59ee34cc312d7ca55e45,platypus,0,simdrop
610c59ee34cc312d7ca55e45,alligator,1,simdrop
610c59ee34cc312d7ca55e45,crocodile,0,simdrop
610c59ee34cc312d7ca55e45,tiger,1,simdrop
610c59ee34cc312d7ca55e45,lion,0,simdrop
610c59ee34cc312d7ca55e45,polar,1,simdrop
610c59ee34cc312d7ca55e45,bear,0,simdrop
610c59ee34cc312d7ca55e45,bronc,0,simdrop
610c59ee34cc312d7ca55e45,bear,0,simdrop
610c59ee34cc312d7ca55e45,black bear,0,simdrop
610c59ee34cc312d7ca55e45,whelp,1,simdrop
610c59ee34cc312d7ca55e45,dolphin,0,simdrop
610c59ee34cc312d7ca55e45,catfish,0,simdrop
610c59ee34cc312d7ca55e45,salmon,0,simdrop
610c59ee34cc312d7ca55e45,turkey,0,simdrop
610c59ee34cc312d7ca55e45,iguana,2,simdrop
61363ce02e6022a741d63a6e,dog,2,simdrop
61363ce02e6022a741d63a6e,sand cat,0,simdrop
61363ce02e6022a741d63a6e,mouse,0,simdrop
61363ce02e6022a741d63a6e,hamster,0,simdrop
61363ce02e6022a741d63a6e,tiger,1,simdrop
61363ce02e6022a741d63a6e,sea lion,0,simdrop
61363ce02e6022a741d63a6e,turtle,1,simdrop
61363ce02e6022a741d63a6e,fish,0,simdrop
61363ce02e6022a741d63a6e,shark,0,simdrop
61363ce02e6022a741d63a6e,whale,0,simdrop
61363ce02e6022a741d63a6e,stingray,1,simdrop
61363ce02e6022a741d63a6e,jellyfish,0,simdrop
61363ce02e6022a741d63a6e,spider,1,simdrop
61363ce02e6022a741d63a6e,worm,0,simdrop
61363ce02e6022a741d63a6e,rat,0,simdrop
61363ce02e6022a741d63a6e,rabbit,0,simdrop
61363ce02e6022a741d63a6e,skunk,1,simdrop
61363ce02e6022a741d63a6e,beaver,0,simdrop
61363ce02e6022a741d63a6e,elephant,1,simdrop
61363ce02e6022a741d63a6e,wolf,0,simdrop
61363ce02e6022a741d63a6e,cheetah,1,simdrop
61363ce02e6022a741d63a6e,mountain cat,0,simdrop
61363ce02e6022a741d63a6e,lion,0,simdrop
61363ce02e6022a741d63a6e,sheep,1,simdrop
61363ce02e6022a741d63a6e,cow,0,simdrop
61363ce02e6022a741d63a6e,chicken,1,simdrop
61363ce02e6022a741d63a6e,bird,0,simdrop
61363ce02e6022a741d63a6e,quail,0,simdrop
61363ce02e6022a741d63a6e,porcupine,0,simdrop
61363ce02e6022a741d63a6e,falcon,1,simdrop
61363ce02e6022a741d63a6e,minnow,0,simdrop
61363ce02e6022a741d63a6e,goldfish,0,simdrop
61363ce02e6022a741d63a6e,hamster,0,simdrop
61363ce02e6022a741d63a6e,shrimp,2,simdrop
629e241d171ec6698e05f149,human,2,simdrop
629e241d171ec6698e05f149,deer,0,simdrop
629e241d171ec6698e05f149,elk,0,simdrop
629e241d171ec6698e05f149,penguin,1,simdrop
629e241d171ec6698e05f149,orangutan,0,simdrop
629e241d171ec6698e05f149,elephant,0,simdrop
629e241d171ec6698e05f149,whale,0,simdrop
629e241d171ec6698e05f149,salmon,0,simdrop
629e241d171ec6698e05f149,moth,1,simdrop
629e241d171ec6698e05f149,rabbit,0,simdrop
629e241d171ec6698e05f149,hart,1,simdrop
629e241d171ec6698e05f149,tick,0,simdrop
629e241d171ec6698e05f149,grasshopper,0,simdrop
629e241d171ec6698e05f149,ant,0,simdrop
629e241d171ec6698e05f149,seagull,1,simdrop
629e241d171ec6698e05f149,hawk,0,simdrop
629e241d171ec6698e05f149,mongoose,0,simdrop
629e241d171ec6698e05f149,gopher,1,simdrop
629e241d171ec6698e05f149,groundhog,0,simdrop
629e241d171ec6698e05f149,mole,0,simdrop
629e241d171ec6698e05f149,monkey,1,simdrop
629e241d171ec6698e05f149,warthog,0,simdrop
629e241d171ec6698e05f149,lizard,1,simdrop
629e241d171ec6698e05f149,crocodile,0,simdrop
629e241d171ec6698e05f149,gecko,1,simdrop
629e241d171ec6698e05f149,iguana,0,simdrop
629e241d171ec6698e05f149,vulture,1,simdrop
629e241d171ec6698e05f149,roe,0,simdrop
629e241d171ec6698e05f149,chipmunk,1,simdrop
629e241d171ec6698e05f149,squirrel,0,simdrop
629e241d171ec6698e05f149,heron,1,simdrop
629e241d171ec6698e05f149,mackerel,0,simdrop
629e241d171ec6698e05f149,shrimp,1,simdrop
629e241d171ec6698e05f149,lobster,0,simdrop
629e241d171ec6698e05f149,takin,1,simdrop
629e241d171ec6698e05f149,crab,0,simdrop
629e241d171ec6698e05f149,bluefin,0,simdrop
629e241d171ec6698e05f149,crab,0,simdrop
629e241d171ec6698e05f149,spider,0,simdrop
629e241d171ec6698e05f149,crab,0,simdrop
629e241d171ec6698e05f149,spider,0,simdrop
629e241d171ec6698e05f149,stag,0,simdrop
629e241d171ec6698e05f149,beetle,0,simdrop
629e241d171ec6698e05f149,blackfly,0,simdrop
629e241d171ec6698e05f149,beetle,0,simdrop
629e241d171ec6698e05f149,ladybug,0,simdrop
629e241d171ec6698e05f149,silverfish,0,simdrop
629e241d171ec6698e05f149,butterfly,2,simdrop
63619eb02e5bd8f4f7bd138a,warthog,2,simdrop
63619eb02e5bd8f4f7bd138a,horse,0,simdrop
63619eb02e5bd8f4f7bd138a,sheep,0,simdrop
63619eb02e5bd8f4f7bd138a,duck,1,simdrop
63619eb02e5bd8f4f7bd138a,cow,0,simdrop
63619eb02e5bd8f4f7bd138a,pig,0,simdrop
63619eb02e5bd8f4f7bd138a,wolf,1,simdrop
63619eb02e5bd8f4f7bd138a,tiger,0,simdrop
63619eb02e5bd8f4f7bd138a,lion,0,simdrop
63619eb02e5bd8f4f7bd138a,cheetah,1,simdrop
63619eb02e5bd8f4f7bd138a,gazelle,0,simdrop
63619eb02e5bd8f4f7bd138a,elephant,1,simdrop
63619eb02e5bd8f4f7bd138a,giraffe,0,simdrop
63619eb02e5bd8f4f7bd138a,bear,1,simdrop
63619eb02e5bd8f4f7bd138a,porcupine,0,simdrop
63619eb02e5bd8f4f7bd138a,hedgehog,0,simdrop
63619eb02e5bd8f4f7bd138a,owl,0,simdrop
63619eb02e5bd8f4f7bd138a,snake,0,simdrop
63619eb02e5bd8f4f7bd138a,wolverine,1,simdrop
63619eb02e5bd8f4f7bd138a,fish,0,simdrop
63619eb02e5bd8f4f7bd138a,zebra,0,simdrop
63619eb02e5bd8f4f7bd138a,whelp,0,simdrop
63619eb02e5bd8f4f7bd138a,dolphin,1,simdrop
63619eb02e5bd8f4f7bd138a,shark,0,simdrop
63619eb02e5bd8f4f7bd138a,tortoise,1,simdrop
63619eb02e5bd8f4f7bd138a,turtle,0,simdrop
63619eb02e5bd8f4f7bd138a,seal,1,simdrop
63619eb02e5bd8f4f7bd138a,walrus,0,simdrop
63619eb02e5bd8f4f7bd138a,seagull,0,simdrop
63619eb02e5bd8f4f7bd138a,clam,1,simdrop
63619eb02e5bd8f4f7bd138a,crab,0,simdrop
63619eb02e5bd8f4f7bd138a,lobster,0,simdrop
63619eb02e5bd8f4f7bd138a,mouse,2,simdrop
63e802622f8052bd67d6c5f0,rat,2,simdrop
63e802622f8052bd67d6c5f0,dog,0,simdrop
63e802622f8052bd67d6c5f0,giraffe,1,simdrop
63e802622f8052bd67d6c5f0,zebra,0,simdrop
63e802622f8052bd67d6c5f0,monkey,0,simdrop
63e802622f8052bd67d6c5f0,fish,0,simdrop
63e802622f8052bd67d6c5f0,lizard,1,simdrop
63e802622f8052bd67d6c5f0,snake,0,simdrop
63e802622f8052bd67d6c5f0,crocodile,0,simdrop
63e802622f8052bd67d6c5f0,bird,0,simdrop
63e802622f8052bd67d6c5f0,bug,0,simdrop
63e802622f8052bd67d6c5f0,hippo,1,simdrop
63e802622f8052bd67d6c5f0,walrus,0,simdrop
63e802622f8052bd67d6c5f0,seal,0,simdrop
63e802622f8052bd67d6c5f0,polar,1,simdrop
63e802622f8052bd67d6c5f0,bear,0,simdrop
63e802622f8052bd67d6c5f0,lynx,0,simdrop
63e802622f8052bd67d6c5f0,wheatear,1,simdrop
63e802622f8052bd67d6c5f0,bobcat,0,simdrop
63e802622f8052bd67d6c5f0,porcupine,0,simdrop
63e802622f8052bd67d6c5f0,deer,0,simdrop
63e802622f8052bd67d6c5f0,weasel,1,simdrop
63e802622f8052bd67d6c5f0,chipmunk,0,simdrop
63e802622f8052bd67d6c5f0,squirrel,0,simdrop
63e802622f8052bd67d6c5f0,turtle,0,simdrop
63e802622f8052bd67d6c5f0,duck,1,simdrop
63e802622f8052bd67d6c5f0,swan,0,simdrop
63e802622f8052bd67d6c5f0,gorilla,1,simdrop
63e802622f8052bd67d6c5f0,frog,0,simdrop
63e802622f8052bd67d6c5f0,alligator,2,simdrop
63ea4ab1ce4168cbe9f63775,dog,2,simdrop
63ea4ab1ce4168cbe9f63775,cat,0,simdrop
63ea4ab1ce4168cbe9f63775,horse,0,simdrop
63ea4ab1ce4168cbe9f63775,chicken,0,simdrop
63ea4ab1ce4168cbe9f63775,hermit,0,simdrop
63ea4ab1ce4168cbe9f63775,donkey,1,simdrop
63ea4ab1ce4168cbe9f63775,mule,0,simdrop
63ea4ab1ce4168cbe9f63775,coyote,0,simdrop
63ea4ab1ce4168cbe9f63775,ox,1,simdrop
63ea4ab1ce4168cbe9f63775,wolf,0,simdrop
63ea4ab1ce4168cbe9f63775,grizzly,0,simdrop
63ea4ab1ce4168cbe9f63775,bear,0,simdrop
63ea4ab1ce4168cbe9f63775,ostrich,1,simdrop
63ea4ab1ce4168cbe9f63775,bison,0,simdrop
63ea4ab1ce4168cbe9f63775,wheatear,1,simdrop
63ea4ab1ce4168cbe9f63775,buffalo,0,simdrop
63ea4ab1ce4168cbe9f63775,mite,0,simdrop
63ea4ab1ce4168cbe9f63775,fisher,0,simdrop
63ea4ab1ce4168cbe9f63775,ormer,0,simdrop
63ea4ab1ce4168cbe9f63775,groundhog,1,simdrop
63ea4ab1ce4168cbe9f63775,raccoon,0,simdrop
63ea4ab1ce4168cbe9f63775,yorkie,0,simdrop
63ea4ab1ce4168cbe9f63775,coot,1,simdrop
63ea4ab1ce4168cbe9f63775,lion,0,simdrop
63ea4ab1ce4168cbe9f63775,zebra,0,simdrop
63ea4ab1ce4168cbe9f63775,hyena,1,simdrop
63ea4ab1ce4168cbe9f63775,meerkat,0,simdrop
63ea4ab1ce4168cbe9f63775,toucan,0,simdrop
63ea4ab1ce4168cbe9f63775,tiger,1,simdrop
63ea4ab1ce4168cbe9f63775,orangutan,0,simdrop
63ea4ab1ce4168cbe9f63775,monkey,0,simdrop
63ea4ab1ce4168cbe9f63775,chimpanzee,0,simdrop
63ea4ab1ce4168cbe9f63775,gorilla,0,simdrop
63ea4ab1ce4168cbe9f63775,seal,0,simdrop
63ea4ab1ce4168cbe9f63775,lion,0,simdrop
63ea4ab1ce4168cbe9f63775,polar,1,simdrop
63ea4ab1ce4168cbe9f63775,bear,0,simdrop
63ea4ab1ce4168cbe9f63775,seagull,1,simdrop
63ea4ab1ce4168cbe9f63775,walrus,0,simdrop
63ea4ab1ce4168cbe9f63775,penguin,2,simdrop
654108d38225e168af4b1fa0,dog,2,simdrop
654108d38225e168af4b1fa0,cat,0,simdrop
654108d38225e168af4b1fa0,rabbit,0,simdrop
654108d38225e168af4b1fa0,ox,0,simdrop
654108d38225e168af4b1fa0,turtle,1,simdrop
654108d38225e168af4b1fa0,spider,0,simdrop
654108d38225e168af4b1fa0,snake,0,simdrop
654108d38225e168af4b1fa0,fly,0,simdrop
654108d38225e168af4b1fa0,capybara,1,simdrop
654108d38225e168af4b1fa0,bear,0,simdrop
654108d38225e168af4b1fa0,chinchilla,0,simdrop
654108d38225e168af4b1fa0,hamster,0,simdrop
654108d38225e168af4b1fa0,guineafowl,1,simdrop
654108d38225e168af4b1fa0,pig,0,simdrop
654108d38225e168af4b1fa0,crappie,1,simdrop
654108d38225e168af4b1fa0,mouse,0,simdrop
654108d38225e168af4b1fa0,bird,0,simdrop
654108d38225e168af4b1fa0,alligator,1,simdrop
654108d38225e168af4b1fa0,iguana,0,simdrop
654108d38225e168af4b1fa0,lizard,0,simdrop
654108d38225e168af4b1fa0,lion,1,simdrop
654108d38225e168af4b1fa0,tiger,0,simdrop
654108d38225e168af4b1fa0,wolf,0,simdrop
654108d38225e168af4b1fa0,flamingo,0,simdrop
654108d38225e168af4b1fa0,seal,1,simdrop
654108d38225e168af4b1fa0,fish,0,simdrop
654108d38225e168af4b1fa0,shark,0,simdrop
654108d38225e168af4b1fa0,whale,0,simdrop
654108d38225e168af4b1fa0,octopus,0,simdrop
654108d38225e168af4b1fa0,goats,1,simdrop
654108d38225e168af4b1fa0,cow,0,simdrop
654108d38225e168af4b1fa0,chicken,0,simdrop
654108d38225e168af4b1fa0,lamb,0,simdrop
654108d38225e168af4b1fa0,penguin,2,simdrop
6554de7d91c1b1bf51104fda,cat,2,simdrop
6554de7d91c1b1bf51104fda,dogs,0,simdrop
6554de7d91c1b1bf51104fda,dear,0,simdrop
6554de7d91c1b1bf51104fda,zebra,1,simdrop
6554de7d91c1b1bf51104fda,octopus,0,simdrop
6554de7d91c1b1bf51104fda,bird,1,simdrop
6554de7d91c1b1bf51104fda,monkeys,0,simdrop
6554de7d91c1b1bf51104fda,wolf,0,simdrop
6554de7d91c1b1bf51104fda,tiger,0,simdrop
6554de7d91c1b1bf51104fda,goby,0,simdrop
6554de7d91c1b1bf51104fda,chicken,1,simdrop
6554de7d91c1b1bf51104fda,donkey,0,simdrop
6554de7d91c1b1bf51104fda,alligator,1,simdrop
6554de7d91c1b1bf51104fda,fish,0,simdrop
6554de7d91c1b1bf51104fda,dingo,1,simdrop
6554de7d91c1b1bf51104fda,tortes,0,simdrop
6554de7d91c1b1bf51104fda,xerus,0,simdrop
6554de7d91c1b1bf51104fda,omnivore,0,simdrop
6554de7d91c1b1bf51104fda,cod,1,simdrop
6554de7d91c1b1bf51104fda,bloodhound,0,simdrop
6554de7d91c1b1bf51104fda,penguin,0,simdrop
6554de7d91c1b1bf51104fda,quail,0,simdrop
6554de7d91c1b1bf51104fda,gorilla,1,simdrop
6554de7d91c1b1bf51104fda,kangaroo,0,simdrop
6554de7d91c1b1bf51104fda,flamingo,0,simdrop
6554de7d91c1b1bf51104fda,squid,1,simdrop
6554de7d91c1b1bf51104fda,starfish,0,simdrop
6554de7d91c1b1bf51104fda,invertebrate,0,simdrop
6554de7d91c1b1bf51104fda,oyster,0,simdrop
6554de7d91c1b1bf51104fda,wildebeest,1,simdrop
6554de7d91c1b1bf51104fda,elephant,0,simdrop
6554de7d91c1b1bf51104fda,insect,2,simdrop
656e3caa43f1f7f0615252ff,dog,2,simdrop
656e3caa43f1f7f0615252ff,cat,0,simdrop
656e3caa43f1f7f0615252ff,panda,1,simdrop
656e3caa43f1f7f0615252ff,tiger,0,simdrop
656e3caa43f1f7f0615252ff,whale,0,simdrop
656e3caa43f1f7f0615252ff,meerkat,1,simdrop
656e3caa43f1f7f0615252ff,lemur,0,simdrop
656e3caa43f1f7f0615252ff,lion,1,simdrop
656e3caa43f1f7f0615252ff,deer,0,simdrop
656e3caa43f1f7f0615252ff,elk,0,simdrop
656e3caa43f1f7f0615252ff,moose,0,simdrop
656e3caa43f1f7f0615252ff,lemur,1,simdrop
656e3caa43f1f7f0615252ff,koala,0,simdrop
656e3caa43f1f7f0615252ff,giraffe,0,simdrop
656e3caa43f1f7f0615252ff,bronc,1,simdrop
656e3caa43f1f7f0615252ff,bear,0,simdrop
656e3caa43f1f7f0615252ff,black bear,0,simdrop
656e3caa43f1f7f0615252ff,polar,1,simdrop
656e3caa43f1f7f0615252ff,bear,0,simdrop
656e3caa43f1f7f0615252ff,greenfly,1,simdrop
656e3caa43f1f7f0615252ff,wolf,0,simdrop
656e3caa43f1f7f0615252ff,greyhound,0,simdrop
656e3caa43f1f7f0615252ff,whale,1,simdrop
656e3caa43f1f7f0615252ff,dolphin,0,simdrop
656e3caa43f1f7f0615252ff,killdeer,1,simdrop
656e3caa43f1f7f0615252ff,whale,0,simdrop
656e3caa43f1f7f0615252ff,whale,0,simdrop
656e3caa43f1f7f0615252ff,shark,0,simdrop
656e3caa43f1f7f0615252ff,crab,0,simdrop
656e3caa43f1f7f0615252ff,takin,0,simdrop
656e3caa43f1f7f0615252ff,crab,0,simdrop
656e3caa43f1f7f0615252ff,lobster,0,simdrop
656e3caa43f1f7f0615252ff,hermit crab,0,simdrop
656e3caa43f1f7f0615252ff,goldfish,0,simdrop
656e3caa43f1f7f0615252ff,dodo,1,simdrop
656e3caa43f1f7f0615252ff,dragon,0,simdrop
656e3caa43f1f7f0615252ff,chameleon,0,simdrop
656e3caa43f1f7f0615252ff,giant,1,simdrop
656e3caa43f1f7f0615252ff,wheatear,0,simdrop
656e3caa43f1f7f0615252ff,mouse,0,simdrop
656e3caa43f1f7f0615252ff,cat,0,simdrop
656e3caa43f1f7f0615252ff,gal,0,simdrop
656e3caa43f1f7f0615252ff,tiger,0,simdrop
656e3caa43f1f7f0615252ff,tunny,1,simdrop
656e3caa43f1f7f0615252ff,auklet,0,simdrop
656e3caa43f1f7f0615252ff,monkey,1,simdrop
656e3caa43f1f7f0615252ff,gorilla,0,simdrop
656e3caa43f1f7f0615252ff,chimpanzee,0,simdrop
656e3caa43f1f7f0615252ff,finch,0,simdrop
656e3caa43f1f7f0615252ff,tortoise,1,simdrop
656e3caa43f1f7f0615252ff,turtle,0,simdrop
656e3caa43f1f7f0615252ff,penguin,0,simdrop
656e3caa43f1f7f0615252ff,perro,0,simdrop
656e3caa43f1f7f0615252ff,penguin,2,simdrop
6596a5cad60ef105b6c18897,doberman,2,simdrop
6596a5cad60ef105b6c18897,shepherd,0,simdrop
6596a5cad60ef105b6c18897,rodent,0,simdrop
6596a5cad60ef105b6c18897,retriever,1,simdrop
6596a5cad60ef105b6c18897,gnu,0,simdrop
6596a5cad60ef105b6c18897,mastiff,1,simdrop
6596a5cad60ef105b6c18897,yorkie,0,simdrop
6596a5cad60ef105b6c18897,terrier,0,simdrop
6596a5cad60ef105b6c18897,ant,0,simdrop
6596a5cad60ef105b6c18897,gurnard,1,simdrop
6596a5cad60ef105b6c18897,jaguar,0,simdrop
6596a5cad60ef105b6c18897,leopard,0,simdrop
6596a5cad60ef105b6c18897,cheetah,0,simdrop
6596a5cad60ef105b6c18897,tiger,1,simdrop
6596a5cad60ef105b6c18897,lion,0,simdrop
6596a5cad60ef105b6c18897,arctic fox,1,simdrop
6596a5cad60ef105b6c18897,fox,0,simdrop
6596a5cad60ef105b6c18897,polar,1,simdrop
6596a5cad60ef105b6c18897,bear,0,simdrop
6596a5cad60ef105b6c18897,bronc,0,simdrop
6596a5cad60ef105b6c18897,bear,0,simdrop
6596a5cad60ef105b6c18897,blackfly,0,simdrop
6596a5cad60ef105b6c18897,bear,0,simdrop
6596a5cad60ef105b6c18897,giraffe,0,simdrop
6596a5cad60ef105b6c18897,elephant,0,simdrop
6596a5cad60ef105b6c18897,spider,0,simdrop
6596a5cad60ef105b6c18897,snow lion,0,simdrop
6596a5cad60ef105b6c18897,mammal,1,simdrop
6596a5cad60ef105b6c18897,squirrel,0,simdrop
6596a5cad60ef105b6c18897,eagle,1,simdrop
6596a5cad60ef105b6c18897,parrot,0,simdrop
6596a5cad60ef105b6c18897,geese,0,simdrop
6596a5cad60ef105b6c18897,locust,0,simdrop
6596a5cad60ef105b6c18897,dear,1,simdrop
6596a5cad60ef105b6c18897,moose,0,simdrop
6596a5cad60ef105b6c18897,elk,0,simdrop
6596a5cad60ef105b6c18897,reindeer,0,simdrop
6596a5cad60ef105b6c18897,penguin,0,simdrop
6596a5cad60ef105b6c18897,antelope,1,simdrop
6596a5cad60ef105b6c18897,cat,0,simdrop
6596a5cad60ef105b6c18897,rhino,0,simdrop
6596a5cad60ef105b6c18897,dogs,1,simdrop
6596a5cad60ef105b6c18897,chameleon,0,simdrop
6596a5cad60ef105b6c18897,dragon,0,simdrop
6596a5cad60ef105b6c18897,turtle,1,simdrop
6596a5cad60ef105b6c18897,lizard,0,simdrop
6596a5cad60ef105b6c18897,chameleon,2,simdrop
65b15afd94153c1f50c92493,dog,2,simdrop
65b15afd94153c1f50c92493,cat,0,simdrop
65b15afd94153c1f50c92493,horse,0,simdrop
65b15afd94153c1f50c92493,fish,0,simdrop
65b15afd94153c1f50c92493,spider,1,simdrop
65b15afd94153c1f50c92493,wolf,0,simdrop
65b15afd94153c1f50c92493,octopus,0,simdrop
65b15afd94153c1f50c92493,lizard,0,simdrop
65b15afd94153c1f50c92493,sturgeon,1,simdrop
65b15afd94153c1f50c92493,pig,0,simdrop
65b15afd94153c1f50c92493,raccoon,0,simdrop
65b15afd94153c1f50c92493,ormer,0,simdrop
65b15afd94153c1f50c92493,ox,1,simdrop
65b15afd94153c1f50c92493,goby,0,simdrop
65b15afd94153c1f50c92493,mule,1,simdrop
65b15afd94153c1f50c92493,sheep,0,simdrop
65b15afd94153c1f50c92493,monkey,0,simdrop
65b15afd94153c1f50c92493,bee,0,simdrop
65b15afd94153c1f50c92493,hedgehog,1,simdrop
65b15afd94153c1f50c92493,squirrel,0,simdrop
65b15afd94153c1f50c92493,goby,1,simdrop
65b15afd94153c1f50c92493,cow,0,simdrop
65b15afd94153c1f50c92493,camel,0,simdrop
65b15afd94153c1f50c92493,kangaroo,0,simdrop
65b15afd94153c1f50c92493,cheetah,0,simdrop
65b15afd94153c1f50c92493,rabbit,1,simdrop
65b15afd94153c1f50c92493,bunny,0,simdrop
65b15afd94153c1f50c92493,ox,0,simdrop
65b15afd94153c1f50c92493,dolphin,1,simdrop
65b15afd94153c1f50c92493,starfish,0,simdrop
65b15afd94153c1f50c92493,clam,0,simdrop
65b15afd94153c1f50c92493,ladybug,1,simdrop
65b15afd94153c1f50c92493,scorpion,0,simdrop
65b15afd94153c1f50c92493,scorpion,2,simdrop
65c25cf77dca9d7ca7d9ebdb,dog,2,simdrop
65c25cf77dca9d7ca7d9ebdb,cat,0,simdrop
65c25cf77dca9d7ca7d9ebdb,bird,0,simdrop
65c25cf77dca9d7ca7d9ebdb,lizard,0,simdrop
65c25cf77dca9d7ca7d9ebdb,capybara,1,simdrop
65c25cf77dca9d7ca7d9ebdb,gorilla,0,simdrop
65c25cf77dca9d7ca7d9ebdb,chimpanzee,0,simdrop
65c25cf77dca9d7ca7d9ebdb,orangutan,0,simdrop
65c25cf77dca9d7ca7d9ebdb,frog,0,simdrop
65c25cf77dca9d7ca7d9ebdb,person,0,simdrop
65c25cf77dca9d7ca7d9ebdb,scarab,1,simdrop
65c25cf77dca9d7ca7d9ebdb,catfish,0,simdrop
65c25cf77dca9d7ca7d9ebdb,ratite,0,simdrop
65c25cf77dca9d7ca7d9ebdb,oarfish,0,simdrop
65c25cf77dca9d7ca7d9ebdb,polar bear,0,simdrop
65c25cf77dca9d7ca7d9ebdb,blackfly,1,simdrop
65c25cf77dca9d7ca7d9ebdb,bear,0,simdrop
65c25cf77dca9d7ca7d9ebdb,crow,0,simdrop
65c25cf77dca9d7ca7d9ebdb,yearling,1,simdrop
65c25cf77dca9d7ca7d9ebdb,kangaroo,0,simdrop
65c25cf77dca9d7ca7d9ebdb,rat,1,simdrop
65c25cf77dca9d7ca7d9ebdb,starling,0,simdrop
65c25cf77dca9d7ca7d9ebdb,bighorn,0,simdrop
65c25cf77dca9d7ca7d9ebdb,cobra,1,simdrop
65c25cf77dca9d7ca7d9ebdb,cottonmouth,0,simdrop
65c25cf77dca9d7ca7d9ebdb,groundhog,0,simdrop
65c25cf77dca9d7ca7d9ebdb,dragon,1,simdrop
65c25cf77dca9d7ca7d9ebdb,beaver,0,simdrop
65c25cf77dca9d7ca7d9ebdb,sow,0,simdrop
65c25cf77dca9d7ca7d9ebdb,leopard,1,simdrop
65c25cf77dca9d7ca7d9ebdb,panda,0,simdrop
65c25cf77dca9d7ca7d9ebdb,jaguar,1,simdrop
65c25cf77dca9d7ca7d9ebdb,cheetah,0,simdrop
65c25cf77dca9d7ca7d9ebdb,lions,1,simdrop
65c25cf77dca9d7ca7d9ebdb,hyenas,0,simdrop
65c25cf77dca9d7ca7d9ebdb,elephant,0,simdrop
65c25cf77dca9d7ca7d9ebdb,sea bass,0,simdrop
65c25cf77dca9d7ca7d9ebdb,horse,1,simdrop
65c25cf77dca9d7ca7d9ebdb,rat,0,simdrop
65c25cf77dca9d7ca7d9ebdb,seal,0,simdrop
65c25cf77dca9d7ca7d9ebdb,lionfish,1,simdrop
65c25cf77dca9d7ca7d9ebdb,orca,0,simdrop
65c25cf77dca9d7ca7d9ebdb,dolphin,0,simdrop
65c25cf77dca9d7ca7d9ebdb,jellyfish,1,simdrop
65c25cf77dca9d7ca7d9ebdb,squid,0,simdrop
65c25cf77dca9d7ca7d9ebdb,panda,1,simdrop
65c25cf77dca9d7ca7d9ebdb,octopus,0,simdrop
65c25cf77dca9d7ca7d9ebdb,devil,0,simdrop
65c25cf77dca9d7ca7d9ebdb,badger,1,simdrop
65c25cf77dca9d7ca7d9ebdb,raccoon,0,simdrop
65c25cf77dca9d7ca7d9ebdb,armadillo,2,simdrop
65cb63e160bb47fbf9349269,dogs,2,simdrop
65cb63e160bb47fbf9349269,huntsman,0,simdrop
65cb63e160bb47fbf9349269,rabbit,0,simdrop
65cb63e160bb47fbf9349269,turtle,0,simdrop
65cb63e160bb47fbf9349269,squirrel,0,simdrop
65cb63e160bb47fbf9349269,loris,1,simdrop
65cb63e160bb47fbf9349269,hyenas,0,simdrop
65cb63e160bb47fbf9349269,rat,1,simdrop
65cb63e160bb47fbf9349269,opossum,0,simdrop
65cb63e160bb47fbf9349269,bird,1,simdrop
65cb63e160bb47fbf9349269,chipmunk,0,simdrop
65cb63e160bb47fbf9349269,pigeon,1,simdrop
65cb63e160bb47fbf9349269,eagle,0,simdrop
65cb63e160bb47fbf9349269,lions,1,simdrop
65cb63e160bb47fbf9349269,tiger,0,simdrop
65cb63e160bb47fbf9349269,elephant,0,simdrop
65cb63e160bb47fbf9349269,giraffe,0,simdrop
65cb63e160bb47fbf9349269,brachiosaurus,0,simdrop
65cb63e160bb47fbf9349269,snake,1,simdrop
65cb63e160bb47fbf9349269,buffalo,0,simdrop
65cb63e160bb47fbf9349269,lab,1,simdrop
65cb63e160bb47fbf9349269,chicken,0,simdrop
65cb63e160bb47fbf9349269,dear,0,simdrop
65cb63e160bb47fbf9349269,crane,1,simdrop
65cb63e160bb47fbf9349269,horse,0,simdrop
65cb63e160bb47fbf9349269,kangaroo,0,simdrop
65cb63e160bb47fbf9349269,koala,0,simdrop
65cb63e160bb47fbf9349269,penguin,1,simdrop
65cb63e160bb47fbf9349269,polar bear,0,simdrop
65cb63e160bb47fbf9349269,blackfly,1,simdrop
65cb63e160bb47fbf9349269,bear,0,simdrop
65cb63e160bb47fbf9349269,bronc,0,simdrop
65cb63e160bb47fbf9349269,bear,0,simdrop
65cb63e160bb47fbf9349269,orangutan,1,simdrop
65cb63e160bb47fbf9349269,monkeys,0,simdrop
65cb63e160bb47fbf9349269,fish,1,simdrop
65cb63e160bb47fbf9349269,whale,0,simdrop
65cb63e160bb47fbf9349269,crow,1,simdrop
65cb63e160bb47fbf9349269,seahorse,0,simdrop
65cb63e160bb47fbf9349269,dolphin,0,simdrop
65cb63e160bb47fbf9349269,loris,0,simdrop
65cb63e160bb47fbf9349269,jellyfish,2,simdrop
65cc19b4b3d48a22dfc6756d,fawn,2,simdrop
65cc19b4b3d48a22dfc6756d,panda,0,simdrop
65cc19b4b3d48a22dfc6756d,pony,1,simdrop
65cc19b4b3d48a22dfc6756d,peacock,0,simdrop
65cc19b4b3d48a22dfc6756d,flamingo,0,simdrop
65cc19b4b3d48a22dfc6756d,dolphin,1,simdrop
65cc19b4b3d48a22dfc6756d,shark,0,simdrop
65cc19b4b3d48a22dfc6756d,lion,0,simdrop
65cc19b4b3d48a22dfc6756d,mackerel,1,simdrop
65cc19b4b3d48a22dfc6756d,swine,0,simdrop
65cc19b4b3d48a22dfc6756d,wheatear,0,simdrop
65cc19b4b3d48a22dfc6756d,panda,1,simdrop
65cc19b4b3d48a22dfc6756d,panda,0,simdrop
65cc19b4b3d48a22dfc6756d,meerkat,1,simdrop
65cc19b4b3d48a22dfc6756d,owl,0,simdrop
65cc19b4b3d48a22dfc6756d,roe,1,simdrop
65cc19b4b3d48a22dfc6756d,raven,0,simdrop
65cc19b4b3d48a22dfc6756d,eagle,0,simdrop
65cc19b4b3d48a22dfc6756d,squirrel,1,simdrop
65cc19b4b3d48a22dfc6756d,chipmunk,0,simdrop
65cc19b4b3d48a22dfc6756d,mouse,2,simdrop
65d54b3b524fcafb543d1b23,dog,2,simdrop
65d54b3b524fcafb543d1b23,cat,0,simdrop
65d54b3b524fcafb543d1b23,hippo,1,simdrop
65d54b3b524fcafb543d1b23,rhino,0,simdrop
65d54b3b524fcafb543d1b23,zebra,1,simdrop
65d54b3b524fcafb543d1b23,lion,0,simdrop
65d54b3b524fcafb543d1b23,tiger,0,simdrop
65d54b3b524fcafb543d1b23,bear,0,simdrop
65d54b3b524fcafb543d1b23,egret,0,simdrop
65d54b3b524fcafb543d1b23,whitefly,0,simdrop
65d54b3b524fcafb543d1b23,shark,1,simdrop
65d54b3b524fcafb543d1b23,orca,0,simdrop
65d54b3b524fcafb543d1b23,killdeer,1,simdrop
65d54b3b524fcafb543d1b23,whale,0,simdrop
65d54b3b524fcafb543d1b23,seal,0,simdrop
65d54b3b524fcafb543d1b23,walrus,0,simdrop
65d54b3b524fcafb543d1b23,penguin,0,simdrop
65d54b3b524fcafb543d1b23,monkeys,0,simdrop
65d54b3b524fcafb543d1b23,mouse,1,simdrop
65d54b3b524fcafb543d1b23,rat,0,simdrop
65d54b3b524fcafb543d1b23,kangaroo,1,simdrop
65d54b3b524fcafb543d1b23,snake,0,simdrop
65d54b3b524fcafb543d1b23,fish,0,simdrop
65d54b3b524fcafb543d1b23,dolphin,0,simdrop
65d54b3b524fcafb543d1b23,panda,0,simdrop
65d54b3b524fcafb543d1b23,pupa,1,simdrop
65d54b3b524fcafb543d1b23,pupa,0,simdrop
65d54b3b524fcafb543d1b23,pupa,0,simdrop
65d54b3b524fcafb543d1b23,pupa,0,simdrop
65d54b3b524fcafb543d1b23,terrapin,2,simdrop
65d6a09286a0c99e632a46dd,bird,2,simdrop
65d6a09286a0c99e632a46dd,cat,0,simdrop
65d6a09286a0c99e632a46dd,dogs,0,simdrop
65d6a09286a0c99e632a46dd,lizard,1,simdrop
65d6a09286a0c99e632a46dd,frog,0,simdrop
65d6a09286a0c99e632a46dd,fish,0,simdrop
65d6a09286a0c99e632a46dd,tiger,1,simdrop
65d6a09286a0c99e632a46dd,lions,0,simdrop
65d6a09286a0c99e632a46dd,elephant,1,simdrop
65d6a09286a0c99e632a46dd,monkeys,0,simdrop
65d6a09286a0c99e632a46dd,panda,0,simdrop
65d6a09286a0c99e632a46dd,horse,1,simdrop
65d6a09286a0c99e632a46dd,snake,0,simdrop
65d6a09286a0c99e632a46dd,dear,0,simdrop
65d6a09286a0c99e632a46dd,panda,1,simdrop
65d6a09286a0c99e632a46dd,raccoon,0,simdrop
65d6a09286a0c99e632a46dd,jaguar,1,simdrop
65d6a09286a0c99e632a46dd,cougar,0,simdrop
65d6a09286a0c99e632a46dd,hamster,0,simdrop
65d6a09286a0c99e632a46dd,camel,1,simdrop
65d6a09286a0c99e632a46dd,bear,0,simdrop
65d6a09286a0c99e632a46dd,hyena,0,simdrop
65d6a09286a0c99e632a46dd,badger,0,simdrop
65d6a09286a0c99e632a46dd,wolverine,0,simdrop
65d6a09286a0c99e632a46dd,porcupine,1,simdrop
65d6a09286a0c99e632a46dd,chipmunk,0,simdrop
65d6a09286a0c99e632a46dd,zebra,1,simdrop
65d6a09286a0c99e632a46dd,hippo,0,simdrop
65d6a09286a0c99e632a46dd,giraffe,0,simdrop
65d6a09286a0c99e632a46dd,ox,0,simdrop
65d6a09286a0c99e632a46dd,gator,2,simdrop
65e1f75ab3efd22e847cfbf0,dog,2,simdrop
65e1f75ab3efd22e847cfbf0,cat,0,simdrop
65e1f75ab3efd22e847cfbf0,elephant,0,simdrop
65e1f75ab3efd22e847cfbf0,bird,1,simdrop
65e1f75ab3efd22e847cfbf0,squirrel,0,simdrop
65e1f75ab3efd22e847cfbf0,lion,1,simdrop
65e1f75ab3efd22e847cfbf0,tiger,0,simdrop
65e1f75ab3efd22e847cfbf0,monkey,0,simdrop
65e1f75ab3efd22e847cfbf0,wolf,1,simdrop
65e1f75ab3efd22e847cfbf0,coyote,0,simdrop
65e1f75ab3efd22e847cfbf0,goby,1,simdrop
65e1f75ab3efd22e847cfbf0,chicken,0,simdrop
65e1f75ab3efd22e847cfbf0,towhee,0,simdrop
65e1f75ab3efd22e847cfbf0,guineafowl,0,simdrop
65e1f75ab3efd22e847cfbf0,pig,1,simdrop
65e1f75ab3efd22e847cfbf0,penguin,0,simdrop
65e1f75ab3efd22e847cfbf0,mare,1,simdrop
65e1f75ab3efd22e847cfbf0,gal,0,simdrop
65e1f75ab3efd22e847cfbf0,hermit,1,simdrop
65e1f75ab3efd22e847cfbf0,lizard,0,simdrop
65e1f75ab3efd22e847cfbf0,akita,0,simdrop
65e1f75ab3efd22e847cfbf0,pollywog,1,simdrop
65e1f75ab3efd22e847cfbf0,loon,0,simdrop
65e1f75ab3efd22e847cfbf0,ox,0,simdrop
65e1f75ab3efd22e847cfbf0,hart,0,simdrop
65e1f75ab3efd22e847cfbf0,rabbit,1,simdrop
65e1f75ab3efd22e847cfbf0,snail,0,simdrop
65e1f75ab3efd22e847cfbf0,bulldog,1,simdrop
65e1f75ab3efd22e847cfbf0,cattle,0,simdrop
65e1f75ab3efd22e847cfbf0,dog,0,simdrop
65e1f75ab3efd22e847cfbf0,chicken,0,simdrop
65e1f75ab3efd22e847cfbf0,shark,1,simdrop
65e1f75ab3efd22e847cfbf0,rat,0,simdrop
65e1f75ab3efd22e847cfbf0,owl,0,simdrop
65e1f75ab3efd22e847cfbf0,hound,0,simdrop
65e1f75ab3efd22e847cfbf0,hart,0,simdrop
65e1f75ab3efd22e847cfbf0,beagle,1,simdrop
65e1f75ab3efd22e847cfbf0,beaver,0,simdrop
65e1f75ab3efd22e847cfbf0,westie,0,simdrop
65e1f75ab3efd22e847cfbf0,whale,1,simdrop
65e1f75ab3efd22e847cfbf0,whale,0,simdrop
65e1f75ab3efd22e847cfbf0,whale,0,simdrop
65e1f75ab3efd22e847cfbf0,panda,0,simdrop
65e1f75ab3efd22e847cfbf0,cobra,1,simdrop
65e1f75ab3efd22e847cfbf0,camel,0,simdrop
65e1f75ab3efd22e847cfbf0,turtle,0,simdrop
65e1f75ab3efd22e847cfbf0,man,0,simdrop
65e1f75ab3efd22e847cfbf0,alligator,1,simdrop
65e1f75ab3efd22e847cfbf0,whale,0,simdrop
65e1f75ab3efd22e847cfbf0,chimpanzee,1,simdrop
65e1f75ab3efd22e847cfbf0,gorilla,0,simdrop
65e1f75ab3efd22e847cfbf0,boa,0,simdrop
65e1f75ab3efd22e847cfbf0,deer,1,simdrop
65e1f75ab3efd22e847cfbf0,kangaroo,0,simdrop
65e1f75ab3efd22e847cfbf0,koala,0,simdrop
65e1f75ab3efd22e847cfbf0,zebra,0,simdrop
65e1f75ab3efd22e847cfbf0,mouse,2,simdrop
65e358d9c5e3ee026268b2a7,cat,2,simdrop
65e358d9c5e3ee026268b2a7,dogs,0,simdrop
65e358d9c5e3ee026268b2a7,bird,1,simdrop
65e358d9c5e3ee026268b2a7,rabbit,0,simdrop
65e358d9c5e3ee026268b2a7,zebra,1,simdrop
65e358d9c5e3ee026268b2a7,elephant,0,simdrop
65e358d9c5e3ee026268b2a7,giraffe,0,simdrop
65e358d9c5e3ee026268b2a7,prairie dog,1,simdrop
65e358d9c5e3ee026268b2a7,dog,0,simdrop
65e358d9c5e3ee026268b2a7,lizard,1,simdrop
65e358d9c5e3ee026268b2a7,rat,0,simdrop
65e358d9c5e3ee026268b2a7,frog,0,simdrop
65e358d9c5e3ee026268b2a7,fish,0,simdrop
65e358d9c5e3ee026268b2a7,goldfish,0,simdrop
65e358d9c5e3ee026268b2a7,puffer,1,simdrop
65e358d9c5e3ee026268b2a7,fish,0,simdrop
65e358d9c5e3ee026268b2a7,cow,0,simdrop
65e358d9c5e3ee026268b2a7,fish,0,simdrop
65e358d9c5e3ee026268b2a7,jellyfish,1,simdrop
65e358d9c5e3ee026268b2a7,shark,0,simdrop
65e358d9c5e3ee026268b2a7,whale,0,simdrop
65e358d9c5e3ee026268b2a7,snake,1,simdrop
65e358d9c5e3ee026268b2a7,cobra,0,simdrop
65e358d9c5e3ee026268b2a7,rattlesnake,0,simdrop
65e358d9c5e3ee026268b2a7,darter,0,simdrop
65e358d9c5e3ee026268b2a7,snake,1,simdrop
65e358d9c5e3ee026268b2a7,lions,0,simdrop
65e358d9c5e3ee026268b2a7,tiger,0,simdrop
65e358d9c5e3ee026268b2a7,monkeys,1,simdrop
65e358d9c5e3ee026268b2a7,gorilla,0,simdrop
65e358d9c5e3ee026268b2a7,wolf,0,simdrop
65e358d9c5e3ee026268b2a7,panda,0,simdrop
65e358d9c5e3ee026268b2a7,roe,0,simdrop
65e358d9c5e3ee026268b2a7,panda,0,simdrop
65e358d9c5e3ee026268b2a7,polar bear,0,simdrop
65e358d9c5e3ee026268b2a7,grizzly,0,simdrop
65e358d9c5e3ee026268b2a7,bear,0,simdrop
65e358d9c5e3ee026268b2a7,bronc,0,simdrop
65e358d9c5e3ee026268b2a7,bear,0,simdrop
65e358d9c5e3ee026268b2a7,blackfly,0,simdrop
65e358d9c5e3ee026268b2a7,bear,0,simdrop
65e358d9c5e3ee026268b2a7,ferret,0,simdrop
65e358d9c5e3ee026268b2a7,kangaroo,2,simdrop
65e862f844f1b7a803bb3c5a,gorilla,2,simdrop
65e862f844f1b7a803bb3c5a,harrier,0,simdrop
65e862f844f1b7a803bb3c5a,alligator,1,simdrop
65e862f844f1b7a803bb3c5a,bald eagle,0,simdrop
65e862f844f1b7a803bb3c5a,wolf,0,simdrop
65e862f844f1b7a803bb3c5a,dear,0,simdrop
65e862f844f1b7a803bb3c5a,bearcat,1,simdrop
65e862f844f1b7a803bb3c5a,monkey,0,simdrop
65e862f844f1b7a803bb3c5a,giraffe,0,simdrop
65e862f844f1b7a803bb3c5a,kangaroo,0,simdrop
65e862f844f1b7a803bb3c5a,loon,1,simdrop
65e862f844f1b7a803bb3c5a,lion,0,simdrop
65e862f844f1b7a803bb3c5a,zebra,0,simdrop
65e862f844f1b7a803bb3c5a,hippopotamus,0,simdrop
65e862f844f1b7a803bb3c5a,sheep,1,simdrop
65e862f844f1b7a803bb3c5a,towhee,0,simdrop
65e862f844f1b7a803bb3c5a,tiger,0,simdrop
65e862f844f1b7a803bb3c5a,snail,0,simdrop
65e862f844f1b7a803bb3c5a,dolphin,1,simdrop
65e862f844f1b7a803bb3c5a,elephant,0,simdrop
65e862f844f1b7a803bb3c5a,ox,0,simdrop
65e862f844f1b7a803bb3c5a,panda,1,simdrop
65e862f844f1b7a803bb3c5a,antelope,0,simdrop
65e862f844f1b7a803bb3c5a,badger,0,simdrop
65e862f844f1b7a803bb3c5a,chimpanzee,1,simdrop
65e862f844f1b7a803bb3c5a,donkey,0,simdrop
65e862f844f1b7a803bb3c5a,polar,1,simdrop
65e862f844f1b7a803bb3c5a,bear,0,simdrop
65e862f844f1b7a803bb3c5a,stork,1,simdrop
65e862f844f1b7a803bb3c5a,tody,0,simdrop
65e862f844f1b7a803bb3c5a,porcupine,0,simdrop
65e862f844f1b7a803bb3c5a,rabbit,0,simdrop
65e862f844f1b7a803bb3c5a,pigeon,0,simdrop
65e862f844f1b7a803bb3c5a,fish,0,simdrop
65e862f844f1b7a803bb3c5a,frog,0,simdrop
65e862f844f1b7a803bb3c5a,ostrich,0,simdrop
65e862f844f1b7a803bb3c5a,goats,1,simdrop
65e862f844f1b7a803bb3c5a,jackal,0,simdrop
65e862f844f1b7a803bb3c5a,goose,1,simdrop
65e862f844f1b7a803bb3c5a,calf,0,simdrop
65e862f844f1b7a803bb3c5a,python,1,simdrop
65e862f844f1b7a803bb3c5a,lizard,0,simdrop
65e862f844f1b7a803bb3c5a,jellyfish,0,simdrop
65e862f844f1b7a803bb3c5a,mouse,0,simdrop
65e862f844f1b7a803bb3c5a,calf,0,simdrop
65e862f844f1b7a803bb3c5a,raccoon,1,simdrop
65e862f844f1b7a803bb3c5a,baboon,0,simdrop
65e862f844f1b7a803bb3c5a,rockfish,1,simdrop
65e862f844f1b7a803bb3c5a,bluefin,0,simdrop
65e862f844f1b7a803bb3c5a,whale,0,simdrop
65e862f844f1b7a803bb3c5a,cock,2,simdrop
