SID,entry
910517,microwave
910517,blender
910517,oven
910517,pantry
910517,apron
910517,spatula
910517,whisk
910517,tea cups
910517,blender
910517,peeler
910517,instant pot
910517,pantry
910517,microwave
910517,blender
910517,oven
910517,pantry
910517,apron
910517,spatula
910517,whisk
910517,tea cups
910517,blender
910517,peeler
910517,instant pot
910517,pantry
4144,sink
4144,oven
4144,stove
4144,pantry
4144,tea pot
4144,pot holders
4144,sink
4144,oven
4144,microwave
4144,juicer
4144,dishwasher
4144,cabinets
4144,spice jars
4144,peeler
538590,sink
538590,dishwasher
538590,pantry
538590,cabinets
538590,refrigerator
538590,stove
538590,oven
538590,microwave
538590,grater
538590,kettle
538590,pantry
538590,oven
538590,butter dish
538590,spatula
929641,pantry
929641,dishwasher
929641,tea cups
929641,oven
929641,stove
929641,microwave
929641,juicer
929641,apron
929641,peeler
929641,apron
929641,oven
929641,grater
929641,bread box
929641,stove
929641,tongs
929641,trash can
929641,grater
395439,tea cups
395439,spatula
395439,oven
395439,dishwasher
395439,tongs
395439,sink
395439,stove
395439,cabinets
395439,sink
395439,spice jars
395439,grater
395439,toaster
395439,blender
395439,oven
