SID,entry
60da4f9aa1ced7efeecca18a,hotel
60da4f9aa1ced7efeecca18a,hostel
60da4f9aa1ced7efeecca18a,timeshare
60da4f9aa1ced7efeecca18a,apartment
60da4f9aa1ced7efeecca18a,townhouse
60da4f9aa1ced7efeecca18a,resort
60da4f9aa1ced7efeecca18a,tent
60da4f9aa1ced7efeecca18a,motel
60da4f9aa1ced7efeecca18a,duplex
60da4f9aa1ced7efeecca18a,homestay
60da4f9aa1ced7efeecca18a,hostel
65cb586172a8853f26cc8eec,hotel
65cb586172a8853f26cc8eec,eco-lodge
65cb586172a8853f26cc8eec,campsite
65cb586172a8853f26cc8eec,hotel
65cb586172a8853f26cc8eec,gulet
65cb586172a8853f26cc8eec,chalet
65c18079d4f634d2c8a0728c,campsite
65c18079d4f634d2c8a0728c,loft
65c18079d4f634d2c8a0728c,chalet
5d3cc9010e510a00013df6f6,lodge
5d3cc9010e510a00013df6f6,chalet
5d3cc9010e510a00013df6f6,riad
5d3cc9010e510a00013df6f6,hotel
5d3cc9010e510a00013df6f6,hotel
6595e3b4dc9090390e4edb5f,apartment
6595e3b4dc9090390e4edb5f,hotel
6595e3b4dc9090390e4edb5f,motel
6595e3b4dc9090390e4edb5f,cabin
6595e3b4dc9090390e4edb5f,treehouse
6595e3b4dc9090390e4edb5f,lodge
6595e3b4dc9090390e4edb5f,homestay
6595e3b4dc9090390e4edb5f,gulet
6595e3b4dc9090390e4edb5f,hostel
6595e3b4dc9090390e4edb5f,hostel
6595e3b4dc9090390e4edb5f,resort
6595e3b4dc9090390e4edb5f,cabin
5c1942e200849900010afdcd,hotel
5c1942e200849900010afdcd,apartment
5c1942e200849900010afdcd,motel
5c1942e200849900010afdcd,hostel
5c1942e200849900010afdcd,resort
65cbcaaab9e2fae86452af73,dhow
65cbcaaab9e2fae86452af73,palace
65cbcaaab9e2fae86452af73,apartment
65cbcaaab9e2fae86452af73,motel
65cbcaaab9e2fae86452af73,suite
65cbcaaab9e2fae86452af73,lodge
65cbcaaab9e2fae86452af73,cabin
65cbcaaab9e2fae86452af73,palace
65cbcaaab9e2fae86452af73,barge
5e7fefe06c12706d47e35211,hotel
5e7fefe06c12706d47e35211,bunk bed
5e7fefe06c12706d47e35211,resort
5e7fefe06c12706d47e35211,chalet
5e7fefe06c12706d47e35211,motel
5e7fefe06c12706d47e35211,cabin
612e6569f68929afb886fb5c,hotel
612e6569f68929afb886fb5c,motel
612e6569f68929afb886fb5c,resort
612e6569f68929afb886fb5c,resort
612e6569f68929afb886fb5c,ranch
612e6569f68929afb886fb5c,cabin
612e6569f68929afb886fb5c,hostel
612e6569f68929afb886fb5c,apartment
612e6569f68929afb886fb5c,tent
612e6569f68929afb886fb5c,cabin
612e6569f68929afb886fb5c,campsite
612e6569f68929afb886fb5c,tent
612e6569f68929afb886fb5c,hostel
612e6569f68929afb886fb5c,motel
612e6569f68929afb886fb5c,inn
65d26dcd13d9c8026aa92c4a,campsite
65d26dcd13d9c8026aa92c4a,tent
65d26dcd13d9c8026aa92c4a,cabin
65d26dcd13d9c8026aa92c4a,ryokan
5f6c102b6ec04317fc9a8127,apartment
5f6c102b6ec04317fc9a8127,barge
5f6c102b6ec04317fc9a8127,lodge
65c10fdabd93bdc59f95835b,studio
65c10fdabd93bdc59f95835b,resort
65c10fdabd93bdc59f95835b,marae
65c10fdabd93bdc59f95835b,suite
65c10fdabd93bdc59f95835b,palace
65c10fdabd93bdc59f95835b,hotel
65c10fdabd93bdc59f95835b,hotel
61035836646fb6ee2152f950,motel
61035836646fb6ee2152f950,hostel
61035836646fb6ee2152f950,motel
61035836646fb6ee2152f950,cabin
61035836646fb6ee2152f950,ranch
61035836646fb6ee2152f950,resort
61035836646fb6ee2152f950,inn
61035836646fb6ee2152f950,cottage
65f1ec7ae5a09035345db62e,hotel
65f1ec7ae5a09035345db62e,motel
65f1ec7ae5a09035345db62e,hostel
65f1ec7ae5a09035345db62e,hostel
65f1ec7ae5a09035345db62e,resort
65f1ec7ae5a09035345db62e,resort
65d6af2397543519d98f2498,motel
65d6af2397543519d98f2498,motel
65d6af2397543519d98f2498,apartment
65d6af2397543519d98f2498,apartment
65d6af2397543519d98f2498,townhouse
65d6af2397543519d98f2498,duplex
65d6af2397543519d98f2498,hotel
5e8a76b3939b3072dc76fb5c,hotel
5e8a76b3939b3072dc76fb5c,motel
5e8a76b3939b3072dc76fb5c,apartment
5e8a76b3939b3072dc76fb5c,homestay
5e8a76b3939b3072dc76fb5c,tent
5e8a76b3939b3072dc76fb5c,homestay
5e8a76b3939b3072dc76fb5c,resort
65f3d5016e5acb0fd67df6ee,motel
65f3d5016e5acb0fd67df6ee,motel
65512e3cc12f463bc327b7c3,motel
65512e3cc12f463bc327b7c3,apartment
65512e3cc12f463bc327b7c3,teepee
65512e3cc12f463bc327b7c3,cabin
65512e3cc12f463bc327b7c3,apartment
65512e3cc12f463bc327b7c3,campervan
65512e3cc12f463bc327b7c3,gulet
65512e3cc12f463bc327b7c3,hostel
65512e3cc12f463bc327b7c3,cottage
65512e3cc12f463bc327b7c3,cottage
5c4a428161c51f0001e96b3f,hotel
5c4a428161c51f0001e96b3f,tent
5c4a428161c51f0001e96b3f,motel
5c4a428161c51f0001e96b3f,hostel
5c4a428161c51f0001e96b3f,mansion
5c4a428161c51f0001e96b3f,motel
5c4a428161c51f0001e96b3f,homestay
5c4a428161c51f0001e96b3f,inn
5c4a428161c51f0001e96b3f,suite
5c4a428161c51f0001e96b3f,suite
5c4a428161c51f0001e96b3f,motel
5c4a428161c51f0001e96b3f,hotel
5c4a428161c51f0001e96b3f,barge
5c4a428161c51f0001e96b3f,motel
5c4a428161c51f0001e96b3f,hotel
5c4a428161c51f0001e96b3f,inn
65ef726771fe85fd222416d1,hotel
65ef726771fe85fd222416d1,motel
65ef726771fe85fd222416d1,glamping
5ed9311e1a69d449577bb8cf,motel
5ed9311e1a69d449577bb8cf,hotel
5ed9311e1a69d449577bb8cf,apartment
5ed9311e1a69d449577bb8cf,pension
5ed9311e1a69d449577bb8cf,motel
5ed9311e1a69d449577bb8cf,inn
5ed9311e1a69d449577bb8cf,ranch
5ed9311e1a69d449577bb8cf,hotel
5ed9311e1a69d449577bb8cf,resort
5ed9311e1a69d449577bb8cf,farmstay
5ed9311e1a69d449577bb8cf,ranch
5ed9311e1a69d449577bb8cf,rv park
5ed9311e1a69d449577bb8cf,gulet
65e63b7fc845c96c2c2520bc,hotel
65e63b7fc845c96c2c2520bc,motel
65e63b7fc845c96c2c2520bc,apartment
65e63b7fc845c96c2c2520bc,lodge
65e63b7fc845c96c2c2520bc,marae
65e63b7fc845c96c2c2520bc,cottage
65e63b7fc845c96c2c2520bc,caravan
65e63b7fc845c96c2c2520bc,glamping
65f36565fe88b95d6806e496,homestay
65f36565fe88b95d6806e496,palace
65f36565fe88b95d6806e496,suite
65f36565fe88b95d6806e496,farmstay
65f36565fe88b95d6806e496,farmstay
65f36565fe88b95d6806e496,resort
65f36565fe88b95d6806e496,castle
65f36565fe88b95d6806e496,hotel
65f36565fe88b95d6806e496,motel
65f36565fe88b95d6806e496,tent
65f36565fe88b95d6806e496,homestay
65f36565fe88b95d6806e496,hotel
65f36565fe88b95d6806e496,hostel
65f36565fe88b95d6806e496,inn
65f36565fe88b95d6806e496,motel
65778c02cde55736bb830eca,campsite
65778c02cde55736bb830eca,palace
65778c02cde55736bb830eca,dhow
65cc2139907d390e13480a97,hotel
65cc2139907d390e13480a97,motel
65cc2139907d390e13480a97,hotel
65cc2139907d390e13480a97,cabin
65cc2139907d390e13480a97,palace
65cc2139907d390e13480a97,glamping
65cc2139907d390e13480a97,glamping
65cc2139907d390e13480a97,apartment
65cc2139907d390e13480a97,hostel
65cc2139907d390e13480a97,resort
65cc2139907d390e13480a97,gulet
5fc6df58f380620a09116434,suite
5fc6df58f380620a09116434,resort
5fc6df58f380620a09116434,barge
5fc6df58f380620a09116434,chalet
5fc6df58f380620a09116434,tent
65eeceee847314e8232923c9,hostel
65eeceee847314e8232923c9,hotel
65eeceee847314e8232923c9,motel
65eeceee847314e8232923c9,hostel
65eeceee847314e8232923c9,farmstay
65eeceee847314e8232923c9,barge
65eeceee847314e8232923c9,hotel
65eeceee847314e8232923c9,gulet
65eeceee847314e8232923c9,hostel
65eeceee847314e8232923c9,hostel
65eeceee847314e8232923c9,hotel
60fcf1a04c245326d05076e0,motel
60fcf1a04c245326d05076e0,hostel
60fcf1a04c245326d05076e0,hostel
60fcf1a04c245326d05076e0,apartment
60fcf1a04c245326d05076e0,penthouse
60fcf1a04c245326d05076e0,townhouse
60fcf1a04c245326d05076e0,duplex
60fcf1a04c245326d05076e0,condominium
