SID,entry
5f1f3581b5cf3e103cc545c9,drum
5f1f3581b5cf3e103cc545c9,saxophone
5f1f3581b5cf3e103cc545c9,piano
5f1f3581b5cf3e103cc545c9,piccolo
5f1f3581b5cf3e103cc545c9,cello
5f1f3581b5cf3e103cc545c9,bassoon
5f1f3581b5cf3e103cc545c9,clarinet
5f1f3581b5cf3e103cc545c9,accordion
6001487015e5f62961639e7d,guitar
6001487015e5f62961639e7d,banjo
6001487015e5f62961639e7d,violin
6001487015e5f62961639e7d,ukulele
6001487015e5f62961639e7d,piano
6001487015e5f62961639e7d,organ
6001487015e5f62961639e7d,flute
6001487015e5f62961639e7d,clarinet
6001487015e5f62961639e7d,trumpet
6001487015e5f62961639e7d,trombone
6001487015e5f62961639e7d,tuba
6001487015e5f62961639e7d,saxophone
6001487015e5f62961639e7d,drum
6001487015e5f62961639e7d,harp
6001487015e5f62961639e7d,cello
6001487015e5f62961639e7d,xylophone
6001487015e5f62961639e7d,cymbals
6001487015e5f62961639e7d,recorder
6001487015e5f62961639e7d,piano
6001487015e5f62961639e7d,flute
6001487015e5f62961639e7d,harmonica
65d6a09286a0c99e632a46dd,flute
65d6a09286a0c99e632a46dd,saxophone
65d6a09286a0c99e632a46dd,guitar
65d6a09286a0c99e632a46dd,piano
65d6a09286a0c99e632a46dd,trombone
65d6a09286a0c99e632a46dd,clarinet
65d6a09286a0c99e632a46dd,drum
65d6a09286a0c99e632a46dd,xylophone
65d6a09286a0c99e632a46dd,ukelin
65d6a09286a0c99e632a46dd,viola
65d6a09286a0c99e632a46dd,zills
65d6a09286a0c99e632a46dd,recorder
65d6a09286a0c99e632a46dd,accordion
65d6a09286a0c99e632a46dd,tambourine
65d6a09286a0c99e632a46dd,trumpet
65d6a09286a0c99e632a46dd,tsymbaly
65d6a09286a0c99e632a46dd,musical saw
65d6a09286a0c99e632a46dd,banjo
65d6a09286a0c99e632a46dd,tuba
601f6a2231a2904b79df1671,guitar
601f6a2231a2904b79df1671,mandolin
601f6a2231a2904b79df1671,banjo
601f6a2231a2904b79df1671,ukulele
601f6a2231a2904b79df1671,violin
601f6a2231a2904b79df1671,cello
601f6a2231a2904b79df1671,contrabassoon
601f6a2231a2904b79df1671,guitar
601f6a2231a2904b79df1671,erhu
601f6a2231a2904b79df1671,viola
601f6a2231a2904b79df1671,trombone
601f6a2231a2904b79df1671,trumpet
601f6a2231a2904b79df1671,organ
601f6a2231a2904b79df1671,tuba
601f6a2231a2904b79df1671,sousaphone
601f6a2231a2904b79df1671,clarinet
601f6a2231a2904b79df1671,flute
601f6a2231a2904b79df1671,bassoon
601f6a2231a2904b79df1671,clarinet
601f6a2231a2904b79df1671,piccolo
601f6a2231a2904b79df1671,drum
601f6a2231a2904b79df1671,xylophone
601f6a2231a2904b79df1671,piano
601f6a2231a2904b79df1671,synthesizer
601f6a2231a2904b79df1671,glockenspiel
63ea4ab1ce4168cbe9f63775,guitar
63ea4ab1ce4168cbe9f63775,guitar
63ea4ab1ce4168cbe9f63775,piano
63ea4ab1ce4168cbe9f63775,harp
63ea4ab1ce4168cbe9f63775,sho
63ea4ab1ce4168cbe9f63775,violin
63ea4ab1ce4168cbe9f63775,bassoon
63ea4ab1ce4168cbe9f63775,guitar
63ea4ab1ce4168cbe9f63775,drum
63ea4ab1ce4168cbe9f63775,trumpet
63ea4ab1ce4168cbe9f63775,trombone
63ea4ab1ce4168cbe9f63775,tuba
63ea4ab1ce4168cbe9f63775,saxophone
63ea4ab1ce4168cbe9f63775,algoza
63ea4ab1ce4168cbe9f63775,saxophone
63ea4ab1ce4168cbe9f63775,flute
63ea4ab1ce4168cbe9f63775,piccolo
63ea4ab1ce4168cbe9f63775,clarinet
63ea4ab1ce4168cbe9f63775,synthesizer
63ea4ab1ce4168cbe9f63775,xylophone
63ea4ab1ce4168cbe9f63775,triangle
63ea4ab1ce4168cbe9f63775,timpani
63ea4ab1ce4168cbe9f63775,drum
63ea4ab1ce4168cbe9f63775,sitar
63ea4ab1ce4168cbe9f63775,drum
63ea4ab1ce4168cbe9f63775,bassoon
63ea4ab1ce4168cbe9f63775,drum
63ea4ab1ce4168cbe9f63775,sousaphone
63e802622f8052bd67d6c5f0,guitar
63e802622f8052bd67d6c5f0,drum
63e802622f8052bd67d6c5f0,saxophone
63e802622f8052bd67d6c5f0,clarinet
63e802622f8052bd67d6c5f0,flute
63e802622f8052bd67d6c5f0,violin
63e802622f8052bd67d6c5f0,harp
60a48adfe091e410f4eaba34,piano
60a48adfe091e410f4eaba34,guitar
60a48adfe091e410f4eaba34,xylophone
60a48adfe091e410f4eaba34,drum
60a48adfe091e410f4eaba34,cymbals
60a48adfe091e410f4eaba34,flute
60a48adfe091e410f4eaba34,violin
60a48adfe091e410f4eaba34,glockenspiel
60a48adfe091e410f4eaba34,synthesizer
60a48adfe091e410f4eaba34,guitar
60a48adfe091e410f4eaba34,guitar
60a48adfe091e410f4eaba34,bassoon
60a48adfe091e410f4eaba34,guitar
60a48adfe091e410f4eaba34,banjo
60a48adfe091e410f4eaba34,accordion
60a48adfe091e410f4eaba34,saxophone
60a48adfe091e410f4eaba34,bassoon
60a48adfe091e410f4eaba34,clarinet
60a48adfe091e410f4eaba34,trumpet
60a48adfe091e410f4eaba34,cello
610c59ee34cc312d7ca55e45,drum
610c59ee34cc312d7ca55e45,guitar
610c59ee34cc312d7ca55e45,harp
610c59ee34cc312d7ca55e45,piano
610c59ee34cc312d7ca55e45,lute
610c59ee34cc312d7ca55e45,clarinet
610c59ee34cc312d7ca55e45,recorder
610c59ee34cc312d7ca55e45,zither
610c59ee34cc312d7ca55e45,triangle
610c59ee34cc312d7ca55e45,saxophone
610c59ee34cc312d7ca55e45,tuba
610c59ee34cc312d7ca55e45,trombone
60d731567049e5132e3cc4d4,guitar
60d731567049e5132e3cc4d4,guitar
60d731567049e5132e3cc4d4,bassoon
60d731567049e5132e3cc4d4,guitar
60d731567049e5132e3cc4d4,cello
60d731567049e5132e3cc4d4,sitar
60d731567049e5132e3cc4d4,drum
60d731567049e5132e3cc4d4,tambourine
60d731567049e5132e3cc4d4,cymbals
60d731567049e5132e3cc4d4,harmonica
60d731567049e5132e3cc4d4,accordion
60d731567049e5132e3cc4d4,piccolo
60d731567049e5132e3cc4d4,flute
60d731567049e5132e3cc4d4,oboe
60d731567049e5132e3cc4d4,saxophone
60d731567049e5132e3cc4d4,trumpet
60d731567049e5132e3cc4d4,trombone
60d731567049e5132e3cc4d4,xylophone
60d731567049e5132e3cc4d4,vibraphone
60d731567049e5132e3cc4d4,piano
60d731567049e5132e3cc4d4,harp
60d731567049e5132e3cc4d4,violin
60d731567049e5132e3cc4d4,viola
60d731567049e5132e3cc4d4,synthesizer
60d731567049e5132e3cc4d4,recorder
60d731567049e5132e3cc4d4,bongo
60d731567049e5132e3cc4d4,triangle
6554de7d91c1b1bf51104fda,trombone
6554de7d91c1b1bf51104fda,piano
6554de7d91c1b1bf51104fda,guitar
6554de7d91c1b1bf51104fda,drum
6554de7d91c1b1bf51104fda,serpent
6554de7d91c1b1bf51104fda,cymbals
6554de7d91c1b1bf51104fda,tuba
6554de7d91c1b1bf51104fda,harp
6554de7d91c1b1bf51104fda,banjo
6554de7d91c1b1bf51104fda,clarinet
6554de7d91c1b1bf51104fda,flute
6554de7d91c1b1bf51104fda,saxophone
6554de7d91c1b1bf51104fda,xylophone
6554de7d91c1b1bf51104fda,bongo
6554de7d91c1b1bf51104fda,bassoon
6554de7d91c1b1bf51104fda,ukulele
6554de7d91c1b1bf51104fda,mandolin
6554de7d91c1b1bf51104fda,violin
6554de7d91c1b1bf51104fda,accordion
6554de7d91c1b1bf51104fda,organ
6554de7d91c1b1bf51104fda,triangle
6554de7d91c1b1bf51104fda,oud
6554de7d91c1b1bf51104fda,bassoon
6554de7d91c1b1bf51104fda,sitar
6554de7d91c1b1bf51104fda,didgeridoo
6554de7d91c1b1bf51104fda,lur
6554de7d91c1b1bf51104fda,banjo
654108d38225e168af4b1fa0,piano
654108d38225e168af4b1fa0,guitar
654108d38225e168af4b1fa0,cello
654108d38225e168af4b1fa0,triangle
654108d38225e168af4b1fa0,drum
654108d38225e168af4b1fa0,accordion
654108d38225e168af4b1fa0,harmonica
654108d38225e168af4b1fa0,ukulele
654108d38225e168af4b1fa0,flute
654108d38225e168af4b1fa0,recorder
654108d38225e168af4b1fa0,trombone
654108d38225e168af4b1fa0,saxophone
654108d38225e168af4b1fa0,trumpet
654108d38225e168af4b1fa0,harp
654108d38225e168af4b1fa0,viola
654108d38225e168af4b1fa0,violin
654108d38225e168af4b1fa0,banjo
654108d38225e168af4b1fa0,tar
654108d38225e168af4b1fa0,conga
6081806ab383aa89f6c61940,tuba
6081806ab383aa89f6c61940,trumpet
6081806ab383aa89f6c61940,saxophone
6081806ab383aa89f6c61940,clarinet
6081806ab383aa89f6c61940,oboe
6081806ab383aa89f6c61940,flute
6081806ab383aa89f6c61940,piccolo
6081806ab383aa89f6c61940,guitar
6081806ab383aa89f6c61940,bassoon
6081806ab383aa89f6c61940,drum
6081806ab383aa89f6c61940,tuba
6081806ab383aa89f6c61940,trombone
6081806ab383aa89f6c61940,recorder
6081806ab383aa89f6c61940,harmonica
6081806ab383aa89f6c61940,triangle
6081806ab383aa89f6c61940,violin
6081806ab383aa89f6c61940,cello
6081806ab383aa89f6c61940,banjo
65cc19b4b3d48a22dfc6756d,piano
65cc19b4b3d48a22dfc6756d,guitar
65cc19b4b3d48a22dfc6756d,flute
65cc19b4b3d48a22dfc6756d,saxophone
65cc19b4b3d48a22dfc6756d,cello
65cc19b4b3d48a22dfc6756d,oboe
65cc19b4b3d48a22dfc6756d,recorder
65cc19b4b3d48a22dfc6756d,xylophone
65cc19b4b3d48a22dfc6756d,clarinet
65cc19b4b3d48a22dfc6756d,drum
65cc19b4b3d48a22dfc6756d,bongo
65e862f844f1b7a803bb3c5a,clarinet
65e862f844f1b7a803bb3c5a,saxophone
65e862f844f1b7a803bb3c5a,trumpet
65e862f844f1b7a803bb3c5a,sitar
65e862f844f1b7a803bb3c5a,flute
65e862f844f1b7a803bb3c5a,drum
65e862f844f1b7a803bb3c5a,piano
65e862f844f1b7a803bb3c5a,xylophone
65e862f844f1b7a803bb3c5a,xylophone
65e862f844f1b7a803bb3c5a,accordion
65e862f844f1b7a803bb3c5a,trombone
65e862f844f1b7a803bb3c5a,recorder
65e862f844f1b7a803bb3c5a,oboe
65e862f844f1b7a803bb3c5a,viola
65e862f844f1b7a803bb3c5a,harmonica
65e862f844f1b7a803bb3c5a,mandolin
65e862f844f1b7a803bb3c5a,marimba
65e862f844f1b7a803bb3c5a,tambourine
65e862f844f1b7a803bb3c5a,cymbals
65e862f844f1b7a803bb3c5a,guitar
65c25cf77dca9d7ca7d9ebdb,guitar
65c25cf77dca9d7ca7d9ebdb,piano
65c25cf77dca9d7ca7d9ebdb,trumpet
65c25cf77dca9d7ca7d9ebdb,trombone
65c25cf77dca9d7ca7d9ebdb,saxophone
65c25cf77dca9d7ca7d9ebdb,sho
65c25cf77dca9d7ca7d9ebdb,triangle
65c25cf77dca9d7ca7d9ebdb,xylophone
65c25cf77dca9d7ca7d9ebdb,ukulele
65c25cf77dca9d7ca7d9ebdb,oud
65c25cf77dca9d7ca7d9ebdb,cello
65c25cf77dca9d7ca7d9ebdb,violin
65c25cf77dca9d7ca7d9ebdb,clarinet
65c25cf77dca9d7ca7d9ebdb,harmonica
65c25cf77dca9d7ca7d9ebdb,violin
65c25cf77dca9d7ca7d9ebdb,viola
65c25cf77dca9d7ca7d9ebdb,cello
629e241d171ec6698e05f149,piano
629e241d171ec6698e05f149,violin
629e241d171ec6698e05f149,cello
629e241d171ec6698e05f149,guitar
629e241d171ec6698e05f149,guitar
629e241d171ec6698e05f149,guitar
629e241d171ec6698e05f149,xylophone
629e241d171ec6698e05f149,saxophone
629e241d171ec6698e05f149,bassoon
629e241d171ec6698e05f149,clarinet
629e241d171ec6698e05f149,violin
629e241d171ec6698e05f149,tsymbaly
629e241d171ec6698e05f149,drum
629e241d171ec6698e05f149,triangle
629e241d171ec6698e05f149,baliset
629e241d171ec6698e05f149,bagpipes
629e241d171ec6698e05f149,flute
629e241d171ec6698e05f149,harmonica
629e241d171ec6698e05f149,clarinet
61363ce02e6022a741d63a6e,trumpet
61363ce02e6022a741d63a6e,violin
61363ce02e6022a741d63a6e,pan flute
61363ce02e6022a741d63a6e,xylophone
61363ce02e6022a741d63a6e,piano
61363ce02e6022a741d63a6e,cello
61363ce02e6022a741d63a6e,clarinet
61363ce02e6022a741d63a6e,saxophone
61363ce02e6022a741d63a6e,recorder
61363ce02e6022a741d63a6e,tuba
61363ce02e6022a741d63a6e,trombone
61363ce02e6022a741d63a6e,piano
61363ce02e6022a741d63a6e,tres
61363ce02e6022a741d63a6e,saxophone
61363ce02e6022a741d63a6e,musical saw
61363ce02e6022a741d63a6e,trumpet
61363ce02e6022a741d63a6e,yangqin
61363ce02e6022a741d63a6e,drum
61363ce02e6022a741d63a6e,guitar
61363ce02e6022a741d63a6e,guitar
61363ce02e6022a741d63a6e,chenda
61363ce02e6022a741d63a6e,synthesizer
6596a5cad60ef105b6c18897,clarinet
6596a5cad60ef105b6c18897,flute
6596a5cad60ef105b6c18897,oboe
6596a5cad60ef105b6c18897,didgeridoo
6596a5cad60ef105b6c18897,violin
6596a5cad60ef105b6c18897,viola
6596a5cad60ef105b6c18897,cello
6596a5cad60ef105b6c18897,trumpet
6596a5cad60ef105b6c18897,saxophone
6596a5cad60ef105b6c18897,algoza
6596a5cad60ef105b6c18897,saxophone
6596a5cad60ef105b6c18897,bassoon
6596a5cad60ef105b6c18897,piano
6596a5cad60ef105b6c18897,drum
6596a5cad60ef105b6c18897,guitar
6596a5cad60ef105b6c18897,recorder
6596a5cad60ef105b6c18897,tuba
6596a5cad60ef105b6c18897,bassoon
6596a5cad60ef105b6c18897,guitar
6596a5cad60ef105b6c18897,banjo
6596a5cad60ef105b6c18897,piccolo
6596a5cad60ef105b6c18897,xylophone
6596a5cad60ef105b6c18897,tar
5f5aa60bef062519ff711fe6,violin
5f5aa60bef062519ff711fe6,piano
5f5aa60bef062519ff711fe6,guitar
5f5aa60bef062519ff711fe6,bassoon
5f5aa60bef062519ff711fe6,drum
5f5aa60bef062519ff711fe6,triangle
5f5aa60bef062519ff711fe6,recorder
5f5aa60bef062519ff711fe6,banjo
5f5aa60bef062519ff711fe6,guitar
5f5aa60bef062519ff711fe6,trombone
5f5aa60bef062519ff711fe6,organ
5f5aa60bef062519ff711fe6,vibraphone
5f5aa60bef062519ff711fe6,harmonica
5f5aa60bef062519ff711fe6,harp
656e3caa43f1f7f0615252ff,flute
656e3caa43f1f7f0615252ff,clarinet
656e3caa43f1f7f0615252ff,bassoon
656e3caa43f1f7f0615252ff,bassoon
656e3caa43f1f7f0615252ff,saxophone
656e3caa43f1f7f0615252ff,trumpet
656e3caa43f1f7f0615252ff,trombone
656e3caa43f1f7f0615252ff,tuba
656e3caa43f1f7f0615252ff,tambourine
656e3caa43f1f7f0615252ff,drum
656e3caa43f1f7f0615252ff,triangle
656e3caa43f1f7f0615252ff,piano
656e3caa43f1f7f0615252ff,violin
656e3caa43f1f7f0615252ff,viola
656e3caa43f1f7f0615252ff,cello
656e3caa43f1f7f0615252ff,fiddle
656e3caa43f1f7f0615252ff,guitar
656e3caa43f1f7f0615252ff,cymbals
656e3caa43f1f7f0615252ff,rainstick
656e3caa43f1f7f0615252ff,oboe
656e3caa43f1f7f0615252ff,timpani
5d7ff4aa50fda7001a863736,guitar
5d7ff4aa50fda7001a863736,violin
5d7ff4aa50fda7001a863736,harp
5d7ff4aa50fda7001a863736,harmonica
5d7ff4aa50fda7001a863736,clarinet
5d7ff4aa50fda7001a863736,saxophone
5d7ff4aa50fda7001a863736,trombone
5d7ff4aa50fda7001a863736,trombone
5d7ff4aa50fda7001a863736,qanun
5d7ff4aa50fda7001a863736,accordion
5d7ff4aa50fda7001a863736,piano
5d7ff4aa50fda7001a863736,sarod
5d7ff4aa50fda7001a863736,harmonica
5d7ff4aa50fda7001a863736,xylophone
5d7ff4aa50fda7001a863736,bongo
5d7ff4aa50fda7001a863736,triangle
5d7ff4aa50fda7001a863736,ukulele
5885f97f41da4500014d3645,trombone
5885f97f41da4500014d3645,piano
5885f97f41da4500014d3645,vibraphone
5885f97f41da4500014d3645,violin
5885f97f41da4500014d3645,cello
5885f97f41da4500014d3645,oboe
5885f97f41da4500014d3645,triangle
5885f97f41da4500014d3645,drum
5885f97f41da4500014d3645,clarinet
5885f97f41da4500014d3645,flute
5885f97f41da4500014d3645,guitar
5885f97f41da4500014d3645,bassoon
63619eb02e5bd8f4f7bd138a,piano
63619eb02e5bd8f4f7bd138a,guitar
63619eb02e5bd8f4f7bd138a,trombone
63619eb02e5bd8f4f7bd138a,saxophone
63619eb02e5bd8f4f7bd138a,ukulele
63619eb02e5bd8f4f7bd138a,violin
63619eb02e5bd8f4f7bd138a,trumpet
63619eb02e5bd8f4f7bd138a,drum
63619eb02e5bd8f4f7bd138a,cymbals
63619eb02e5bd8f4f7bd138a,harp
63619eb02e5bd8f4f7bd138a,flute
63619eb02e5bd8f4f7bd138a,tuba
63619eb02e5bd8f4f7bd138a,organ
63619eb02e5bd8f4f7bd138a,oboe
65cb63e160bb47fbf9349269,piano
65cb63e160bb47fbf9349269,guitar
65cb63e160bb47fbf9349269,violin
65cb63e160bb47fbf9349269,viola
65cb63e160bb47fbf9349269,cello
65cb63e160bb47fbf9349269,violin
65cb63e160bb47fbf9349269,conga
65cb63e160bb47fbf9349269,bassoon
65cb63e160bb47fbf9349269,guitar
65cb63e160bb47fbf9349269,drum
65cb63e160bb47fbf9349269,saxophone
65cb63e160bb47fbf9349269,flute
65cb63e160bb47fbf9349269,recorder
65cb63e160bb47fbf9349269,clarinet
65cb63e160bb47fbf9349269,trombone
65cb63e160bb47fbf9349269,triangle
65cb63e160bb47fbf9349269,trumpet
65cb63e160bb47fbf9349269,bongo
65cb63e160bb47fbf9349269,ukulele
65cb63e160bb47fbf9349269,tar
65e358d9c5e3ee026268b2a7,violin
65e358d9c5e3ee026268b2a7,viola
65e358d9c5e3ee026268b2a7,cello
65e358d9c5e3ee026268b2a7,dan bau
65e358d9c5e3ee026268b2a7,piano
65e358d9c5e3ee026268b2a7,banjo
65e358d9c5e3ee026268b2a7,flute
65e358d9c5e3ee026268b2a7,clarinet
65e358d9c5e3ee026268b2a7,saxophone
65e358d9c5e3ee026268b2a7,trumpet
65e358d9c5e3ee026268b2a7,trombone
65e358d9c5e3ee026268b2a7,hang drum
65e358d9c5e3ee026268b2a7,accordion
65e358d9c5e3ee026268b2a7,ukulele
65e358d9c5e3ee026268b2a7,mandolin
65e358d9c5e3ee026268b2a7,harp
65e358d9c5e3ee026268b2a7,harmonica
65e358d9c5e3ee026268b2a7,bagpipes
600f9342e7bc5518fa9ca92a,flute
600f9342e7bc5518fa9ca92a,violin
600f9342e7bc5518fa9ca92a,drum
600f9342e7bc5518fa9ca92a,guitar
600f9342e7bc5518fa9ca92a,piano
600f9342e7bc5518fa9ca92a,xylophone
600f9342e7bc5518fa9ca92a,organ
6073e0d481953bbd2cd61145,organ
6073e0d481953bbd2cd61145,piano
6073e0d481953bbd2cd61145,guitar
6073e0d481953bbd2cd61145,drum
6073e0d481953bbd2cd61145,saxophone
6073e0d481953bbd2cd61145,piano
6073e0d481953bbd2cd61145,tar
65d54b3b524fcafb543d1b23,saxophone
65d54b3b524fcafb543d1b23,guitar
65d54b3b524fcafb543d1b23,piano
65d54b3b524fcafb543d1b23,violin
65d54b3b524fcafb543d1b23,viola
65d54b3b524fcafb543d1b23,trumpet
65d54b3b524fcafb543d1b23,trombone
65d54b3b524fcafb543d1b23,clarinet
65d54b3b524fcafb543d1b23,bassoon
65d54b3b524fcafb543d1b23,clarinet
65d54b3b524fcafb543d1b23,guitar
65d54b3b524fcafb543d1b23,drum
65d54b3b524fcafb543d1b23,xylophone
65d54b3b524fcafb543d1b23,harmonica
65d54b3b524fcafb543d1b23,banjo
65e1f75ab3efd22e847cfbf0,guitar
65e1f75ab3efd22e847cfbf0,violin
65e1f75ab3efd22e847cfbf0,harp
65e1f75ab3efd22e847cfbf0,drum
65e1f75ab3efd22e847cfbf0,banjo
65e1f75ab3efd22e847cfbf0,baryton
65e1f75ab3efd22e847cfbf0,trumpet
65e1f75ab3efd22e847cfbf0,cello
65e1f75ab3efd22e847cfbf0,violin
65e1f75ab3efd22e847cfbf0,harp
65e1f75ab3efd22e847cfbf0,ney
65e1f75ab3efd22e847cfbf0,tuba
65e1f75ab3efd22e847cfbf0,piano
65e1f75ab3efd22e847cfbf0,tabla
65e1f75ab3efd22e847cfbf0,theremin
65e1f75ab3efd22e847cfbf0,koto
65e1f75ab3efd22e847cfbf0,clavinet
65e1f75ab3efd22e847cfbf0,xylophone
65e1f75ab3efd22e847cfbf0,accordion
65e1f75ab3efd22e847cfbf0,shakers
65e1f75ab3efd22e847cfbf0,clarinet
65e1f75ab3efd22e847cfbf0,harmonica
65e1f75ab3efd22e847cfbf0,conga
65e1f75ab3efd22e847cfbf0,tabla
65e1f75ab3efd22e847cfbf0,theremin
