SID,entry
65e862f844f1b7a803bb3c5a,scissors
65e862f844f1b7a803bb3c5a,axe
65e862f844f1b7a803bb3c5a,thermometer
65e862f844f1b7a803bb3c5a,cutting board
65e862f844f1b7a803bb3c5a,can opener
65e862f844f1b7a803bb3c5a,armor
65e862f844f1b7a803bb3c5a,screwdriver
65e862f844f1b7a803bb3c5a,chisel
65e862f844f1b7a803bb3c5a,measuring cups
65e862f844f1b7a803bb3c5a,colander
65e862f844f1b7a803bb3c5a,driller
65e862f844f1b7a803bb3c5a,forks
65e862f844f1b7a803bb3c5a,gloves
65e862f844f1b7a803bb3c5a,knives
65e862f844f1b7a803bb3c5a,baking dish
65e862f844f1b7a803bb3c5a,mixing bowl
65e862f844f1b7a803bb3c5a,peeler
65e862f844f1b7a803bb3c5a,shovel
65e862f844f1b7a803bb3c5a,tongues
65e862f844f1b7a803bb3c5a,trowel
65e862f844f1b7a803bb3c5a,flashlight
65e862f844f1b7a803bb3c5a,measuring tape
65e862f844f1b7a803bb3c5a,saw
65e862f844f1b7a803bb3c5a,soldering iron
65e862f844f1b7a803bb3c5a,chainsaw
65e862f844f1b7a803bb3c5a,nail gun
65e862f844f1b7a803bb3c5a,wrench
65e862f844f1b7a803bb3c5a,pliers
65e862f844f1b7a803bb3c5a,mallet
65e862f844f1b7a803bb3c5a,scraper
65e862f844f1b7a803bb3c5a,hatchet
65e862f844f1b7a803bb3c5a,bolt
65e862f844f1b7a803bb3c5a,screw
65e862f844f1b7a803bb3c5a,knot
65e862f844f1b7a803bb3c5a,nail
65e862f844f1b7a803bb3c5a,spade
65e862f844f1b7a803bb3c5a,shovel
65e862f844f1b7a803bb3c5a,lawn mower
65e862f844f1b7a803bb3c5a,pruning shears
65e862f844f1b7a803bb3c5a,step ladder
63ea4ab1ce4168cbe9f63775,hammer
63ea4ab1ce4168cbe9f63775,hand saw
63ea4ab1ce4168cbe9f63775,zaza
63ea4ab1ce4168cbe9f63775,wrench
63ea4ab1ce4168cbe9f63775,ratchet
63ea4ab1ce4168cbe9f63775,allen wrench
63ea4ab1ce4168cbe9f63775,screwdriver
63ea4ab1ce4168cbe9f63775,phillips head screwdriver
63ea4ab1ce4168cbe9f63775,drill
63ea4ab1ce4168cbe9f63775,hole punch
63ea4ab1ce4168cbe9f63775,nail gun
63ea4ab1ce4168cbe9f63775,pressurized hammer
63ea4ab1ce4168cbe9f63775,automatic wrench
63ea4ab1ce4168cbe9f63775,vise grip
63ea4ab1ce4168cbe9f63775,table saw
63ea4ab1ce4168cbe9f63775,jigsaw
63ea4ab1ce4168cbe9f63775,circular saw
63ea4ab1ce4168cbe9f63775,pliers
63ea4ab1ce4168cbe9f63775,wire cutters
63ea4ab1ce4168cbe9f63775,swiss army knife
63ea4ab1ce4168cbe9f63775,pocket knife
63ea4ab1ce4168cbe9f63775,box cutter
63ea4ab1ce4168cbe9f63775,stud finder
63ea4ab1ce4168cbe9f63775,level
63ea4ab1ce4168cbe9f63775,laser level
63ea4ab1ce4168cbe9f63775,putty knife
63ea4ab1ce4168cbe9f63775,sand block
65d6a09286a0c99e632a46dd,wrench
65d6a09286a0c99e632a46dd,an automatic wrench
65d6a09286a0c99e632a46dd,screwdriver
65d6a09286a0c99e632a46dd,saw
65d6a09286a0c99e632a46dd,a
65d6a09286a0c99e632a46dd,lawn mower
65d6a09286a0c99e632a46dd,blade
65d6a09286a0c99e632a46dd,wd-40
65d6a09286a0c99e632a46dd,lubricant
65d6a09286a0c99e632a46dd,wd-40
65d6a09286a0c99e632a46dd,nuts
65d6a09286a0c99e632a46dd,bolts
65d6a09286a0c99e632a46dd,hammer
65d6a09286a0c99e632a46dd,tape measure
65d6a09286a0c99e632a46dd,ladder
65d6a09286a0c99e632a46dd,flashlight
65d6a09286a0c99e632a46dd,knife
65d6a09286a0c99e632a46dd,mallet
65d6a09286a0c99e632a46dd,paintbrush
65d6a09286a0c99e632a46dd,hatchet
65d6a09286a0c99e632a46dd,pliers
60a48adfe091e410f4eaba34,hammer
60a48adfe091e410f4eaba34,drill
60a48adfe091e410f4eaba34,chisel
60a48adfe091e410f4eaba34,screwdriver
60a48adfe091e410f4eaba34,drill bit
60a48adfe091e410f4eaba34,mallet
60a48adfe091e410f4eaba34,shovel
60a48adfe091e410f4eaba34,rifle
60a48adfe091e410f4eaba34,chainsaw
60a48adfe091e410f4eaba34,axe
60a48adfe091e410f4eaba34,air compressor
60a48adfe091e410f4eaba34,trimmer
60a48adfe091e410f4eaba34,edger
60a48adfe091e410f4eaba34,hedge cutters
60a48adfe091e410f4eaba34,lawn mower
63e802622f8052bd67d6c5f0,hammer
63e802622f8052bd67d6c5f0,screwdriver
63e802622f8052bd67d6c5f0,drill
63e802622f8052bd67d6c5f0,tire wrench
63e802622f8052bd67d6c5f0,tape measure
63e802622f8052bd67d6c5f0,hard hat
63e802622f8052bd67d6c5f0,knee pads
63e802622f8052bd67d6c5f0,ladder
63e802622f8052bd67d6c5f0,scaffolding
63e802622f8052bd67d6c5f0,concrete
63e802622f8052bd67d6c5f0,mixer
60d731567049e5132e3cc4d4,hammer
60d731567049e5132e3cc4d4,screwdriver
60d731567049e5132e3cc4d4,wrench
60d731567049e5132e3cc4d4,ruler
60d731567049e5132e3cc4d4,square
60d731567049e5132e3cc4d4,clamp
60d731567049e5132e3cc4d4,flashlight
60d731567049e5132e3cc4d4,vice
60d731567049e5132e3cc4d4,saw
60d731567049e5132e3cc4d4,file
60d731567049e5132e3cc4d4,sandpaper
60d731567049e5132e3cc4d4,ramp
60d731567049e5132e3cc4d4,staple gun
60d731567049e5132e3cc4d4,drill
60d731567049e5132e3cc4d4,level
60d731567049e5132e3cc4d4,fastener
60d731567049e5132e3cc4d4,nail
60d731567049e5132e3cc4d4,screw
60d731567049e5132e3cc4d4,nut
60d731567049e5132e3cc4d4,bolt
60d731567049e5132e3cc4d4,shovel
60d731567049e5132e3cc4d4,rake
60d731567049e5132e3cc4d4,ho
60d731567049e5132e3cc4d4,tiller
60d731567049e5132e3cc4d4,weed wacker
60d731567049e5132e3cc4d4,shears
60d731567049e5132e3cc4d4,clippers
60d731567049e5132e3cc4d4,owl
60d731567049e5132e3cc4d4,hole punch
60d731567049e5132e3cc4d4,stapler
60d731567049e5132e3cc4d4,soldering iron
65cb63e160bb47fbf9349269,hammer
65cb63e160bb47fbf9349269,drill
65cb63e160bb47fbf9349269,wrench
65cb63e160bb47fbf9349269,shovel
65cb63e160bb47fbf9349269,ladder
65cb63e160bb47fbf9349269,skewers
65cb63e160bb47fbf9349269,knives
65cb63e160bb47fbf9349269,sharpener
65cb63e160bb47fbf9349269,bucket
65cb63e160bb47fbf9349269,power drills
65cb63e160bb47fbf9349269,spoons
65cb63e160bb47fbf9349269,forks
65cb63e160bb47fbf9349269,can opener
65cb63e160bb47fbf9349269,wine opener
65cb63e160bb47fbf9349269,tongs
65cb63e160bb47fbf9349269,brushes
65cb63e160bb47fbf9349269,levelers
65cb63e160bb47fbf9349269,tape measure
65cb63e160bb47fbf9349269,pencils
65cb63e160bb47fbf9349269,pens
65cb63e160bb47fbf9349269,rulers
5f5aa60bef062519ff711fe6,shovel
5f5aa60bef062519ff711fe6,rake
5f5aa60bef062519ff711fe6,lawn mower
5f5aa60bef062519ff711fe6,weed wacker
5f5aa60bef062519ff711fe6,blower
5f5aa60bef062519ff711fe6,broom
5f5aa60bef062519ff711fe6,screwdriver
5f5aa60bef062519ff711fe6,wrench
5f5aa60bef062519ff711fe6,scissors
5f5aa60bef062519ff711fe6,knife
5f5aa60bef062519ff711fe6,tongs
5f5aa60bef062519ff711fe6,switch blade
5f5aa60bef062519ff711fe6,hammer
5f5aa60bef062519ff711fe6,mallet
5f5aa60bef062519ff711fe6,pickaxe
5f5aa60bef062519ff711fe6,axe
5f5aa60bef062519ff711fe6,trimmer
5f5aa60bef062519ff711fe6,clippers
5f5aa60bef062519ff711fe6,sword
5f5aa60bef062519ff711fe6,club
65e358d9c5e3ee026268b2a7,hammer
65e358d9c5e3ee026268b2a7,screwdriver
65e358d9c5e3ee026268b2a7,wrench
65e358d9c5e3ee026268b2a7,allen wrench
65e358d9c5e3ee026268b2a7,tile saw
65e358d9c5e3ee026268b2a7,drill
65e358d9c5e3ee026268b2a7,regular saw
65e358d9c5e3ee026268b2a7,allen wrenches
65e358d9c5e3ee026268b2a7,wrenches
65e358d9c5e3ee026268b2a7,allen keys
65e358d9c5e3ee026268b2a7,a
65e358d9c5e3ee026268b2a7,mallet
65e358d9c5e3ee026268b2a7,knacks
65e358d9c5e3ee026268b2a7,tape measure
65e358d9c5e3ee026268b2a7,pliers
65e358d9c5e3ee026268b2a7,a table saw
65e358d9c5e3ee026268b2a7,nail gun
65e358d9c5e3ee026268b2a7,a hand sander
65e358d9c5e3ee026268b2a7,a level
65e358d9c5e3ee026268b2a7,utility knife
65c25cf77dca9d7ca7d9ebdb,hammer
65c25cf77dca9d7ca7d9ebdb,saw
65c25cf77dca9d7ca7d9ebdb,chisel
65c25cf77dca9d7ca7d9ebdb,crowbar
65c25cf77dca9d7ca7d9ebdb,axe
65c25cf77dca9d7ca7d9ebdb,axel
65c25cf77dca9d7ca7d9ebdb,power drill
65c25cf77dca9d7ca7d9ebdb,screwdriver
65c25cf77dca9d7ca7d9ebdb,flathead
65c25cf77dca9d7ca7d9ebdb,pincers
65c25cf77dca9d7ca7d9ebdb,scissors
65c25cf77dca9d7ca7d9ebdb,meter stick
65c25cf77dca9d7ca7d9ebdb,yard stick
65c25cf77dca9d7ca7d9ebdb,nail gun
65c25cf77dca9d7ca7d9ebdb,bolts
65b15afd94153c1f50c92493,wrench
65b15afd94153c1f50c92493,screwdriver
65b15afd94153c1f50c92493,hammer
65b15afd94153c1f50c92493,mallet
65b15afd94153c1f50c92493,drill
65b15afd94153c1f50c92493,scissors
65b15afd94153c1f50c92493,a
65b15afd94153c1f50c92493,axe
65b15afd94153c1f50c92493,saw
65b15afd94153c1f50c92493,allen key
65b15afd94153c1f50c92493,tape measure
65b15afd94153c1f50c92493,tape
65b15afd94153c1f50c92493,pliers
65b15afd94153c1f50c92493,chisel
65b15afd94153c1f50c92493,clamps
65b15afd94153c1f50c92493,file
65b15afd94153c1f50c92493,orc
65b15afd94153c1f50c92493,pocket knife
65b15afd94153c1f50c92493,corkscrew
65b15afd94153c1f50c92493,bolt
65b15afd94153c1f50c92493,nut
65b15afd94153c1f50c92493,saw
65b15afd94153c1f50c92493,chain saw
65b15afd94153c1f50c92493,ladder
65b15afd94153c1f50c92493,paintbrush
65b15afd94153c1f50c92493,paint roller
65b15afd94153c1f50c92493,utility knife
65b15afd94153c1f50c92493,leveler
65b15afd94153c1f50c92493,nail gun
5d7ff4aa50fda7001a863736,a
5d7ff4aa50fda7001a863736,hammer
5d7ff4aa50fda7001a863736,screwdriver
5d7ff4aa50fda7001a863736,drill
5d7ff4aa50fda7001a863736,saw
5d7ff4aa50fda7001a863736,chainsaw
5d7ff4aa50fda7001a863736,axe
5d7ff4aa50fda7001a863736,pliers
5d7ff4aa50fda7001a863736,nails
5d7ff4aa50fda7001a863736,wrench
5d7ff4aa50fda7001a863736,crowbar
65cc19b4b3d48a22dfc6756d,screwdriver
65cc19b4b3d48a22dfc6756d,wrench
65cc19b4b3d48a22dfc6756d,hammer
65cc19b4b3d48a22dfc6756d,drill
65cc19b4b3d48a22dfc6756d,nail gun
65cc19b4b3d48a22dfc6756d,saw
65d54b3b524fcafb543d1b23,hammer
65d54b3b524fcafb543d1b23,wrench
65d54b3b524fcafb543d1b23,pipe
65d54b3b524fcafb543d1b23,saw
65d54b3b524fcafb543d1b23,hand wrench
65d54b3b524fcafb543d1b23,screwdriver
65d54b3b524fcafb543d1b23,ruler
65d54b3b524fcafb543d1b23,scissors
65d54b3b524fcafb543d1b23,knife
65e1f75ab3efd22e847cfbf0,phillips screwdriver
65e1f75ab3efd22e847cfbf0,wrench
65e1f75ab3efd22e847cfbf0,socket
65e1f75ab3efd22e847cfbf0,drill
65e1f75ab3efd22e847cfbf0,hammer
65e1f75ab3efd22e847cfbf0,axe
65e1f75ab3efd22e847cfbf0,pliers
