SID,entry
65d6a09286a0c99e632a46dd,water
65d6a09286a0c99e632a46dd,soda
65d6a09286a0c99e632a46dd,marinade
65d6a09286a0c99e632a46dd,tea
65d6a09286a0c99e632a46dd,windshield washer fluid
65d6a09286a0c99e632a46dd,salsa
65d6a09286a0c99e632a46dd,castor oil
65d6a09286a0c99e632a46dd,water
65d6a09286a0c99e632a46dd,tea
65d6a09286a0c99e632a46dd,hot sauce
65d6a09286a0c99e632a46dd,water
65d6a09286a0c99e632a46dd,beer
65c25cf77dca9d7ca7d9ebdb,water
65c25cf77dca9d7ca7d9ebdb,bleach
65c25cf77dca9d7ca7d9ebdb,marinade
65c25cf77dca9d7ca7d9ebdb,tea
65c25cf77dca9d7ca7d9ebdb,coffee
65c25cf77dca9d7ca7d9ebdb,milk
65c25cf77dca9d7ca7d9ebdb,juice
65c25cf77dca9d7ca7d9ebdb,window cleaner
65c25cf77dca9d7ca7d9ebdb,avocado oil
65c25cf77dca9d7ca7d9ebdb,olive oil
65c25cf77dca9d7ca7d9ebdb,canola oil
65c25cf77dca9d7ca7d9ebdb,soup
65c25cf77dca9d7ca7d9ebdb,laundry detergent
65c25cf77dca9d7ca7d9ebdb,soda
65c25cf77dca9d7ca7d9ebdb,beer
65c25cf77dca9d7ca7d9ebdb,wine
65c25cf77dca9d7ca7d9ebdb,vodka
65c25cf77dca9d7ca7d9ebdb,whiskey
65cc19b4b3d48a22dfc6756d,water
65cc19b4b3d48a22dfc6756d,coffee
65cc19b4b3d48a22dfc6756d,juice
65cc19b4b3d48a22dfc6756d,tea
65cc19b4b3d48a22dfc6756d,soup
65cc19b4b3d48a22dfc6756d,hot sauce
65cc19b4b3d48a22dfc6756d,soy sauce
65cc19b4b3d48a22dfc6756d,vinegar
65cc19b4b3d48a22dfc6756d,vodka
65cc19b4b3d48a22dfc6756d,whiskey
65cc19b4b3d48a22dfc6756d,gin
65cc19b4b3d48a22dfc6756d,wine
65cb63e160bb47fbf9349269,water
65cb63e160bb47fbf9349269,soup
65cb63e160bb47fbf9349269,soda
65cb63e160bb47fbf9349269,juice
65cb63e160bb47fbf9349269,wine
65cb63e160bb47fbf9349269,beer
65cb63e160bb47fbf9349269,liquor
65cb63e160bb47fbf9349269,hydrogen peroxide
65cb63e160bb47fbf9349269,milk
65cb63e160bb47fbf9349269,brine
65cb63e160bb47fbf9349269,tea
65cb63e160bb47fbf9349269,water
65cb63e160bb47fbf9349269,salsa
65cb63e160bb47fbf9349269,honey
60a48adfe091e410f4eaba34,water
60a48adfe091e410f4eaba34,cola
60a48adfe091e410f4eaba34,milk
60a48adfe091e410f4eaba34,orange juice
60a48adfe091e410f4eaba34,apple juice
60a48adfe091e410f4eaba34,vodka
60a48adfe091e410f4eaba34,rum
60a48adfe091e410f4eaba34,whiskey
60a48adfe091e410f4eaba34,bleach
60a48adfe091e410f4eaba34,tea
60a48adfe091e410f4eaba34,coffee
60d731567049e5132e3cc4d4,water
60d731567049e5132e3cc4d4,gasoline
60d731567049e5132e3cc4d4,beer
60d731567049e5132e3cc4d4,wine
60d731567049e5132e3cc4d4,tequila
60d731567049e5132e3cc4d4,rum
60d731567049e5132e3cc4d4,vodka
60d731567049e5132e3cc4d4,fruit punch
60d731567049e5132e3cc4d4,milk
60d731567049e5132e3cc4d4,juice
60d731567049e5132e3cc4d4,mustard
60d731567049e5132e3cc4d4,rubbing alcohol
60d731567049e5132e3cc4d4,wine
60d731567049e5132e3cc4d4,bleach
60d731567049e5132e3cc4d4,laundry detergent
60d731567049e5132e3cc4d4,lemon juice
60d731567049e5132e3cc4d4,soda
60d731567049e5132e3cc4d4,tea
60d731567049e5132e3cc4d4,coffee
60d731567049e5132e3cc4d4,degreaser
60d731567049e5132e3cc4d4,smoothie
60d731567049e5132e3cc4d4,kombucha
63e802622f8052bd67d6c5f0,water
63e802622f8052bd67d6c5f0,milk
63e802622f8052bd67d6c5f0,juice
63e802622f8052bd67d6c5f0,beer
63e802622f8052bd67d6c5f0,liquor
63e802622f8052bd67d6c5f0,tea
63e802622f8052bd67d6c5f0,energy drink
63e802622f8052bd67d6c5f0,soda
65e1f75ab3efd22e847cfbf0,soda
65e1f75ab3efd22e847cfbf0,tea
65e1f75ab3efd22e847cfbf0,juice
65e1f75ab3efd22e847cfbf0,water
65e1f75ab3efd22e847cfbf0,fanta
65e1f75ab3efd22e847cfbf0,sprite
65e1f75ab3efd22e847cfbf0,orange juice
65e1f75ab3efd22e847cfbf0,apple juice
65e1f75ab3efd22e847cfbf0,cranberry juice
65e1f75ab3efd22e847cfbf0,peach juice
65e1f75ab3efd22e847cfbf0,dr. pepper
65e1f75ab3efd22e847cfbf0,lemonade
65e1f75ab3efd22e847cfbf0,whiskey
65e1f75ab3efd22e847cfbf0,apple juice
65d54b3b524fcafb543d1b23,water
65d54b3b524fcafb543d1b23,mountain dew
65d54b3b524fcafb543d1b23,sprite
65d54b3b524fcafb543d1b23,juice
65d54b3b524fcafb543d1b23,apple juice
65d54b3b524fcafb543d1b23,apple juice
65d54b3b524fcafb543d1b23,cantaloupe juice
65d54b3b524fcafb543d1b23,marinade
65d54b3b524fcafb543d1b23,spring water
65d54b3b524fcafb543d1b23,fanta
65d54b3b524fcafb543d1b23,kombucha
65e358d9c5e3ee026268b2a7,water
65e358d9c5e3ee026268b2a7,sparkling water
65e358d9c5e3ee026268b2a7,beer
65e358d9c5e3ee026268b2a7,vodka
65e358d9c5e3ee026268b2a7,gin
65e358d9c5e3ee026268b2a7,rum
65e358d9c5e3ee026268b2a7,tequila
65e358d9c5e3ee026268b2a7,juice
65e358d9c5e3ee026268b2a7,orange juice
65e358d9c5e3ee026268b2a7,apple juice
65e358d9c5e3ee026268b2a7,cranberry juice
65e358d9c5e3ee026268b2a7,apple juice
65e358d9c5e3ee026268b2a7,soda
65e358d9c5e3ee026268b2a7,mountain dew
65e358d9c5e3ee026268b2a7,brake fluid
65e358d9c5e3ee026268b2a7,bleach
65e358d9c5e3ee026268b2a7,soda water
65e358d9c5e3ee026268b2a7,brine
65e358d9c5e3ee026268b2a7,olive oil
65e358d9c5e3ee026268b2a7,vegetable oil
65e358d9c5e3ee026268b2a7,canola oil
65e358d9c5e3ee026268b2a7,milk
65e358d9c5e3ee026268b2a7,almond milk
65e358d9c5e3ee026268b2a7,oat milk
65e862f844f1b7a803bb3c5a,brine
65e862f844f1b7a803bb3c5a,milk
65e862f844f1b7a803bb3c5a,cider
65e862f844f1b7a803bb3c5a,wine
65e862f844f1b7a803bb3c5a,beer
65e862f844f1b7a803bb3c5a,water
65e862f844f1b7a803bb3c5a,coffee
65e862f844f1b7a803bb3c5a,vinegar
65e862f844f1b7a803bb3c5a,petroleum
65e862f844f1b7a803bb3c5a,diesel
65e862f844f1b7a803bb3c5a,gasoline
65e862f844f1b7a803bb3c5a,corn oil
65e862f844f1b7a803bb3c5a,hand sanitizer
65e862f844f1b7a803bb3c5a,coconut water
5d7ff4aa50fda7001a863736,water
5d7ff4aa50fda7001a863736,orange juice
5d7ff4aa50fda7001a863736,milk
5d7ff4aa50fda7001a863736,wine
5d7ff4aa50fda7001a863736,coffee
5d7ff4aa50fda7001a863736,soda
5d7ff4aa50fda7001a863736,tea
5d7ff4aa50fda7001a863736,hot chocolate
5d7ff4aa50fda7001a863736,smoothie
5d7ff4aa50fda7001a863736,lemonade
5d7ff4aa50fda7001a863736,fruit punch
63ea4ab1ce4168cbe9f63775,water
63ea4ab1ce4168cbe9f63775,beer
63ea4ab1ce4168cbe9f63775,wine
63ea4ab1ce4168cbe9f63775,birch beer
63ea4ab1ce4168cbe9f63775,tequila
63ea4ab1ce4168cbe9f63775,vodka
63ea4ab1ce4168cbe9f63775,coffee
63ea4ab1ce4168cbe9f63775,smoothie
63ea4ab1ce4168cbe9f63775,motor oil
63ea4ab1ce4168cbe9f63775,gasoline
63ea4ab1ce4168cbe9f63775,fanta
63ea4ab1ce4168cbe9f63775,rubbing alcohol
63ea4ab1ce4168cbe9f63775,wine
63ea4ab1ce4168cbe9f63775,bleach
63ea4ab1ce4168cbe9f63775,laundry detergent
63ea4ab1ce4168cbe9f63775,apple juice
63ea4ab1ce4168cbe9f63775,apple juice
65b15afd94153c1f50c92493,water
65b15afd94153c1f50c92493,milk
65b15afd94153c1f50c92493,green tea
65b15afd94153c1f50c92493,coffee
65b15afd94153c1f50c92493,tea
65b15afd94153c1f50c92493,juice
65b15afd94153c1f50c92493,marinade
65b15afd94153c1f50c92493,soup
65b15afd94153c1f50c92493,dressing
65b15afd94153c1f50c92493,honey
65b15afd94153c1f50c92493,soda
65b15afd94153c1f50c92493,ketchup
65b15afd94153c1f50c92493,vinegar
65b15afd94153c1f50c92493,fanta
5f5aa60bef062519ff711fe6,orange juice
5f5aa60bef062519ff711fe6,apple juice
5f5aa60bef062519ff711fe6,water
5f5aa60bef062519ff711fe6,dr. pepper
5f5aa60bef062519ff711fe6,fanta
5f5aa60bef062519ff711fe6,coconut water
5f5aa60bef062519ff711fe6,milk
5f5aa60bef062519ff711fe6,almond milk
5f5aa60bef062519ff711fe6,lemonade
5f5aa60bef062519ff711fe6,sprite
5f5aa60bef062519ff711fe6,root beer
5f5aa60bef062519ff711fe6,gasoline
