SID,entry
5ed9311e1a69d449577bb8cf,oven
5ed9311e1a69d449577bb8cf,dishwasher
5ed9311e1a69d449577bb8cf,sink
5ed9311e1a69d449577bb8cf,peeler
5ed9311e1a69d449577bb8cf,spatula
5ed9311e1a69d449577bb8cf,juicer
5ed9311e1a69d449577bb8cf,egg cooker
5ed9311e1a69d449577bb8cf,apron
5ed9311e1a69d449577bb8cf,tea towels
5ed9311e1a69d449577bb8cf,tea towels
5ed9311e1a69d449577bb8cf,microwave
5ed9311e1a69d449577bb8cf,tea cups
5ed9311e1a69d449577bb8cf,colander
5ed9311e1a69d449577bb8cf,stove
5ed9311e1a69d449577bb8cf,grater
5ed9311e1a69d449577bb8cf,peeler
5ed9311e1a69d449577bb8cf,tea spoon
5ed9311e1a69d449577bb8cf,colander
5ed9311e1a69d449577bb8cf,grater
5ed9311e1a69d449577bb8cf,oven
5ed9311e1a69d449577bb8cf,kettle
5ed9311e1a69d449577bb8cf,colander
5ed9311e1a69d449577bb8cf,tea tray
65f3d5016e5acb0fd67df6ee,peeler
65f3d5016e5acb0fd67df6ee,juicer
65f3d5016e5acb0fd67df6ee,whisk
65f3d5016e5acb0fd67df6ee,can opener
65f3d5016e5acb0fd67df6ee,juicer
65f3d5016e5acb0fd67df6ee,grater
65f3d5016e5acb0fd67df6ee,peeler
65f3d5016e5acb0fd67df6ee,thermometer
65eeceee847314e8232923c9,juicer
65eeceee847314e8232923c9,ladle
65eeceee847314e8232923c9,can opener
65eeceee847314e8232923c9,pantry
65eeceee847314e8232923c9,blender
65eeceee847314e8232923c9,cookware
65512e3cc12f463bc327b7c3,stove
65512e3cc12f463bc327b7c3,kettle
65512e3cc12f463bc327b7c3,microwave
65512e3cc12f463bc327b7c3,toaster
65512e3cc12f463bc327b7c3,dishwasher
65512e3cc12f463bc327b7c3,sink
65512e3cc12f463bc327b7c3,apron
65512e3cc12f463bc327b7c3,tea towels
65512e3cc12f463bc327b7c3,drying mat
65512e3cc12f463bc327b7c3,spice jars
65512e3cc12f463bc327b7c3,utensils
65512e3cc12f463bc327b7c3,pantry
65cbcaaab9e2fae86452af73,blender
65cbcaaab9e2fae86452af73,refrigerator
65cbcaaab9e2fae86452af73,dishwasher
65cbcaaab9e2fae86452af73,tea cups
65cbcaaab9e2fae86452af73,apron
65cbcaaab9e2fae86452af73,jam jar
65cbcaaab9e2fae86452af73,pantry
65cbcaaab9e2fae86452af73,cookie jar
65cbcaaab9e2fae86452af73,cookie jar
65cbcaaab9e2fae86452af73,jam jar
65cbcaaab9e2fae86452af73,can opener
65cbcaaab9e2fae86452af73,toaster
65cbcaaab9e2fae86452af73,oven
65cbcaaab9e2fae86452af73,grater
65cbcaaab9e2fae86452af73,juicer
65cbcaaab9e2fae86452af73,sink
65cbcaaab9e2fae86452af73,stove
65cbcaaab9e2fae86452af73,grater
65cbcaaab9e2fae86452af73,juicer
65cbcaaab9e2fae86452af73,grater
65cbcaaab9e2fae86452af73,creamer
65cbcaaab9e2fae86452af73,colander
65cbcaaab9e2fae86452af73,peeler
65cbcaaab9e2fae86452af73,grater
65cbcaaab9e2fae86452af73,tea pot
65cbcaaab9e2fae86452af73,grater
65cbcaaab9e2fae86452af73,creamer
65cbcaaab9e2fae86452af73,spice jars
65cbcaaab9e2fae86452af73,pantry
5e8a76b3939b3072dc76fb5c,tongs
5e8a76b3939b3072dc76fb5c,spice jars
5e8a76b3939b3072dc76fb5c,peeler
5e8a76b3939b3072dc76fb5c,pantry
5e8a76b3939b3072dc76fb5c,juicer
5e8a76b3939b3072dc76fb5c,oven
5e8a76b3939b3072dc76fb5c,microwave
5e8a76b3939b3072dc76fb5c,dishwasher
5e8a76b3939b3072dc76fb5c,sink
5e8a76b3939b3072dc76fb5c,apron
5e8a76b3939b3072dc76fb5c,tea towels
5e8a76b3939b3072dc76fb5c,spatula
65d26dcd13d9c8026aa92c4a,tea spoon
65d26dcd13d9c8026aa92c4a,toaster
65d26dcd13d9c8026aa92c4a,bread box
65d26dcd13d9c8026aa92c4a,oven
65d26dcd13d9c8026aa92c4a,dishwasher
65d26dcd13d9c8026aa92c4a,refrigerator
65d26dcd13d9c8026aa92c4a,microwave
65d26dcd13d9c8026aa92c4a,cabinets
65d26dcd13d9c8026aa92c4a,tea pot
65d26dcd13d9c8026aa92c4a,tea cups
65d26dcd13d9c8026aa92c4a,pantry
65d26dcd13d9c8026aa92c4a,pantry
65d26dcd13d9c8026aa92c4a,dish rack
65d26dcd13d9c8026aa92c4a,drying mat
65d26dcd13d9c8026aa92c4a,countertops
65d26dcd13d9c8026aa92c4a,stove
65d26dcd13d9c8026aa92c4a,cookware
65d26dcd13d9c8026aa92c4a,peeler
65d26dcd13d9c8026aa92c4a,spice jars
65d26dcd13d9c8026aa92c4a,butter dish
65d26dcd13d9c8026aa92c4a,apron
65d26dcd13d9c8026aa92c4a,tea towels
65d26dcd13d9c8026aa92c4a,tongs
65d26dcd13d9c8026aa92c4a,juicer
65cb586172a8853f26cc8eec,oven
65cb586172a8853f26cc8eec,microwave
65cb586172a8853f26cc8eec,refrigerator
65cb586172a8853f26cc8eec,dishwasher
65cb586172a8853f26cc8eec,sink
65cb586172a8853f26cc8eec,grater
65cb586172a8853f26cc8eec,tea pot
65cb586172a8853f26cc8eec,tea pot
65cb586172a8853f26cc8eec,tea cups
65cb586172a8853f26cc8eec,juicer
65cb586172a8853f26cc8eec,juicer
65cb586172a8853f26cc8eec,egg cooker
65cb586172a8853f26cc8eec,cookie jar
65cb586172a8853f26cc8eec,peeler
65cb586172a8853f26cc8eec,bread box
65d6af2397543519d98f2498,tea spoon
65d6af2397543519d98f2498,juicer
65d6af2397543519d98f2498,refrigerator
65d6af2397543519d98f2498,microwave
65d6af2397543519d98f2498,tea cups
65d6af2397543519d98f2498,sink
65d6af2397543519d98f2498,dishwasher
65d6af2397543519d98f2498,toaster
65d6af2397543519d98f2498,juicer
65d6af2397543519d98f2498,egg cooker
65d6af2397543519d98f2498,kettle
65d6af2397543519d98f2498,toaster
65d6af2397543519d98f2498,oven
65d6af2397543519d98f2498,pantry
65d6af2397543519d98f2498,grater
65d6af2397543519d98f2498,wine glasses
65d6af2397543519d98f2498,apron
65d6af2397543519d98f2498,grater
65d6af2397543519d98f2498,corkscrew
65d6af2397543519d98f2498,whisk
65d6af2397543519d98f2498,blender
65d6af2397543519d98f2498,strainer
65d6af2397543519d98f2498,creamer
5c1942e200849900010afdcd,tea cups
5c1942e200849900010afdcd,stove
5c1942e200849900010afdcd,oven
5c1942e200849900010afdcd,peeler
5c1942e200849900010afdcd,sink
5c1942e200849900010afdcd,tea towels
5c1942e200849900010afdcd,apron
5c1942e200849900010afdcd,tea towels
5c1942e200849900010afdcd,utensils
5c1942e200849900010afdcd,pantry
5c1942e200849900010afdcd,strainer
5c1942e200849900010afdcd,ladle
5c1942e200849900010afdcd,cookie jar
5c1942e200849900010afdcd,sink
5c1942e200849900010afdcd,blender
5c1942e200849900010afdcd,coasters
5c1942e200849900010afdcd,peeler
5c1942e200849900010afdcd,spice jars
5f6c102b6ec04317fc9a8127,thermometer
5f6c102b6ec04317fc9a8127,spatula
5f6c102b6ec04317fc9a8127,can opener
5f6c102b6ec04317fc9a8127,whisk
5f6c102b6ec04317fc9a8127,tea cups
5f6c102b6ec04317fc9a8127,oven
5f6c102b6ec04317fc9a8127,microwave
5f6c102b6ec04317fc9a8127,dishwasher
5f6c102b6ec04317fc9a8127,strainer
5f6c102b6ec04317fc9a8127,ladle
5c4a428161c51f0001e96b3f,oven
5c4a428161c51f0001e96b3f,coasters
5c4a428161c51f0001e96b3f,refrigerator
5c4a428161c51f0001e96b3f,stove
5c4a428161c51f0001e96b3f,grater
5c4a428161c51f0001e96b3f,sink
5c4a428161c51f0001e96b3f,apron
5c4a428161c51f0001e96b3f,tea towels
5c4a428161c51f0001e96b3f,spatula
5c4a428161c51f0001e96b3f,oven
5c4a428161c51f0001e96b3f,microwave
5c4a428161c51f0001e96b3f,grater
5c4a428161c51f0001e96b3f,juicer
5c4a428161c51f0001e96b3f,peeler
5c4a428161c51f0001e96b3f,oven
5c4a428161c51f0001e96b3f,stove
65cc2139907d390e13480a97,apron
65cc2139907d390e13480a97,stove
65cc2139907d390e13480a97,oven
65cc2139907d390e13480a97,toaster
65cc2139907d390e13480a97,blender
65cc2139907d390e13480a97,microwave
65cc2139907d390e13480a97,bread box
65cc2139907d390e13480a97,spice jars
65cc2139907d390e13480a97,dishwasher
65cc2139907d390e13480a97,tea cups
65cc2139907d390e13480a97,pantry
65cc2139907d390e13480a97,creamer
65cc2139907d390e13480a97,trash can
65f1ec7ae5a09035345db62e,pantry
65f1ec7ae5a09035345db62e,tea cups
65f1ec7ae5a09035345db62e,apron
65f1ec7ae5a09035345db62e,apron
65f1ec7ae5a09035345db62e,apron
65f1ec7ae5a09035345db62e,pantry
65f1ec7ae5a09035345db62e,cookie jar
65f1ec7ae5a09035345db62e,creamer
65f1ec7ae5a09035345db62e,blender
65f1ec7ae5a09035345db62e,blender
65f1ec7ae5a09035345db62e,juicer
65f1ec7ae5a09035345db62e,spatula
65f1ec7ae5a09035345db62e,tea cups
65f1ec7ae5a09035345db62e,blender
65f1ec7ae5a09035345db62e,can opener
65f1ec7ae5a09035345db62e,juicer
65f1ec7ae5a09035345db62e,peeler
65f1ec7ae5a09035345db62e,tea spoon
65f1ec7ae5a09035345db62e,whisk
65f1ec7ae5a09035345db62e,blender
65f1ec7ae5a09035345db62e,spatula
65f1ec7ae5a09035345db62e,grater
65f1ec7ae5a09035345db62e,oven
65f1ec7ae5a09035345db62e,spatula
65f1ec7ae5a09035345db62e,thermometer
65f1ec7ae5a09035345db62e,tongs
65f1ec7ae5a09035345db62e,creamer
65f1ec7ae5a09035345db62e,tea kettle
65f1ec7ae5a09035345db62e,toaster
65f1ec7ae5a09035345db62e,refrigerator
65f1ec7ae5a09035345db62e,oven
65f1ec7ae5a09035345db62e,microwave
65f1ec7ae5a09035345db62e,countertops
65f1ec7ae5a09035345db62e,ladle
65778c02cde55736bb830eca,stove
65778c02cde55736bb830eca,tea pot
65778c02cde55736bb830eca,pantry
65778c02cde55736bb830eca,oven
65778c02cde55736bb830eca,oven
65778c02cde55736bb830eca,countertops
65778c02cde55736bb830eca,grater
65778c02cde55736bb830eca,ladle
65778c02cde55736bb830eca,spatula
65778c02cde55736bb830eca,tongs
65778c02cde55736bb830eca,pantry
65778c02cde55736bb830eca,apron
65778c02cde55736bb830eca,tea towels
65778c02cde55736bb830eca,pantry
65778c02cde55736bb830eca,tongs
65ef726771fe85fd222416d1,spatula
65ef726771fe85fd222416d1,strainer
65ef726771fe85fd222416d1,tea cups
65ef726771fe85fd222416d1,strainer
65ef726771fe85fd222416d1,pantry
65ef726771fe85fd222416d1,stove
65ef726771fe85fd222416d1,tea pot
65ef726771fe85fd222416d1,pot holders
65ef726771fe85fd222416d1,oven
65ef726771fe85fd222416d1,can opener
65ef726771fe85fd222416d1,peeler
65ef726771fe85fd222416d1,blender
65ef726771fe85fd222416d1,juicer
65ef726771fe85fd222416d1,apron
65ef726771fe85fd222416d1,apron
65ef726771fe85fd222416d1,oven
65c10fdabd93bdc59f95835b,tongs
65c10fdabd93bdc59f95835b,pantry
65c10fdabd93bdc59f95835b,microwave
65c10fdabd93bdc59f95835b,oven
65c10fdabd93bdc59f95835b,dishwasher
65c10fdabd93bdc59f95835b,sink
65c10fdabd93bdc59f95835b,peeler
65c10fdabd93bdc59f95835b,stove
65c10fdabd93bdc59f95835b,spatula
65c10fdabd93bdc59f95835b,dishwasher
65c10fdabd93bdc59f95835b,sink
65c10fdabd93bdc59f95835b,coasters
65c10fdabd93bdc59f95835b,apron
65c10fdabd93bdc59f95835b,juicer
65c10fdabd93bdc59f95835b,sink
65c10fdabd93bdc59f95835b,juicer
65c10fdabd93bdc59f95835b,juicer
65c10fdabd93bdc59f95835b,blender
65c10fdabd93bdc59f95835b,tea pot
65c10fdabd93bdc59f95835b,juicer
65c10fdabd93bdc59f95835b,tea pot
65c10fdabd93bdc59f95835b,toaster
65c10fdabd93bdc59f95835b,toaster
65c10fdabd93bdc59f95835b,oven
65c10fdabd93bdc59f95835b,blender
5e7fefe06c12706d47e35211,refrigerator
5e7fefe06c12706d47e35211,oven
5e7fefe06c12706d47e35211,dishwasher
5e7fefe06c12706d47e35211,sink
5e7fefe06c12706d47e35211,spatula
5e7fefe06c12706d47e35211,whisk
5e7fefe06c12706d47e35211,ladle
5e7fefe06c12706d47e35211,tea spoon
5e7fefe06c12706d47e35211,oven
5e7fefe06c12706d47e35211,pantry
5e7fefe06c12706d47e35211,spice jars
5e7fefe06c12706d47e35211,cabinets
5e7fefe06c12706d47e35211,grater
5e7fefe06c12706d47e35211,strainer
5e7fefe06c12706d47e35211,dishwasher
5e7fefe06c12706d47e35211,tongs
5e7fefe06c12706d47e35211,drying mat
5e7fefe06c12706d47e35211,tea cups
5e7fefe06c12706d47e35211,juicer
612e6569f68929afb886fb5c,tea pot
612e6569f68929afb886fb5c,pantry
612e6569f68929afb886fb5c,pantry
612e6569f68929afb886fb5c,tea pot
612e6569f68929afb886fb5c,oven
612e6569f68929afb886fb5c,tea cups
612e6569f68929afb886fb5c,spatula
612e6569f68929afb886fb5c,toaster
612e6569f68929afb886fb5c,can opener
612e6569f68929afb886fb5c,ice scoop
612e6569f68929afb886fb5c,sink
612e6569f68929afb886fb5c,countertops
612e6569f68929afb886fb5c,ladle
612e6569f68929afb886fb5c,refrigerator
612e6569f68929afb886fb5c,peeler
612e6569f68929afb886fb5c,toaster
612e6569f68929afb886fb5c,toaster
612e6569f68929afb886fb5c,oven
612e6569f68929afb886fb5c,oven
612e6569f68929afb886fb5c,stove
612e6569f68929afb886fb5c,microwave
612e6569f68929afb886fb5c,blender
612e6569f68929afb886fb5c,pantry
612e6569f68929afb886fb5c,peeler
612e6569f68929afb886fb5c,sink
612e6569f68929afb886fb5c,peeler
612e6569f68929afb886fb5c,apron
61035836646fb6ee2152f950,juicer
61035836646fb6ee2152f950,grater
61035836646fb6ee2152f950,juicer
61035836646fb6ee2152f950,oven
61035836646fb6ee2152f950,microwave
61035836646fb6ee2152f950,grater
61035836646fb6ee2152f950,stove
61035836646fb6ee2152f950,dishwasher
61035836646fb6ee2152f950,tea pot
61035836646fb6ee2152f950,colander
61035836646fb6ee2152f950,cabinets
61035836646fb6ee2152f950,ladle
65f36565fe88b95d6806e496,stove
65f36565fe88b95d6806e496,oven
65f36565fe88b95d6806e496,pantry
65f36565fe88b95d6806e496,ladle
65f36565fe88b95d6806e496,refrigerator
65f36565fe88b95d6806e496,peeler
65f36565fe88b95d6806e496,countertops
65f36565fe88b95d6806e496,microwave
65f36565fe88b95d6806e496,pantry
65f36565fe88b95d6806e496,kettle
65f36565fe88b95d6806e496,toaster
65f36565fe88b95d6806e496,microwave
65f36565fe88b95d6806e496,oven
65f36565fe88b95d6806e496,trash can
65f36565fe88b95d6806e496,sink
65f36565fe88b95d6806e496,dishwasher
65f36565fe88b95d6806e496,tea cups
65f36565fe88b95d6806e496,stove
65f36565fe88b95d6806e496,spatula
65f36565fe88b95d6806e496,grater
65f36565fe88b95d6806e496,blender
65f36565fe88b95d6806e496,apron
5d3cc9010e510a00013df6f6,microwave
5d3cc9010e510a00013df6f6,toaster
5d3cc9010e510a00013df6f6,stove
5d3cc9010e510a00013df6f6,stove
5d3cc9010e510a00013df6f6,refrigerator
5d3cc9010e510a00013df6f6,cabinets
5d3cc9010e510a00013df6f6,grater
5d3cc9010e510a00013df6f6,dishwasher
5d3cc9010e510a00013df6f6,toaster
5d3cc9010e510a00013df6f6,oven
5d3cc9010e510a00013df6f6,ladle
5d3cc9010e510a00013df6f6,tongs
5d3cc9010e510a00013df6f6,sink
5d3cc9010e510a00013df6f6,ladle
5d3cc9010e510a00013df6f6,grater
5d3cc9010e510a00013df6f6,dishwasher
65c18079d4f634d2c8a0728c,tea spoon
65c18079d4f634d2c8a0728c,pantry
65c18079d4f634d2c8a0728c,stove
65c18079d4f634d2c8a0728c,cabinets
65c18079d4f634d2c8a0728c,grater
65c18079d4f634d2c8a0728c,sink
65c18079d4f634d2c8a0728c,oven
65c18079d4f634d2c8a0728c,tea cups
65c18079d4f634d2c8a0728c,apron
65c18079d4f634d2c8a0728c,tea towels
65c18079d4f634d2c8a0728c,refrigerator
65c18079d4f634d2c8a0728c,ladle
65c18079d4f634d2c8a0728c,can opener
65c18079d4f634d2c8a0728c,kettle
65c18079d4f634d2c8a0728c,can opener
65c18079d4f634d2c8a0728c,peeler
65c18079d4f634d2c8a0728c,juicer
60fcf1a04c245326d05076e0,ladle
60fcf1a04c245326d05076e0,creamer
60fcf1a04c245326d05076e0,ice bucket
60fcf1a04c245326d05076e0,tea tray
60fcf1a04c245326d05076e0,refrigerator
60fcf1a04c245326d05076e0,stove
60fcf1a04c245326d05076e0,dishwasher
60fcf1a04c245326d05076e0,sink
60fcf1a04c245326d05076e0,cabinets
60fcf1a04c245326d05076e0,countertops
60fcf1a04c245326d05076e0,microwave
60fcf1a04c245326d05076e0,oven
60fcf1a04c245326d05076e0,grater
60fcf1a04c245326d05076e0,pantry
60fcf1a04c245326d05076e0,drying mat
60fcf1a04c245326d05076e0,tea cups
6595e3b4dc9090390e4edb5f,microwave
6595e3b4dc9090390e4edb5f,oven
6595e3b4dc9090390e4edb5f,dishwasher
6595e3b4dc9090390e4edb5f,refrigerator
6595e3b4dc9090390e4edb5f,toaster
6595e3b4dc9090390e4edb5f,juicer
6595e3b4dc9090390e4edb5f,egg cooker
6595e3b4dc9090390e4edb5f,blender
6595e3b4dc9090390e4edb5f,cabinets
6595e3b4dc9090390e4edb5f,ladle
6595e3b4dc9090390e4edb5f,grater
6595e3b4dc9090390e4edb5f,tea cups
6595e3b4dc9090390e4edb5f,utensils
6595e3b4dc9090390e4edb5f,strainer
6595e3b4dc9090390e4edb5f,pantry
6595e3b4dc9090390e4edb5f,colander
6595e3b4dc9090390e4edb5f,strainer
6595e3b4dc9090390e4edb5f,spatula
6595e3b4dc9090390e4edb5f,whisk
6595e3b4dc9090390e4edb5f,ladle
6595e3b4dc9090390e4edb5f,corkscrew
6595e3b4dc9090390e4edb5f,can opener
6595e3b4dc9090390e4edb5f,pantry
6595e3b4dc9090390e4edb5f,thermometer
60da4f9aa1ced7efeecca18a,tongs
60da4f9aa1ced7efeecca18a,sink
60da4f9aa1ced7efeecca18a,oven
60da4f9aa1ced7efeecca18a,stove
60da4f9aa1ced7efeecca18a,tongs
60da4f9aa1ced7efeecca18a,microwave
60da4f9aa1ced7efeecca18a,toaster
60da4f9aa1ced7efeecca18a,toaster
60da4f9aa1ced7efeecca18a,oven
60da4f9aa1ced7efeecca18a,oven
60da4f9aa1ced7efeecca18a,tea towels
60da4f9aa1ced7efeecca18a,tea spoon
60da4f9aa1ced7efeecca18a,spatula
60da4f9aa1ced7efeecca18a,utensils
60da4f9aa1ced7efeecca18a,strainer
60da4f9aa1ced7efeecca18a,strainer
60da4f9aa1ced7efeecca18a,bread box
60da4f9aa1ced7efeecca18a,tongs
60da4f9aa1ced7efeecca18a,grater
60da4f9aa1ced7efeecca18a,spice jars
60da4f9aa1ced7efeecca18a,toaster
60da4f9aa1ced7efeecca18a,creamer
60da4f9aa1ced7efeecca18a,apron
65e63b7fc845c96c2c2520bc,blender
65e63b7fc845c96c2c2520bc,peeler
65e63b7fc845c96c2c2520bc,peeler
65e63b7fc845c96c2c2520bc,refrigerator
65e63b7fc845c96c2c2520bc,cabinets
65e63b7fc845c96c2c2520bc,ladle
65e63b7fc845c96c2c2520bc,dishwasher
65e63b7fc845c96c2c2520bc,peeler
65e63b7fc845c96c2c2520bc,spatula
65e63b7fc845c96c2c2520bc,tea cups
65e63b7fc845c96c2c2520bc,tongs
65e63b7fc845c96c2c2520bc,whisk
65e63b7fc845c96c2c2520bc,grater
65e63b7fc845c96c2c2520bc,stove
65e63b7fc845c96c2c2520bc,pantry
65e63b7fc845c96c2c2520bc,stove
65e63b7fc845c96c2c2520bc,strainer
65e63b7fc845c96c2c2520bc,tongs
65e63b7fc845c96c2c2520bc,oven
65e63b7fc845c96c2c2520bc,tea towels
65e63b7fc845c96c2c2520bc,rolling pin
65e63b7fc845c96c2c2520bc,peeler
65e63b7fc845c96c2c2520bc,microwave
65e63b7fc845c96c2c2520bc,oven
65e63b7fc845c96c2c2520bc,oven
65e63b7fc845c96c2c2520bc,cabinets
65e63b7fc845c96c2c2520bc,kettle
65e63b7fc845c96c2c2520bc,peeler
5fc6df58f380620a09116434,utensils
5fc6df58f380620a09116434,tea spoon
5fc6df58f380620a09116434,tea cups
5fc6df58f380620a09116434,spatula
5fc6df58f380620a09116434,pantry
5fc6df58f380620a09116434,dishwasher
5fc6df58f380620a09116434,oven
5fc6df58f380620a09116434,microwave
5fc6df58f380620a09116434,countertops
5fc6df58f380620a09116434,colander
5fc6df58f380620a09116434,tea pot
5fc6df58f380620a09116434,grater
5fc6df58f380620a09116434,sink
5fc6df58f380620a09116434,blender
5fc6df58f380620a09116434,refrigerator
5fc6df58f380620a09116434,grater
5fc6df58f380620a09116434,spice jars
5fc6df58f380620a09116434,peeler
5fc6df58f380620a09116434,whisk
5fc6df58f380620a09116434,apron
5fc6df58f380620a09116434,tea spoon
5fc6df58f380620a09116434,tea spoon
5fc6df58f380620a09116434,ladle
5fc6df58f380620a09116434,cabinets
5fc6df58f380620a09116434,grater
5fc6df58f380620a09116434,oven
5fc6df58f380620a09116434,grater
5fc6df58f380620a09116434,drying mat
