SID,entry
65e862f844f1b7a803bb3c5a,bus
65e862f844f1b7a803bb3c5a,car
65e862f844f1b7a803bb3c5a,bicycle
65e862f844f1b7a803bb3c5a,coach
65e862f844f1b7a803bb3c5a,camel
65e862f844f1b7a803bb3c5a,horse
65e862f844f1b7a803bb3c5a,cable car
65e862f844f1b7a803bb3c5a,skateboard
65e862f844f1b7a803bb3c5a,aeroplane
65e862f844f1b7a803bb3c5a,narrow boats
65e862f844f1b7a803bb3c5a,yacht
65e862f844f1b7a803bb3c5a,ferry
65e862f844f1b7a803bb3c5a,cruise shiop
65e862f844f1b7a803bb3c5a,taxi
65e862f844f1b7a803bb3c5a,train
65e862f844f1b7a803bb3c5a,air boats
65e862f844f1b7a803bb3c5a,helicopter
65e862f844f1b7a803bb3c5a,submarine
65e862f844f1b7a803bb3c5a,truck
65e862f844f1b7a803bb3c5a,lorry
65e862f844f1b7a803bb3c5a,donkey
65e862f844f1b7a803bb3c5a,kennel
5d7ff4aa50fda7001a863736,car
5d7ff4aa50fda7001a863736,bus
5d7ff4aa50fda7001a863736,taxi
5d7ff4aa50fda7001a863736,limo
5d7ff4aa50fda7001a863736,airplane
5d7ff4aa50fda7001a863736,helicopter
5d7ff4aa50fda7001a863736,bicycle
5d7ff4aa50fda7001a863736,oh
5d7ff4aa50fda7001a863736,ship
5d7ff4aa50fda7001a863736,boat
5d7ff4aa50fda7001a863736,scooter
5d7ff4aa50fda7001a863736,train
5d7ff4aa50fda7001a863736,motorcycle
5d7ff4aa50fda7001a863736,golf cart
5d7ff4aa50fda7001a863736,school bus
5d7ff4aa50fda7001a863736,ambulance
5d7ff4aa50fda7001a863736,police car
5d7ff4aa50fda7001a863736,horse
65c25cf77dca9d7ca7d9ebdb,car
65c25cf77dca9d7ca7d9ebdb,airplane
65c25cf77dca9d7ca7d9ebdb,train
65c25cf77dca9d7ca7d9ebdb,boat
65c25cf77dca9d7ca7d9ebdb,jet ski
65c25cf77dca9d7ca7d9ebdb,bicycle
65c25cf77dca9d7ca7d9ebdb,motorcycle
65c25cf77dca9d7ca7d9ebdb,a train
65c25cf77dca9d7ca7d9ebdb,bus
65c25cf77dca9d7ca7d9ebdb,trolley
65c25cf77dca9d7ca7d9ebdb,submarine
65c25cf77dca9d7ca7d9ebdb,skateboard
65c25cf77dca9d7ca7d9ebdb,scooter
65c25cf77dca9d7ca7d9ebdb,elevator
65c25cf77dca9d7ca7d9ebdb,stairs
65c25cf77dca9d7ca7d9ebdb,helicopter
65c25cf77dca9d7ca7d9ebdb,ambulance
65e358d9c5e3ee026268b2a7,walking
65e358d9c5e3ee026268b2a7,running
65e358d9c5e3ee026268b2a7,skipping
65e358d9c5e3ee026268b2a7,rollerblades
65e358d9c5e3ee026268b2a7,heelys
65e358d9c5e3ee026268b2a7,skateboard
65e358d9c5e3ee026268b2a7,ripstik
65e358d9c5e3ee026268b2a7,scooter electric or manual
65e358d9c5e3ee026268b2a7,bike both electric or manual
65e358d9c5e3ee026268b2a7,tricycle
65e358d9c5e3ee026268b2a7,motorcycle
65e358d9c5e3ee026268b2a7,a car
65e358d9c5e3ee026268b2a7,a truck
65e358d9c5e3ee026268b2a7,a public transit bus
65e358d9c5e3ee026268b2a7,a plane
65e358d9c5e3ee026268b2a7,helicopter
65e358d9c5e3ee026268b2a7,boat
65e358d9c5e3ee026268b2a7,ferry
65e358d9c5e3ee026268b2a7,a cruise ship
65e358d9c5e3ee026268b2a7,yacht
65e358d9c5e3ee026268b2a7,spaceship
65e358d9c5e3ee026268b2a7,a taxi
65e358d9c5e3ee026268b2a7,rideshare system
65e358d9c5e3ee026268b2a7,uber
65e358d9c5e3ee026268b2a7,lyft
65e358d9c5e3ee026268b2a7,a pogo stick
65e358d9c5e3ee026268b2a7,a unicycle
63ea4ab1ce4168cbe9f63775,walking
63ea4ab1ce4168cbe9f63775,driving your own car
63ea4ab1ce4168cbe9f63775,taxi services
63ea4ab1ce4168cbe9f63775,private car services
63ea4ab1ce4168cbe9f63775,uber
63ea4ab1ce4168cbe9f63775,lyft
63ea4ab1ce4168cbe9f63775,bicycle
63ea4ab1ce4168cbe9f63775,electric scooter
63ea4ab1ce4168cbe9f63775,zipcar
63ea4ab1ce4168cbe9f63775,motorized scooter
63ea4ab1ce4168cbe9f63775,motorcycle
63ea4ab1ce4168cbe9f63775,truck
63ea4ab1ce4168cbe9f63775,airplane
63ea4ab1ce4168cbe9f63775,subway
63ea4ab1ce4168cbe9f63775,train
63ea4ab1ce4168cbe9f63775,high-speed train
63ea4ab1ce4168cbe9f63775,ship
63ea4ab1ce4168cbe9f63775,cruise ship
63ea4ab1ce4168cbe9f63775,ferry
63ea4ab1ce4168cbe9f63775,hand cart
63ea4ab1ce4168cbe9f63775,incline
63ea4ab1ce4168cbe9f63775,bus
63ea4ab1ce4168cbe9f63775,public bus
63ea4ab1ce4168cbe9f63775,ambulance
63ea4ab1ce4168cbe9f63775,shuttle
63ea4ab1ce4168cbe9f63775,van
65d54b3b524fcafb543d1b23,car
65d54b3b524fcafb543d1b23,truck
65d54b3b524fcafb543d1b23,bus
65d54b3b524fcafb543d1b23,school bus
65d54b3b524fcafb543d1b23,uber
65d54b3b524fcafb543d1b23,lyft
65d54b3b524fcafb543d1b23,bicycle
65d54b3b524fcafb543d1b23,skateboard
65d54b3b524fcafb543d1b23,scooter
65d54b3b524fcafb543d1b23,electric scooter
65d54b3b524fcafb543d1b23,boat
65d54b3b524fcafb543d1b23,ferry
65d54b3b524fcafb543d1b23,carriage
65d54b3b524fcafb543d1b23,horse
65d54b3b524fcafb543d1b23,ski
65d54b3b524fcafb543d1b23,ski
65d54b3b524fcafb543d1b23,ski dogs
60a48adfe091e410f4eaba34,car
60a48adfe091e410f4eaba34,bus
60a48adfe091e410f4eaba34,train
60a48adfe091e410f4eaba34,plane
60a48adfe091e410f4eaba34,private jet
60a48adfe091e410f4eaba34,walking
60a48adfe091e410f4eaba34,bicycle
60a48adfe091e410f4eaba34,boat
60a48adfe091e410f4eaba34,hang glider
60a48adfe091e410f4eaba34,segway
60a48adfe091e410f4eaba34,scooter
60a48adfe091e410f4eaba34,paddle board
60a48adfe091e410f4eaba34,running
60a48adfe091e410f4eaba34,swimming
60a48adfe091e410f4eaba34,taxi
60a48adfe091e410f4eaba34,carpooling
65cc19b4b3d48a22dfc6756d,foot
65cc19b4b3d48a22dfc6756d,car
65cc19b4b3d48a22dfc6756d,train
65cc19b4b3d48a22dfc6756d,bus
65cc19b4b3d48a22dfc6756d,airplane
65cc19b4b3d48a22dfc6756d,boat
65cc19b4b3d48a22dfc6756d,helicopter
65cc19b4b3d48a22dfc6756d,rocket ship
65cc19b4b3d48a22dfc6756d,spaceship
65cb63e160bb47fbf9349269,car
65cb63e160bb47fbf9349269,bus
65cb63e160bb47fbf9349269,train
65cb63e160bb47fbf9349269,taxi
65cb63e160bb47fbf9349269,ride sharing
65cb63e160bb47fbf9349269,light rail
65cb63e160bb47fbf9349269,monorail
65cb63e160bb47fbf9349269,plane
65cb63e160bb47fbf9349269,helicopter
65cb63e160bb47fbf9349269,boat
65cb63e160bb47fbf9349269,cruise
65cb63e160bb47fbf9349269,sailboat
65cb63e160bb47fbf9349269,bicycle
65cb63e160bb47fbf9349269,bicycle
65cb63e160bb47fbf9349269,motorcycle
65cb63e160bb47fbf9349269,paragliding
65cb63e160bb47fbf9349269,tram
65cb63e160bb47fbf9349269,skis
65cb63e160bb47fbf9349269,snowboard
65cb63e160bb47fbf9349269,scooter
65cb63e160bb47fbf9349269,skateboard
65d6a09286a0c99e632a46dd,car
65d6a09286a0c99e632a46dd,bike
65d6a09286a0c99e632a46dd,plane
65d6a09286a0c99e632a46dd,train
65d6a09286a0c99e632a46dd,boss
65d6a09286a0c99e632a46dd,walk
65d6a09286a0c99e632a46dd,scooter
65d6a09286a0c99e632a46dd,electric scooter
65d6a09286a0c99e632a46dd,rollerblade
65d6a09286a0c99e632a46dd,running
65d6a09286a0c99e632a46dd,skateboard
65d6a09286a0c99e632a46dd,longboard
65d6a09286a0c99e632a46dd,hoverboard
65d6a09286a0c99e632a46dd,golf cart
65d6a09286a0c99e632a46dd,tractor
65d6a09286a0c99e632a46dd,trailer
60d731567049e5132e3cc4d4,walking
60d731567049e5132e3cc4d4,taking an uber
60d731567049e5132e3cc4d4,driving
60d731567049e5132e3cc4d4,biking
60d731567049e5132e3cc4d4,train
60d731567049e5132e3cc4d4,airplane
60d731567049e5132e3cc4d4,skateboard
60d731567049e5132e3cc4d4,scooter
60d731567049e5132e3cc4d4,hoverboard
60d731567049e5132e3cc4d4,trolly
60d731567049e5132e3cc4d4,subway
60d731567049e5132e3cc4d4,gondola
60d731567049e5132e3cc4d4,chairlift
60d731567049e5132e3cc4d4,teabar
60d731567049e5132e3cc4d4,helicopter
60d731567049e5132e3cc4d4,pedal cab
60d731567049e5132e3cc4d4,sled
60d731567049e5132e3cc4d4,wagon
60d731567049e5132e3cc4d4,skis
60d731567049e5132e3cc4d4,snowshoes
60d731567049e5132e3cc4d4,conveyor belt
60d731567049e5132e3cc4d4,elevator
60d731567049e5132e3cc4d4,escalator
60d731567049e5132e3cc4d4,trampoline
60d731567049e5132e3cc4d4,merry go round
60d731567049e5132e3cc4d4,ferris wheel
60d731567049e5132e3cc4d4,zipline
65e1f75ab3efd22e847cfbf0,car
65e1f75ab3efd22e847cfbf0,bike
65e1f75ab3efd22e847cfbf0,plane
65e1f75ab3efd22e847cfbf0,boat
65e1f75ab3efd22e847cfbf0,train
65e1f75ab3efd22e847cfbf0,scooter
65e1f75ab3efd22e847cfbf0,motorcycle
65e1f75ab3efd22e847cfbf0,bus
65e1f75ab3efd22e847cfbf0,van
65e1f75ab3efd22e847cfbf0,truck
65e1f75ab3efd22e847cfbf0,sedan
65e1f75ab3efd22e847cfbf0,plane
65e1f75ab3efd22e847cfbf0,ship
65e1f75ab3efd22e847cfbf0,hot air balloon
65e1f75ab3efd22e847cfbf0,was not a
5f5aa60bef062519ff711fe6,biking
5f5aa60bef062519ff711fe6,car
5f5aa60bef062519ff711fe6,bus
5f5aa60bef062519ff711fe6,subway
5f5aa60bef062519ff711fe6,metro
5f5aa60bef062519ff711fe6,tram
5f5aa60bef062519ff711fe6,elevator
5f5aa60bef062519ff711fe6,escalator
5f5aa60bef062519ff711fe6,motorcycle
5f5aa60bef062519ff711fe6,carriage
5f5aa60bef062519ff711fe6,horse
5f5aa60bef062519ff711fe6,ship
5f5aa60bef062519ff711fe6,crane
5f5aa60bef062519ff711fe6,walking
5f5aa60bef062519ff711fe6,scooter
5f5aa60bef062519ff711fe6,skateboard
63e802622f8052bd67d6c5f0,skateboard
63e802622f8052bd67d6c5f0,rollerblades
63e802622f8052bd67d6c5f0,car
63e802622f8052bd67d6c5f0,truck
63e802622f8052bd67d6c5f0,bus
63e802622f8052bd67d6c5f0,rain
63e802622f8052bd67d6c5f0,scooter
63e802622f8052bd67d6c5f0,walking
63e802622f8052bd67d6c5f0,boating
63e802622f8052bd67d6c5f0,motorcycle
63e802622f8052bd67d6c5f0,dirt bike
63e802622f8052bd67d6c5f0,submarine
