SID,entry
61035836646fb6ee2152f950,rose
61035836646fb6ee2152f950,iris
61035836646fb6ee2152f950,tulip
61035836646fb6ee2152f950,peony
61035836646fb6ee2152f950,daffodil
61035836646fb6ee2152f950,sunflower
61035836646fb6ee2152f950,asters
61035836646fb6ee2152f950,lavender
5e8a76b3939b3072dc76fb5c,daisy
5e8a76b3939b3072dc76fb5c,iris
5e8a76b3939b3072dc76fb5c,tulip
5e8a76b3939b3072dc76fb5c,sunflower
5e8a76b3939b3072dc76fb5c,catmint
5e8a76b3939b3072dc76fb5c,rose
5e8a76b3939b3072dc76fb5c,violet
5e8a76b3939b3072dc76fb5c,clover
65ef726771fe85fd222416d1,daisy
65ef726771fe85fd222416d1,tulip
65ef726771fe85fd222416d1,rose
65ef726771fe85fd222416d1,lily
65ef726771fe85fd222416d1,sunflower
65ef726771fe85fd222416d1,petunia
65ef726771fe85fd222416d1,carnation
65ef726771fe85fd222416d1,daffodil
65ef726771fe85fd222416d1,peony
65ef726771fe85fd222416d1,tulip
65ef726771fe85fd222416d1,chrysanthemum
65ef726771fe85fd222416d1,hydrangea
65ef726771fe85fd222416d1,lavender
65ef726771fe85fd222416d1,orchid
65ef726771fe85fd222416d1,camellia
65ef726771fe85fd222416d1,lily
65ef726771fe85fd222416d1,periwinkle
65ef726771fe85fd222416d1,marigold
65c18079d4f634d2c8a0728c,rose
65c18079d4f634d2c8a0728c,lily
65c18079d4f634d2c8a0728c,daffodil
65c18079d4f634d2c8a0728c,sunflower
65c18079d4f634d2c8a0728c,chrysanthemum
65c18079d4f634d2c8a0728c,peony
65c18079d4f634d2c8a0728c,lily
5c1942e200849900010afdcd,rose
5c1942e200849900010afdcd,violet
5c1942e200849900010afdcd,sunflower
5c1942e200849900010afdcd,daffodil
5c1942e200849900010afdcd,lily
5c1942e200849900010afdcd,aster
5c1942e200849900010afdcd,lily
5c1942e200849900010afdcd,waxflower
5c1942e200849900010afdcd,lily
5c1942e200849900010afdcd,tulip
5c1942e200849900010afdcd,chrysanthemum
5c1942e200849900010afdcd,magnolia
612e6569f68929afb886fb5c,rose
612e6569f68929afb886fb5c,daisy
612e6569f68929afb886fb5c,tulip
612e6569f68929afb886fb5c,petunia
612e6569f68929afb886fb5c,marigold
612e6569f68929afb886fb5c,aster
612e6569f68929afb886fb5c,orchid
612e6569f68929afb886fb5c,lily
612e6569f68929afb886fb5c,rose
612e6569f68929afb886fb5c,peony
612e6569f68929afb886fb5c,marigold
612e6569f68929afb886fb5c,chrysanthemum
612e6569f68929afb886fb5c,carnation
612e6569f68929afb886fb5c,bluebell
612e6569f68929afb886fb5c,forget-me-not
612e6569f68929afb886fb5c,sunflower
612e6569f68929afb886fb5c,lavender
612e6569f68929afb886fb5c,lily
65d6af2397543519d98f2498,orchid
65d6af2397543519d98f2498,daisy
65d6af2397543519d98f2498,petunia
65d6af2397543519d98f2498,sunflower
65d6af2397543519d98f2498,daffodil
65d6af2397543519d98f2498,rose
65d6af2397543519d98f2498,peony
65d6af2397543519d98f2498,chrysanthemum
65d6af2397543519d98f2498,iris
65d6af2397543519d98f2498,tulip
5c4a428161c51f0001e96b3f,waxflower
5c4a428161c51f0001e96b3f,iris
5c4a428161c51f0001e96b3f,tulip
5c4a428161c51f0001e96b3f,rose
5c4a428161c51f0001e96b3f,lavender
5c4a428161c51f0001e96b3f,sunflower
5c4a428161c51f0001e96b3f,iris
5c4a428161c51f0001e96b3f,waxflower
5c4a428161c51f0001e96b3f,waxflower
5c4a428161c51f0001e96b3f,bluebell
5c4a428161c51f0001e96b3f,windflower
5c4a428161c51f0001e96b3f,rose
5c4a428161c51f0001e96b3f,daffodil
5c4a428161c51f0001e96b3f,waxflower
5c4a428161c51f0001e96b3f,statice
5c4a428161c51f0001e96b3f,waxflower
65f36565fe88b95d6806e496,tulip
65f36565fe88b95d6806e496,rose
65f36565fe88b95d6806e496,lily
65f36565fe88b95d6806e496,iris
65f36565fe88b95d6806e496,gardenia
65f36565fe88b95d6806e496,asters
65f36565fe88b95d6806e496,sweet pea
65f36565fe88b95d6806e496,camellia
65f36565fe88b95d6806e496,asters
65cbcaaab9e2fae86452af73,iris
65cbcaaab9e2fae86452af73,tulip
65cbcaaab9e2fae86452af73,rose
65cbcaaab9e2fae86452af73,sunflower
65cbcaaab9e2fae86452af73,daffodil
65cbcaaab9e2fae86452af73,chrysanthemum
65cbcaaab9e2fae86452af73,lavender
65cbcaaab9e2fae86452af73,orchid
65cbcaaab9e2fae86452af73,daisy
65cbcaaab9e2fae86452af73,windflower
65cbcaaab9e2fae86452af73,violet
60fcf1a04c245326d05076e0,daffodil
60fcf1a04c245326d05076e0,daisy
60fcf1a04c245326d05076e0,sunflower
60fcf1a04c245326d05076e0,rose
60fcf1a04c245326d05076e0,lily
60fcf1a04c245326d05076e0,chrysanthemum
60fcf1a04c245326d05076e0,aster
60fcf1a04c245326d05076e0,lily
60fcf1a04c245326d05076e0,daffodil
60fcf1a04c245326d05076e0,lavender
65eeceee847314e8232923c9,rose
65eeceee847314e8232923c9,waxflower
65eeceee847314e8232923c9,peony
5e7fefe06c12706d47e35211,lily
5e7fefe06c12706d47e35211,daisy
5e7fefe06c12706d47e35211,sunflower
5e7fefe06c12706d47e35211,magnolia
5e7fefe06c12706d47e35211,waxflower
5e7fefe06c12706d47e35211,rose
5e7fefe06c12706d47e35211,tulip
5e7fefe06c12706d47e35211,clover
5fc6df58f380620a09116434,daisy
5fc6df58f380620a09116434,daffodil
5fc6df58f380620a09116434,rose
5fc6df58f380620a09116434,peony
5fc6df58f380620a09116434,aster
5fc6df58f380620a09116434,azalea
5fc6df58f380620a09116434,orchid
5fc6df58f380620a09116434,aster
5fc6df58f380620a09116434,tansy
5fc6df58f380620a09116434,daisy
5fc6df58f380620a09116434,lavender
5ed9311e1a69d449577bb8cf,rose
5ed9311e1a69d449577bb8cf,tulip
5ed9311e1a69d449577bb8cf,lily
5ed9311e1a69d449577bb8cf,daffodil
5ed9311e1a69d449577bb8cf,sunflower
5ed9311e1a69d449577bb8cf,daisy
5ed9311e1a69d449577bb8cf,lavender
65e63b7fc845c96c2c2520bc,sunflower
65e63b7fc845c96c2c2520bc,aster
65e63b7fc845c96c2c2520bc,petunia
65e63b7fc845c96c2c2520bc,lily
65e63b7fc845c96c2c2520bc,carnation
65e63b7fc845c96c2c2520bc,rose
65e63b7fc845c96c2c2520bc,tulip
65e63b7fc845c96c2c2520bc,marigold
65e63b7fc845c96c2c2520bc,lavender
65e63b7fc845c96c2c2520bc,orchid
65e63b7fc845c96c2c2520bc,daisy
65e63b7fc845c96c2c2520bc,hibiscus
65e63b7fc845c96c2c2520bc,lily
65e63b7fc845c96c2c2520bc,jasmine
65e63b7fc845c96c2c2520bc,pansy
65e63b7fc845c96c2c2520bc,daffodil
65e63b7fc845c96c2c2520bc,magnolia
65e63b7fc845c96c2c2520bc,poppy
60da4f9aa1ced7efeecca18a,dahlia
60da4f9aa1ced7efeecca18a,chrysanthemum
60da4f9aa1ced7efeecca18a,rose
60da4f9aa1ced7efeecca18a,petunia
60da4f9aa1ced7efeecca18a,marigold
60da4f9aa1ced7efeecca18a,gardenia
60da4f9aa1ced7efeecca18a,daisy
60da4f9aa1ced7efeecca18a,hyacinth
60da4f9aa1ced7efeecca18a,lily
60da4f9aa1ced7efeecca18a,peony
65512e3cc12f463bc327b7c3,rose
65512e3cc12f463bc327b7c3,carnation
65512e3cc12f463bc327b7c3,daisy
65512e3cc12f463bc327b7c3,sunflower
65512e3cc12f463bc327b7c3,tulip
65512e3cc12f463bc327b7c3,daffodil
65512e3cc12f463bc327b7c3,marigold
65512e3cc12f463bc327b7c3,orchid
65512e3cc12f463bc327b7c3,lily
65512e3cc12f463bc327b7c3,azalea
65512e3cc12f463bc327b7c3,carnation
65512e3cc12f463bc327b7c3,marigold
65512e3cc12f463bc327b7c3,violet
65512e3cc12f463bc327b7c3,petunia
65512e3cc12f463bc327b7c3,pansy
65c10fdabd93bdc59f95835b,waxflower
65c10fdabd93bdc59f95835b,daisy
65c10fdabd93bdc59f95835b,sunflower
65c10fdabd93bdc59f95835b,rose
65c10fdabd93bdc59f95835b,tansy
65c10fdabd93bdc59f95835b,violet
65c10fdabd93bdc59f95835b,salvia
65c10fdabd93bdc59f95835b,marigold
65c10fdabd93bdc59f95835b,daisy
65c10fdabd93bdc59f95835b,carnation
65c10fdabd93bdc59f95835b,jasmine
65c10fdabd93bdc59f95835b,asters
65c10fdabd93bdc59f95835b,poppy
65c10fdabd93bdc59f95835b,lily
65cc2139907d390e13480a97,rose
65cc2139907d390e13480a97,chrysanthemum
65cc2139907d390e13480a97,tulip
65cc2139907d390e13480a97,lily
65cc2139907d390e13480a97,aster
65cc2139907d390e13480a97,lily
65cc2139907d390e13480a97,sunflower
65cc2139907d390e13480a97,daisy
65cc2139907d390e13480a97,waxflower
65cc2139907d390e13480a97,wisteria
65f1ec7ae5a09035345db62e,rose
65f1ec7ae5a09035345db62e,violet
65f1ec7ae5a09035345db62e,sunflower
65f1ec7ae5a09035345db62e,lavender
65f1ec7ae5a09035345db62e,azalea
65f1ec7ae5a09035345db62e,daffodil
65f1ec7ae5a09035345db62e,daisy
65f1ec7ae5a09035345db62e,marigold
65f1ec7ae5a09035345db62e,orchid
65f1ec7ae5a09035345db62e,lily
65f1ec7ae5a09035345db62e,peony
65f1ec7ae5a09035345db62e,carnation
65f1ec7ae5a09035345db62e,waxflower
65f1ec7ae5a09035345db62e,hydrangea
65f1ec7ae5a09035345db62e,tulip
65f1ec7ae5a09035345db62e,dahlia
65f1ec7ae5a09035345db62e,daffodil
65f1ec7ae5a09035345db62e,iris
65f1ec7ae5a09035345db62e,periwinkle
65f1ec7ae5a09035345db62e,carnation
65f1ec7ae5a09035345db62e,marigold
65f1ec7ae5a09035345db62e,violet
65f1ec7ae5a09035345db62e,gardenia
65f1ec7ae5a09035345db62e,azalea
65f1ec7ae5a09035345db62e,tansy
65f1ec7ae5a09035345db62e,petunia
65f1ec7ae5a09035345db62e,asters
65f1ec7ae5a09035345db62e,pansy
65f1ec7ae5a09035345db62e,snapdragon
65f1ec7ae5a09035345db62e,yarrow
65f1ec7ae5a09035345db62e,clover
65f1ec7ae5a09035345db62e,gardenia
65f1ec7ae5a09035345db62e,gardenia
65f3d5016e5acb0fd67df6ee,lily
65f3d5016e5acb0fd67df6ee,carnation
65f3d5016e5acb0fd67df6ee,violet
65f3d5016e5acb0fd67df6ee,chrysanthemum
65f3d5016e5acb0fd67df6ee,peony
65d26dcd13d9c8026aa92c4a,lily
65d26dcd13d9c8026aa92c4a,poppy
65d26dcd13d9c8026aa92c4a,rose
65d26dcd13d9c8026aa92c4a,magnolia
65d26dcd13d9c8026aa92c4a,tulip
65d26dcd13d9c8026aa92c4a,violet
65d26dcd13d9c8026aa92c4a,sunflower
65d26dcd13d9c8026aa92c4a,orchid
65d26dcd13d9c8026aa92c4a,aster
65d26dcd13d9c8026aa92c4a,borage
65778c02cde55736bb830eca,tulip
65778c02cde55736bb830eca,poppy
65778c02cde55736bb830eca,rose
65778c02cde55736bb830eca,sunflower
65778c02cde55736bb830eca,iris
65778c02cde55736bb830eca,orchid
65778c02cde55736bb830eca,daisy
65cb586172a8853f26cc8eec,rose
65cb586172a8853f26cc8eec,tulip
65cb586172a8853f26cc8eec,petunia
65cb586172a8853f26cc8eec,orchid
65cb586172a8853f26cc8eec,asters
65cb586172a8853f26cc8eec,daffodil
65cb586172a8853f26cc8eec,lily
65cb586172a8853f26cc8eec,lavender
65cb586172a8853f26cc8eec,waxflower
65cb586172a8853f26cc8eec,bluebell
65cb586172a8853f26cc8eec,waxflower
65cb586172a8853f26cc8eec,waxflower
65cb586172a8853f26cc8eec,hydrangea
65cb586172a8853f26cc8eec,aster
65cb586172a8853f26cc8eec,water lily
65cb586172a8853f26cc8eec,catmint
65cb586172a8853f26cc8eec,gardenia
65cb586172a8853f26cc8eec,peony
65cb586172a8853f26cc8eec,rose
65cb586172a8853f26cc8eec,lily
65cb586172a8853f26cc8eec,bergenia
5f6c102b6ec04317fc9a8127,tulip
5f6c102b6ec04317fc9a8127,daisy
5f6c102b6ec04317fc9a8127,rose
5f6c102b6ec04317fc9a8127,sunflower
5f6c102b6ec04317fc9a8127,violet
5f6c102b6ec04317fc9a8127,poppy
5f6c102b6ec04317fc9a8127,lavender
5f6c102b6ec04317fc9a8127,daffodil
5f6c102b6ec04317fc9a8127,orchid
6595e3b4dc9090390e4edb5f,rose
6595e3b4dc9090390e4edb5f,sea holly
6595e3b4dc9090390e4edb5f,lavender
6595e3b4dc9090390e4edb5f,sunflower
6595e3b4dc9090390e4edb5f,daffodil
6595e3b4dc9090390e4edb5f,carnation
6595e3b4dc9090390e4edb5f,tulip
6595e3b4dc9090390e4edb5f,gardenia
6595e3b4dc9090390e4edb5f,hydrangea
6595e3b4dc9090390e4edb5f,jasmine
6595e3b4dc9090390e4edb5f,dahlia
6595e3b4dc9090390e4edb5f,forget-me-not
6595e3b4dc9090390e4edb5f,snowdrop
5d3cc9010e510a00013df6f6,rose
5d3cc9010e510a00013df6f6,sunflower
5d3cc9010e510a00013df6f6,tulip
5d3cc9010e510a00013df6f6,lily
5d3cc9010e510a00013df6f6,daisy
5d3cc9010e510a00013df6f6,chrysanthemum
