SID,entry
65cc2139907d390e13480a97,laptop
65cc2139907d390e13480a97,tablet
65cc2139907d390e13480a97,smart tv
65cc2139907d390e13480a97,projector
65cc2139907d390e13480a97,smart tv
65cc2139907d390e13480a97,headphones
65cc2139907d390e13480a97,digital pen
5e8a76b3939b3072dc76fb5c,laptop
5e8a76b3939b3072dc76fb5c,headphones
5e8a76b3939b3072dc76fb5c,headphones
5e8a76b3939b3072dc76fb5c,tablet
6595e3b4dc9090390e4edb5f,laptop
6595e3b4dc9090390e4edb5f,headphones
6595e3b4dc9090390e4edb5f,tablet
6595e3b4dc9090390e4edb5f,smartwatch
6595e3b4dc9090390e4edb5f,3d printer
6595e3b4dc9090390e4edb5f,dashcam
6595e3b4dc9090390e4edb5f,drone
6595e3b4dc9090390e4edb5f,usb microphone
65c10fdabd93bdc59f95835b,tablet
65c10fdabd93bdc59f95835b,smartwatch
65c10fdabd93bdc59f95835b,smart tv
65c10fdabd93bdc59f95835b,drone
65c10fdabd93bdc59f95835b,gps device
65778c02cde55736bb830eca,headphones
65778c02cde55736bb830eca,headphones
65778c02cde55736bb830eca,smart tv
65d6af2397543519d98f2498,3d printer
65d6af2397543519d98f2498,smart tv
60da4f9aa1ced7efeecca18a,tablet
60da4f9aa1ced7efeecca18a,laptop
60da4f9aa1ced7efeecca18a,headphones
60da4f9aa1ced7efeecca18a,smart tv
60da4f9aa1ced7efeecca18a,digital pen
60da4f9aa1ced7efeecca18a,drone
60da4f9aa1ced7efeecca18a,headphones
60da4f9aa1ced7efeecca18a,laptop
5f6c102b6ec04317fc9a8127,headphones
5f6c102b6ec04317fc9a8127,tablet
5f6c102b6ec04317fc9a8127,laptop
5f6c102b6ec04317fc9a8127,3d printer
5f6c102b6ec04317fc9a8127,3d printer
5f6c102b6ec04317fc9a8127,headphones
65f36565fe88b95d6806e496,laptop
65f36565fe88b95d6806e496,smartwatch
65f36565fe88b95d6806e496,smart tv
65f36565fe88b95d6806e496,projector
65f36565fe88b95d6806e496,laptop
65cbcaaab9e2fae86452af73,laptop
65cbcaaab9e2fae86452af73,headphones
65cbcaaab9e2fae86452af73,smart tv
65cb586172a8853f26cc8eec,laptop
65cb586172a8853f26cc8eec,smart tv
65cb586172a8853f26cc8eec,headphones
65cb586172a8853f26cc8eec,smartphone
65cb586172a8853f26cc8eec,smart tv
65cb586172a8853f26cc8eec,tablet
5c4a428161c51f0001e96b3f,smart tv
5c4a428161c51f0001e96b3f,smart tv
5c4a428161c51f0001e96b3f,smart tv
5c4a428161c51f0001e96b3f,smart tv
5c4a428161c51f0001e96b3f,headphones
5c4a428161c51f0001e96b3f,headphones
5c4a428161c51f0001e96b3f,laptop
5c4a428161c51f0001e96b3f,tablet
5c4a428161c51f0001e96b3f,smartwatch
5c4a428161c51f0001e96b3f,3d printer
5c4a428161c51f0001e96b3f,drone
5c4a428161c51f0001e96b3f,smart tv
5c4a428161c51f0001e96b3f,laptop
5c4a428161c51f0001e96b3f,smart tv
65d26dcd13d9c8026aa92c4a,headphones
65d26dcd13d9c8026aa92c4a,headphones
65d26dcd13d9c8026aa92c4a,smart tv
65d26dcd13d9c8026aa92c4a,smart tv
65d26dcd13d9c8026aa92c4a,smart tv
65d26dcd13d9c8026aa92c4a,smartwatch
65d26dcd13d9c8026aa92c4a,laptop
65d26dcd13d9c8026aa92c4a,tablet
65d26dcd13d9c8026aa92c4a,smart tv
65d26dcd13d9c8026aa92c4a,smart tv
612e6569f68929afb886fb5c,smartphone
612e6569f68929afb886fb5c,tablet
612e6569f68929afb886fb5c,e-reader
612e6569f68929afb886fb5c,smartwatch
612e6569f68929afb886fb5c,laptop
612e6569f68929afb886fb5c,laptop
612e6569f68929afb886fb5c,laptop
612e6569f68929afb886fb5c,usb microphone
612e6569f68929afb886fb5c,3d printer
612e6569f68929afb886fb5c,digital camera
612e6569f68929afb886fb5c,smart tv
612e6569f68929afb886fb5c,3d printer
612e6569f68929afb886fb5c,tablet
612e6569f68929afb886fb5c,projector
612e6569f68929afb886fb5c,headphones
612e6569f68929afb886fb5c,headphones
65ef726771fe85fd222416d1,laptop
65ef726771fe85fd222416d1,headphones
65ef726771fe85fd222416d1,projector
5e7fefe06c12706d47e35211,laptop
5e7fefe06c12706d47e35211,tablet
5e7fefe06c12706d47e35211,3d printer
5e7fefe06c12706d47e35211,drone
5e7fefe06c12706d47e35211,digital pen
5e7fefe06c12706d47e35211,gps device
5e7fefe06c12706d47e35211,smartwatch
65eeceee847314e8232923c9,headphones
65eeceee847314e8232923c9,electric bike
65eeceee847314e8232923c9,usb microphone
60fcf1a04c245326d05076e0,smart tv
65f1ec7ae5a09035345db62e,laptop
65f1ec7ae5a09035345db62e,tablet
65f1ec7ae5a09035345db62e,headphones
65f1ec7ae5a09035345db62e,smart tv
65f1ec7ae5a09035345db62e,smart tv
65f1ec7ae5a09035345db62e,smart tv
65f1ec7ae5a09035345db62e,tablet
65f1ec7ae5a09035345db62e,laptop
5d3cc9010e510a00013df6f6,digital pen
5d3cc9010e510a00013df6f6,tablet
5d3cc9010e510a00013df6f6,tablet
5d3cc9010e510a00013df6f6,laptop
5d3cc9010e510a00013df6f6,digital pen
5d3cc9010e510a00013df6f6,headphones
5d3cc9010e510a00013df6f6,projector
5ed9311e1a69d449577bb8cf,headphones
5ed9311e1a69d449577bb8cf,tablet
5ed9311e1a69d449577bb8cf,projector
5ed9311e1a69d449577bb8cf,tablet
5ed9311e1a69d449577bb8cf,laptop
5ed9311e1a69d449577bb8cf,smart tv
5ed9311e1a69d449577bb8cf,laptop
5ed9311e1a69d449577bb8cf,digital pen
5ed9311e1a69d449577bb8cf,digital pen
5ed9311e1a69d449577bb8cf,smartwatch
5ed9311e1a69d449577bb8cf,smart tv
5ed9311e1a69d449577bb8cf,smart tv
5c1942e200849900010afdcd,laptop
5c1942e200849900010afdcd,smartphone
5c1942e200849900010afdcd,tablet
5c1942e200849900010afdcd,smart tv
65f3d5016e5acb0fd67df6ee,laptop
65f3d5016e5acb0fd67df6ee,smart tv
65f3d5016e5acb0fd67df6ee,tablet
65f3d5016e5acb0fd67df6ee,gps device
61035836646fb6ee2152f950,smart tv
61035836646fb6ee2152f950,projector
61035836646fb6ee2152f950,smart tv
61035836646fb6ee2152f950,tablet
61035836646fb6ee2152f950,projector
61035836646fb6ee2152f950,laptop
61035836646fb6ee2152f950,tablet
61035836646fb6ee2152f950,e-reader
5fc6df58f380620a09116434,tablet
5fc6df58f380620a09116434,headphones
5fc6df58f380620a09116434,smart tv
65c18079d4f634d2c8a0728c,headphones
65e63b7fc845c96c2c2520bc,smartphone
65e63b7fc845c96c2c2520bc,laptop
65e63b7fc845c96c2c2520bc,tablet
65e63b7fc845c96c2c2520bc,smart tv
65e63b7fc845c96c2c2520bc,smart tv
65e63b7fc845c96c2c2520bc,headphones
65e63b7fc845c96c2c2520bc,headphones
65e63b7fc845c96c2c2520bc,smart tv
65e63b7fc845c96c2c2520bc,projector
65e63b7fc845c96c2c2520bc,smart tv
65e63b7fc845c96c2c2520bc,tablet
65e63b7fc845c96c2c2520bc,projector
65512e3cc12f463bc327b7c3,laptop
65512e3cc12f463bc327b7c3,smartwatch
65512e3cc12f463bc327b7c3,digital pen
65512e3cc12f463bc327b7c3,headphones
