subj_id	Word	Start_time	End_time	Confidence	Words_Confidence
65c25cf77dca9d7ca7d9ebdb	microwaves	1.8	3.7	0.5474298596382141
65c25cf77dca9d7ca7d9ebdb	fridge	4.6	5.4	0.9367414712905884
65c25cf77dca9d7ca7d9ebdb	freezer	5.4	6.5	0.9367414712905884
65c25cf77dca9d7ca7d9ebdb	Oster	7.8	8.6	0.9161632657051086
65c25cf77dca9d7ca7d9ebdb	toaster	8.6	10.2	0.9161632657051086
65c25cf77dca9d7ca7d9ebdb	oven	10.2	11.0	0.9161632657051086
65c25cf77dca9d7ca7d9ebdb	air	12.6	13.1	0.7840868234634399
65c25cf77dca9d7ca7d9ebdb	fryer	13.1	13.6	0.7840868234634399
65c25cf77dca9d7ca7d9ebdb	mixer	15.0	15.8	0.3312820494174957
65c25cf77dca9d7ca7d9ebdb	coffee	18.0	18.8	0.8363499045372009
65c25cf77dca9d7ca7d9ebdb	machine	18.8	19.3	0.8363499045372009
65c25cf77dca9d7ca7d9ebdb	can you be	34.6	35.3	0.5247309803962708
65c25cf77dca9d7ca7d9ebdb	born	35.3	35.4	0.5247309803962708
65c25cf77dca9d7ca7d9ebdb	ice	38.3	38.9	0.6025038361549377
65c25cf77dca9d7ca7d9ebdb	maker	38.9	39.4	0.6025038361549377
65c25cf77dca9d7ca7d9ebdb	rice	49.7	50.2	0.9876290559768677
65c25cf77dca9d7ca7d9ebdb	cooker	50.2	50.7	0.9876290559768677
65c25cf77dca9d7ca7d9ebdb	steamer	56.0	56.9	0.490818589925766
65c25cf77dca9d7ca7d9ebdb	fryer	60.6	61.3	0.9611221551895142
65c25cf77dca9d7ca7d9ebdb	dishwasher	94.0	95.0	0.9685218930244446
65c25cf77dca9d7ca7d9ebdb	ink	98.3	99.1	0.2840687334537506
65c25cf77dca9d7ca7d9ebdb	Smith	116.7	119.0	0.5359112024307251
65c25cf77dca9d7ca7d9ebdb	fire	119.0	119.4	0.5359112024307251
65cb63e160bb47fbf9349269	oven	2.8	3.5	0.9686346054077148
65cb63e160bb47fbf9349269	microwave	3.5	4.8	0.9686346054077148
65cb63e160bb47fbf9349269	fridge	4.8	6.3	0.9686346054077148
65cb63e160bb47fbf9349269	coffee	6.3	7.5	0.9686346054077148
65cb63e160bb47fbf9349269	maker	7.5	8.1	0.9686346054077148
65cb63e160bb47fbf9349269	mixers	12.8	13.7	0.8501827120780945
65cb63e160bb47fbf9349269	ovens	22.2	23.1	0.9167627692222595
65cb63e160bb47fbf9349269	toaster	25.1	25.8	0.9743127822875977
65cb63e160bb47fbf9349269	ovens	25.8	26.4	0.9743127822875977
65cb63e160bb47fbf9349269	toasters	26.4	27.3	0.9743127822875977
65cb63e160bb47fbf9349269	washing machine	35.9	37.2	0.9006363153457642
65cb63e160bb47fbf9349269	drawing	37.2	37.7	0.9006363153457642
65cb63e160bb47fbf9349269	machine	37.7	38.0	0.9006363153457642
65cb63e160bb47fbf9349269	dishwasher	59.8	60.8	0.9769045114517212
65cb63e160bb47fbf9349269	Dothan	71.9	73.1	0.3809574544429779
65d54b3b524fcafb543d1b23	stove	1.0	2.7	0.6947684288024902
65d54b3b524fcafb543d1b23	top	2.7	3.2	0.6947684288024902
65d54b3b524fcafb543d1b23	oven	3.2	4.6	0.6947684288024902
65d54b3b524fcafb543d1b23	air	4.6	5.7	0.6947684288024902
65d54b3b524fcafb543d1b23	fryer	5.7	5.8	0.6947684288024902
65d54b3b524fcafb543d1b23	oven	5.8	6.5	0.6947684288024902
65d54b3b524fcafb543d1b23	air	7.6	8.0	0.8948326110839844
65d54b3b524fcafb543d1b23	fryer	8.0	8.4	0.8948326110839844
65d54b3b524fcafb543d1b23	microwave	8.4	9.9	0.8948326110839844
65d54b3b524fcafb543d1b23	sync	15.9	16.7	0.885714590549469
65d54b3b524fcafb543d1b23	laundry	19.5	20.8	0.9712285399436951
65d54b3b524fcafb543d1b23	washer and	20.8	22.2	0.9712285399436951
65d54b3b524fcafb543d1b23	dryer	22.2	22.6	0.9712285399436951
65d54b3b524fcafb543d1b23	TV	28.1	29.1	0.9243680238723755
65d54b3b524fcafb543d1b23	refrigerator	32.8	33.7	0.5760788321495056
65d54b3b524fcafb543d1b23	stand	40.3	41.1	0.8735993504524231
65d54b3b524fcafb543d1b23	mixer	41.1	41.5	0.8735993504524231
65d54b3b524fcafb543d1b23	heater	53.5	54.7	0.8808887600898743
65d54b3b524fcafb543d1b23	tank	54.7	55.1	0.8808887600898743
65d54b3b524fcafb543d1b23	tank	55.1	55.6	0.8808887600898743
65d54b3b524fcafb543d1b23	heater	55.6	55.9	0.8808887600898743
65d54b3b524fcafb543d1b23	light bulbs	71.8	72.9	0.8680390119552612
65d54b3b524fcafb543d1b23	rice	90.4	90.9	0.9876290559768677
65d54b3b524fcafb543d1b23	cooker	90.9	91.3	0.9876290559768677
65d54b3b524fcafb543d1b23	slow	92.8	93.2	0.9658583998680115
65d54b3b524fcafb543d1b23	cooker	93.2	93.6	0.9658583998680115
65d54b3b524fcafb543d1b23	pressure	103.8	104.4	0.9876290559768677
65d54b3b524fcafb543d1b23	cooker	104.4	104.8	0.9876290559768677
65d54b3b524fcafb543d1b23	timer	117.4	118.1	1.0
65e1f75ab3efd22e847cfbf0	fridge	3.2	4.0	0.8808621764183044
65e1f75ab3efd22e847cfbf0	air	4.0	5.4	0.8808621764183044
65e1f75ab3efd22e847cfbf0	fryer	5.4	5.9	0.8808621764183044
65e1f75ab3efd22e847cfbf0	microwave	6.9	8.1	0.9876290559768677
65e1f75ab3efd22e847cfbf0	Oster	9.2	10.0	0.8091622591018677
65e1f75ab3efd22e847cfbf0	coffee pot	10.0	11.7	0.8091622591018677
65e1f75ab3efd22e847cfbf0	French	11.7	13.5	0.8091622591018677
65e1f75ab3efd22e847cfbf0	press	13.5	14.1	0.8091622591018677
65e1f75ab3efd22e847cfbf0	oven	15.1	16.0	0.7879196405410767
65e1f75ab3efd22e847cfbf0	Keurig	19.9	20.8	0.9309697151184082
65e1f75ab3efd22e847cfbf0	washer	24.2	25.0	0.9806728363037109
65e1f75ab3efd22e847cfbf0	dryer	25.0	25.8	0.9806728363037109
65e1f75ab3efd22e847cfbf0	dishwasher	25.8	27.0	0.9806728363037109
65e1f75ab3efd22e847cfbf0	fan	29.7	30.4	0.8982943296432495
65e1f75ab3efd22e847cfbf0	why	33.8	34.4	0.7571505904197693
65e1f75ab3efd22e847cfbf0	are	34.4	34.8	0.7571505904197693
65e1f75ab3efd22e847cfbf0	lamp	34.8	35.4	0.7571505904197693
65e1f75ab3efd22e847cfbf0	I don't know if	39.0	39.7	0.853129506111145
65e1f75ab3efd22e847cfbf0	the TV	39.7	40.0	0.853129506111145
65e1f75ab3efd22e847cfbf0	would be considered	40.0	40.9	0.853129506111145
65e1f75ab3efd22e847cfbf0	an appliance	40.9	41.5	0.853129506111145
65e1f75ab3efd22e847cfbf0	probably	41.5	42.4	0.853129506111145
65e1f75ab3efd22e847cfbf0	electronic	42.4	43.8	0.853129506111145
65e1f75ab3efd22e847cfbf0	but	43.8	44.4	0.853129506111145
65e1f75ab3efd22e847cfbf0	blinking	49.6	51.0	0.9169971346855164
65e1f75ab3efd22e847cfbf0	blinking	51.0	51.1	0.9169971346855164
65e1f75ab3efd22e847cfbf0	blinking	51.1	51.5	0.9169971346855164
65e1f75ab3efd22e847cfbf0	microwave	54.9	55.8	0.8032171726226807
65e1f75ab3efd22e847cfbf0	oven	55.8	56.2	0.8032171726226807
65e1f75ab3efd22e847cfbf0	San	56.2	56.7	0.8032171726226807
65e1f75ab3efd22e847cfbf0	Jose	56.7	57.0	0.8032171726226807
65e1f75ab3efd22e847cfbf0	Lowe's	76.6	77.2	0.9517353177070618
65e1f75ab3efd22e847cfbf0	Home	77.2	77.5	0.9517353177070618
65e1f75ab3efd22e847cfbf0	Appliances	77.5	78.0	0.9517353177070618
65e1f75ab3efd22e847cfbf0	home appliances	78.0	78.7	0.9517353177070618
65e1f75ab3efd22e847cfbf0	blinking	100.6	101.3	0.8244459629058838
65e1f75ab3efd22e847cfbf0	heater	101.3	103.0	0.8244459629058838
60a48adfe091e410f4eaba34	refrigerator	3.4	4.4	0.9608069062232971
60a48adfe091e410f4eaba34	air conditioner	4.4	6.2	0.9608069062232971
60a48adfe091e410f4eaba34	stove	8.8	9.7	0.951976478099823
60a48adfe091e410f4eaba34	microwave	11.3	12.3	0.9580146074295044
60a48adfe091e410f4eaba34	saint	13.7	14.4	0.3345687985420227
60a48adfe091e410f4eaba34	washer	19.7	20.5	0.9325411319732666
60a48adfe091e410f4eaba34	dryer	20.5	21.5	0.9325411319732666
60a48adfe091e410f4eaba34	dishwasher	22.7	23.6	0.9685218930244446
60a48adfe091e410f4eaba34	sync	25.6	26.4	0.4874602258205414
60a48adfe091e410f4eaba34	toilet	27.4	28.2	0.8054168224334717
60a48adfe091e410f4eaba34	shower	30.0	30.7	0.9487053751945496
60a48adfe091e410f4eaba34	countertop	35.0	35.8	0.9740477800369263
60a48adfe091e410f4eaba34	toaster	51.9	52.6	0.9750255942344666
60a48adfe091e410f4eaba34	freezer	73.2	73.9	0.694653332233429
60a48adfe091e410f4eaba34	Curtis	95.9	96.6	0.3303694128990173
60a48adfe091e410f4eaba34	heater	113.1	113.8	0.9564727544784546
5d7ff4aa50fda7001a863736	oven	1.4	2.6	0.9612702131271362
5d7ff4aa50fda7001a863736	microwave	2.6	3.9	0.9612702131271362
5d7ff4aa50fda7001a863736	Toaster	3.9	5.3	0.9612702131271362
5d7ff4aa50fda7001a863736	air	5.3	6.8	0.9612702131271362
5d7ff4aa50fda7001a863736	fryer	6.8	6.8	0.9612702131271362
5d7ff4aa50fda7001a863736	blender	13.6	15.9	0.7900746464729309
5d7ff4aa50fda7001a863736	stand	17.6	18.6	0.974606454372406
5d7ff4aa50fda7001a863736	mixer	18.6	19.2	0.974606454372406
5d7ff4aa50fda7001a863736	hand	21.8	22.4	0.6238057613372803
5d7ff4aa50fda7001a863736	mixer	22.4	22.9	0.6238057613372803
5d7ff4aa50fda7001a863736	dishwasher	30.2	31.3	0.9771164059638977
5d7ff4aa50fda7001a863736	coffee	35.3	35.9	0.9822975993156433
5d7ff4aa50fda7001a863736	maker	35.9	36.4	0.9822975993156433
5d7ff4aa50fda7001a863736	refrigerator	36.4	37.2	0.9822975993156433
5d7ff4aa50fda7001a863736	washer and	40.9	43.0	0.9215548634529114
5d7ff4aa50fda7001a863736	dryer	43.0	43.4	0.9215548634529114
5d7ff4aa50fda7001a863736	vacuum cleaner	49.7	50.8	0.9549016952514648
5d7ff4aa50fda7001a863736	iron	50.8	52.3	0.9549016952514648
5d7ff4aa50fda7001a863736	freezer	56.1	58.2	0.305804580450058
5d7ff4aa50fda7001a863736	deep	61.0	61.4	0.8393110036849976
5d7ff4aa50fda7001a863736	freezer	61.4	61.9	0.8393110036849976
5d7ff4aa50fda7001a863736	rice	64.3	64.8	0.9309587478637695
5d7ff4aa50fda7001a863736	cooker	64.8	65.2	0.9309587478637695
5d7ff4aa50fda7001a863736	crock	66.8	68.2	0.4870313405990601
5d7ff4aa50fda7001a863736	pot	68.2	68.6	0.4870313405990601
5d7ff4aa50fda7001a863736	pressure	72.3	72.9	0.9624471664428711
5d7ff4aa50fda7001a863736	cooker	72.9	73.3	0.9624471664428711
5d7ff4aa50fda7001a863736	food	81.4	81.9	0.9876290559768677
5d7ff4aa50fda7001a863736	processor	81.9	82.6	0.9876290559768677
5d7ff4aa50fda7001a863736	Hudl	102.0	102.8	0.9410010576248169
6081806ab383aa89f6c61940	oven	2.3	2.9	0.9841129183769226
6081806ab383aa89f6c61940	stove	2.9	3.7	0.9841129183769226
6081806ab383aa89f6c61940	microwave	3.7	5.6	0.9841129183769226
6081806ab383aa89f6c61940	Oster	6.9	7.8	0.8435596823692322
6081806ab383aa89f6c61940	blender	7.8	9.0	0.8435596823692322
6081806ab383aa89f6c61940	crock	11.4	12.0	0.510538637638092
6081806ab383aa89f6c61940	pot	12.0	12.5	0.510538637638092
6081806ab383aa89f6c61940	pressure	13.3	14.0	0.9938145279884338
6081806ab383aa89f6c61940	cooker	14.0	14.4	0.9938145279884338
6081806ab383aa89f6c61940	rice	16.4	16.9	0.9407190084457397
6081806ab383aa89f6c61940	maker	16.9	17.4	0.9407190084457397
6081806ab383aa89f6c61940	fridge	19.1	19.8	0.9834284782409668
6081806ab383aa89f6c61940	freezer	19.8	21.4	0.9834284782409668
6081806ab383aa89f6c61940	dishwasher	24.9	26.0	0.9685218930244446
6081806ab383aa89f6c61940	washing machine	33.7	35.0	0.9713484644889832
6081806ab383aa89f6c61940	dryer	35.0	36.8	0.9713484644889832
6081806ab383aa89f6c61940	water heater	38.5	39.6	0.9876290559768677
6081806ab383aa89f6c61940	coffee	66.1	66.8	0.9243078827857971
6081806ab383aa89f6c61940	maker	66.8	67.2	0.9243078827857971
6081806ab383aa89f6c61940	food	74.7	75.3	0.9822872877120972
6081806ab383aa89f6c61940	processor	75.3	76.0	0.9822872877120972
6081806ab383aa89f6c61940	air conditioner	89.0	90.2	0.9827604293823242
6081806ab383aa89f6c61940	vacuum cleaner	92.0	93.2	0.9802387952804565
6081806ab383aa89f6c61940	stand	109.3	110.2	0.9876290559768677
6081806ab383aa89f6c61940	mixer	110.2	110.6	0.9876290559768677
6073e0d481953bbd2cd61145	open	2.2	4.2	0.8213448524475098
6073e0d481953bbd2cd61145	microwave	4.2	5.2	0.8213448524475098
6073e0d481953bbd2cd61145	refrigerator	5.2	6.1	0.8213448524475098
6073e0d481953bbd2cd61145	stove	11.1	11.8	0.9726129770278931
6073e0d481953bbd2cd61145	washing machine	11.8	13.5	0.9726129770278931
6073e0d481953bbd2cd61145	dryer	13.5	14.4	0.9726129770278931
6073e0d481953bbd2cd61145	dishwasher	14.4	15.4	0.9726129770278931
6073e0d481953bbd2cd61145	air	18.7	19.2	0.8002961874008179
6073e0d481953bbd2cd61145	fryer	19.2	19.6	0.8002961874008179
60d731567049e5132e3cc4d4	stove	2.6	4.0	0.9876291155815125
60d731567049e5132e3cc4d4	refrigerator	4.0	5.0	0.9876291155815125
60d731567049e5132e3cc4d4	dishwasher	5.0	7.3	0.9876291155815125
60d731567049e5132e3cc4d4	air	9.2	9.7	0.9441633224487305
60d731567049e5132e3cc4d4	fryer	9.7	10.3	0.9441633224487305
60d731567049e5132e3cc4d4	microwave	10.3	11.6	0.9441633224487305
60d731567049e5132e3cc4d4	poster	14.8	15.8	0.573996901512146
60d731567049e5132e3cc4d4	air conditioning	18.4	19.9	0.9576310515403748
60d731567049e5132e3cc4d4	heater	19.9	21.6	0.9576310515403748
60d731567049e5132e3cc4d4	record player	22.9	24.3	0.9875972867012024
60d731567049e5132e3cc4d4	lamp	24.3	26.2	0.9875972867012024
60d731567049e5132e3cc4d4	washing machine	27.7	29.2	0.9638903141021729
60d731567049e5132e3cc4d4	dryer	29.2	30.6	0.9638903141021729
60d731567049e5132e3cc4d4	rice	37.9	38.5	0.9876290559768677
60d731567049e5132e3cc4d4	cooker	38.5	39.1	0.9876290559768677
60d731567049e5132e3cc4d4	crock	41.2	41.9	0.5102744102478027
60d731567049e5132e3cc4d4	pot	41.9	42.5	0.5102744102478027
60d731567049e5132e3cc4d4	blender	50.6	51.6	0.8752033710479736
60d731567049e5132e3cc4d4	hand	54.7	55.5	0.9854369163513184
60d731567049e5132e3cc4d4	mixer	55.5	56.1	0.9854369163513184
60d731567049e5132e3cc4d4	humidifier	60.4	61.0	0.9876290559768677
60d731567049e5132e3cc4d4	dehumidifier	61.0	63.1	0.9876290559768677
60d731567049e5132e3cc4d4	hair	75.2	77.0	0.8798643946647644
60d731567049e5132e3cc4d4	dryer	77.0	77.5	0.8798643946647644
60d731567049e5132e3cc4d4	wine	84.4	85.0	0.9938145279884338
60d731567049e5132e3cc4d4	fridge	85.0	85.4	0.9938145279884338
60d731567049e5132e3cc4d4	freezer	87.1	87.9	0.9638134241104126
60d731567049e5132e3cc4d4	radio	111.8	112.6	0.9876290559768677
60d731567049e5132e3cc4d4	computer	118.3	119.2	0.9788191914558411
610c59ee34cc312d7ca55e45	home appliances	1.0	3.7	0.4672310352325439
610c59ee34cc312d7ca55e45	refrigerator	7.6	8.9	0.9876290559768677
610c59ee34cc312d7ca55e45	microwave	11.3	12.8	0.9876290559768677
610c59ee34cc312d7ca55e45	dishwasher	15.0	16.2	0.9685218930244446
610c59ee34cc312d7ca55e45	stove	18.4	19.6	0.9728952646255493
610c59ee34cc312d7ca55e45	oven	19.6	21.1	0.9728952646255493
610c59ee34cc312d7ca55e45	TV	26.6	27.5	0.903935968875885
610c59ee34cc312d7ca55e45	extension	38.0	39.0	0.9789471626281738
610c59ee34cc312d7ca55e45	cords	39.0	40.1	0.9789471626281738
610c59ee34cc312d7ca55e45	washer	66.9	69.2	0.5658719539642334
610c59ee34cc312d7ca55e45	dryer	71.5	72.4	0.8521389365196228
610c59ee34cc312d7ca55e45	coffee	75.3	77.1	0.9596656560897827
610c59ee34cc312d7ca55e45	maker	77.1	77.6	0.9596656560897827
610c59ee34cc312d7ca55e45	blender	81.8	84.7	0.9001532196998596
610c59ee34cc312d7ca55e45	ice	89.5	90.2	1.0
610c59ee34cc312d7ca55e45	maker	90.2	90.7	1.0
610c59ee34cc312d7ca55e45	deep	93.9	94.7	0.9657917022705078
610c59ee34cc312d7ca55e45	freezer	94.7	95.4	0.9657917022705078
610c59ee34cc312d7ca55e45	toaster	100.9	101.8	0.650896430015564
610c59ee34cc312d7ca55e45	air	106.9	107.7	0.8002513647079468
610c59ee34cc312d7ca55e45	fryer	107.7	108.3	0.8002513647079468
63e802622f8052bd67d6c5f0	dryer	2.6	3.3	0.9444589018821716
63e802622f8052bd67d6c5f0	washer	3.3	3.7	0.9444589018821716
63e802622f8052bd67d6c5f0	frigerator	3.7	4.7	0.9444589018821716
63e802622f8052bd67d6c5f0	dishwasher	5.7	6.7	0.973125159740448
63e802622f8052bd67d6c5f0	dehumidifier	17.3	18.4	0.976568877696991
63e802622f8052bd67d6c5f0	air conditioner	22.1	23.1	0.9772902727127075
63e802622f8052bd67d6c5f0	stove	50.8	52.7	0.9388813972473145
63e802622f8052bd67d6c5f0	television	63.7	64.6	0.9876290559768677
63e802622f8052bd67d6c5f0	that's it	85.5	86.3	0.9062499403953552
63e802622f8052bd67d6c5f0	furnace	117.3	118.2	0.9406783580780029
63e802622f8052bd67d6c5f0	heater	118.2	119.0	0.9406783580780029
65cc19b4b3d48a22dfc6756d	poster	2.5	3.3	0.8726502060890198
65cc19b4b3d48a22dfc6756d	Oster	5.9	6.6	0.9789667725563049
65cc19b4b3d48a22dfc6756d	oven	6.6	6.8	0.9789667725563049
65cc19b4b3d48a22dfc6756d	microwave	8.2	9.1	0.8929042220115662
65cc19b4b3d48a22dfc6756d	stove	11.6	12.2	0.6115740537643433
65cc19b4b3d48a22dfc6756d	top	12.2	12.9	0.6115740537643433
65cc19b4b3d48a22dfc6756d	oven	12.9	13.6	0.6115740537643433
65cc19b4b3d48a22dfc6756d	London	16.7	17.6	0.6467742919921875
65cc19b4b3d48a22dfc6756d	mixer	17.6	19.2	0.6467742919921875
65cc19b4b3d48a22dfc6756d	air	21.9	22.4	0.7956943511962891
65cc19b4b3d48a22dfc6756d	fryer	22.4	22.8	0.7956943511962891
65cc19b4b3d48a22dfc6756d	refrigerator	24.8	25.8	0.9371114373207092
65cc19b4b3d48a22dfc6756d	air conditioner	30.9	31.9	0.904266357421875
65cc19b4b3d48a22dfc6756d	rice	31.9	32.9	0.904266357421875
65cc19b4b3d48a22dfc6756d	cooker	32.9	33.3	0.904266357421875
65cc19b4b3d48a22dfc6756d	washing machine	41.3	42.4	1.0
65cc19b4b3d48a22dfc6756d	and terrifying	92.5	93.7	0.7242519855499268
65cc19b4b3d48a22dfc6756d	biking	99.3	100.0	0.5642441511154175
65cc19b4b3d48a22dfc6756d	Rumba	118.3	119.0	0.2905896008014679
654108d38225e168af4b1fa0	refrigerator	2.1	3.5	0.9876290559768677
654108d38225e168af4b1fa0	Stow	4.7	5.1	0.4237357676029205
654108d38225e168af4b1fa0	oven	6.7	7.5	0.9430835247039795
654108d38225e168af4b1fa0	dishwasher	8.9	10.1	0.9685218930244446
654108d38225e168af4b1fa0	washer	11.9	12.8	0.9329193830490112
654108d38225e168af4b1fa0	dryer	12.8	14.4	0.9329193830490112
654108d38225e168af4b1fa0	microwave	16.8	17.9	0.9712870717048645
654108d38225e168af4b1fa0	air	19.7	20.2	0.8002963066101074
654108d38225e168af4b1fa0	fryer	20.2	20.7	0.8002963066101074
654108d38225e168af4b1fa0	deep	22.3	22.8	0.9876290559768677
654108d38225e168af4b1fa0	fryer	22.8	23.3	0.9876290559768677
654108d38225e168af4b1fa0	instant	27.4	28.2	0.9312034249305725
654108d38225e168af4b1fa0	pot	28.2	28.6	0.9312034249305725
654108d38225e168af4b1fa0	crock	28.6	30.2	0.9312034249305725
654108d38225e168af4b1fa0	pot	30.2	30.3	0.9312034249305725
654108d38225e168af4b1fa0	griddle	32.2	33.0	0.9400487542152405
654108d38225e168af4b1fa0	Grill	35.6	36.3	0.8580968379974365
654108d38225e168af4b1fa0	toaster	43.6	44.6	0.9392751455307007
654108d38225e168af4b1fa0	freezer	55.0	55.8	0.9527734518051147
654108d38225e168af4b1fa0	food	71.6	72.1	0.9876290559768677
654108d38225e168af4b1fa0	processor	72.1	72.9	0.9876290559768677
654108d38225e168af4b1fa0	bread	78.4	79.0	0.9275166988372803
654108d38225e168af4b1fa0	maker	79.0	79.5	0.9275166988372803
654108d38225e168af4b1fa0	mixer	83.1	83.9	0.9078488349914551
654108d38225e168af4b1fa0	cooler	92.4	93.2	0.9148165583610535
654108d38225e168af4b1fa0	ice	96.8	97.3	0.9345773458480835
654108d38225e168af4b1fa0	maker	97.3	97.8	0.9345773458480835
6554de7d91c1b1bf51104fda	toaster	1.2	3.7	0.9227352142333984
6554de7d91c1b1bf51104fda	washer	8.1	8.8	0.8858712911605835
6554de7d91c1b1bf51104fda	dryer	8.8	9.7	0.8858712911605835
6554de7d91c1b1bf51104fda	thermostat	11.7	12.7	0.9601187109947205
6554de7d91c1b1bf51104fda	oven	14.4	15.3	0.6742104887962341
6554de7d91c1b1bf51104fda	refrigerator	15.3	17.4	0.6742104887962341
6554de7d91c1b1bf51104fda	freezer	18.4	19.1	0.9591696858406067
6554de7d91c1b1bf51104fda	microwave	20.8	21.9	0.9205039739608765
6554de7d91c1b1bf51104fda	vacuum	21.9	23.8	0.9205039739608765
6554de7d91c1b1bf51104fda	blender	25.2	26.0	0.7888101935386658
6554de7d91c1b1bf51104fda	garbage	27.9	29.1	0.9495582580566406
6554de7d91c1b1bf51104fda	disposal	29.1	29.8	0.9495582580566406
6554de7d91c1b1bf51104fda	air conditioner	31.5	32.5	0.9760047793388367
6554de7d91c1b1bf51104fda	heater	32.5	33.0	0.9760047793388367
6554de7d91c1b1bf51104fda	carpet	36.7	37.3	0.9841406345367432
6554de7d91c1b1bf51104fda	cleaner	37.3	37.7	0.9841406345367432
6554de7d91c1b1bf51104fda	dumpster	39.3	40.4	0.9080726504325867
6554de7d91c1b1bf51104fda	coffee	47.3	49.4	0.9251378774642944
6554de7d91c1b1bf51104fda	maker	49.4	49.8	0.9251378774642944
6554de7d91c1b1bf51104fda	ice	54.4	56.7	0.934566855430603
6554de7d91c1b1bf51104fda	maker	56.7	57.1	0.934566855430603
6554de7d91c1b1bf51104fda	cooktop	65.3	66.3	0.7798380851745605
6554de7d91c1b1bf51104fda	countertop	73.8	74.9	0.9760030508041382
6554de7d91c1b1bf51104fda	LOL	81.0	81.6	1.0
6554de7d91c1b1bf51104fda	kitchen	93.2	94.0	0.9477948546409607
6554de7d91c1b1bf51104fda	living room	95.5	96.6	0.8580883145332336
6554de7d91c1b1bf51104fda	fan	96.6	97.5	0.8580883145332336
6554de7d91c1b1bf51104fda	ceiling	97.5	100.2	0.8580883145332336
6554de7d91c1b1bf51104fda	sync	103.4	104.9	0.2455465346574783
6554de7d91c1b1bf51104fda	toilet	106.8	108.0	0.9574043154716492
6554de7d91c1b1bf51104fda	tub	108.0	108.6	0.9574043154716492
6554de7d91c1b1bf51104fda	shower	108.6	109.9	0.9574043154716492
6554de7d91c1b1bf51104fda	desk	113.6	114.5	0.8245097994804382
65e862f844f1b7a803bb3c5a	air conditioner	8.9	10.0	0.9738955497741699
65e862f844f1b7a803bb3c5a	Glenda	11.3	12.1	0.8134936690330505
65e862f844f1b7a803bb3c5a	microwave	12.1	13.0	0.8134936690330505
65e862f844f1b7a803bb3c5a	dryer	13.0	15.1	0.8134936690330505
65e862f844f1b7a803bb3c5a	refrigerator	16.8	17.9	0.9876290559768677
65e862f844f1b7a803bb3c5a	television	19.2	20.2	0.6700260043144226
65e862f844f1b7a803bb3c5a	prison	20.2	21.4	0.6700260043144226
65e862f844f1b7a803bb3c5a	ion	21.4	21.8	0.6700260043144226
65e862f844f1b7a803bb3c5a	coffee	23.1	23.7	0.924294650554657
65e862f844f1b7a803bb3c5a	maker	23.7	24.1	0.924294650554657
65e862f844f1b7a803bb3c5a	find	25.3	26.1	0.8761194348335266
65e862f844f1b7a803bb3c5a	toaster	26.1	28.3	0.8761194348335266
65e862f844f1b7a803bb3c5a	oven	28.3	30.1	0.8761194348335266
65e862f844f1b7a803bb3c5a	dishwasher	35.0	35.9	0.9456303119659424
65e862f844f1b7a803bb3c5a	get you	38.7	39.3	0.4792377054691315
65e862f844f1b7a803bb3c5a	vacuum cleaner	47.7	48.8	0.9797275066375732
65e862f844f1b7a803bb3c5a	lamp	50.8	51.5	0.8801484704017639
65e862f844f1b7a803bb3c5a	bread	53.4	54.0	0.9274539947509766
65e862f844f1b7a803bb3c5a	maker	54.0	54.4	0.9274539947509766
65e862f844f1b7a803bb3c5a	Etta	57.1	57.7	0.8313848376274109
65e862f844f1b7a803bb3c5a	rice	57.7	59.2	0.8313848376274109
65e862f844f1b7a803bb3c5a	cooker	59.2	59.7	0.8313848376274109
65e862f844f1b7a803bb3c5a	slow	61.3	61.8	0.9772615432739258
65e862f844f1b7a803bb3c5a	cooker	61.8	62.3	0.9772615432739258
65e862f844f1b7a803bb3c5a	pressure	62.3	63.3	0.9772615432739258
65e862f844f1b7a803bb3c5a	cooker	63.3	63.8	0.9772615432739258
65e862f844f1b7a803bb3c5a	doc	65.3	65.9	0.5850203037261963
65e862f844f1b7a803bb3c5a	Google	65.9	66.1	0.5850203037261963
65e862f844f1b7a803bb3c5a	air	67.9	68.3	0.6492051482200623
65e862f844f1b7a803bb3c5a	purifier	68.3	69.0	0.6492051482200623
65e862f844f1b7a803bb3c5a	air	71.6	72.2	0.8002926111221313
65e862f844f1b7a803bb3c5a	fryer	72.2	72.7	0.8002926111221313
65e862f844f1b7a803bb3c5a	Appliance	75.8	76.6	0.7859029173851013
65e862f844f1b7a803bb3c5a	blog	76.6	77.0	0.7859029173851013
65e862f844f1b7a803bb3c5a	Stu	89.5	90.1	0.8474787473678589
65e862f844f1b7a803bb3c5a	gorilla	91.7	92.5	0.8689581751823425
65e862f844f1b7a803bb3c5a	Grill	92.5	93.9	0.8689581751823425
65e862f844f1b7a803bb3c5a	instant	93.9	94.5	0.8689581751823425
65e862f844f1b7a803bb3c5a	Crock-Pot	98.0	98.6	0.6169289350509644
65e862f844f1b7a803bb3c5a	light bulb	98.6	100.7	0.6169289350509644
65e862f844f1b7a803bb3c5a	Dutch	101.8	102.4	0.40181764960289
65e862f844f1b7a803bb3c5a	Electric	104.7	105.5	0.8899804353713989
65e862f844f1b7a803bb3c5a	Zoo	105.5	105.7	0.8899804353713989
65e862f844f1b7a803bb3c5a	kitchen	107.7	108.3	1.0
65e862f844f1b7a803bb3c5a	all	114.2	114.7	0.8850811123847961
65e862f844f1b7a803bb3c5a	sports	114.7	115.2	0.8850811123847961
65e862f844f1b7a803bb3c5a	schedule	115.2	116.4	0.8850811123847961
6596a5cad60ef105b6c18897	microwave	1.8	2.8	0.9436693787574768
6596a5cad60ef105b6c18897	oven	2.8	4.1	0.9436693787574768
6596a5cad60ef105b6c18897	stovetop	4.1	5.3	0.9436693787574768
6596a5cad60ef105b6c18897	refrigerator	5.3	7.2	0.9436693787574768
6596a5cad60ef105b6c18897	deep	7.2	8.6	0.9436693787574768
6596a5cad60ef105b6c18897	freezer	8.6	9.1	0.9436693787574768
6596a5cad60ef105b6c18897	Oster	10.0	10.9	0.8369112014770508
6596a5cad60ef105b6c18897	toaster	10.9	11.7	0.8369112014770508
6596a5cad60ef105b6c18897	oven	11.7	12.1	0.8369112014770508
6596a5cad60ef105b6c18897	dishwasher	14.2	15.5	0.9685218930244446
6596a5cad60ef105b6c18897	air	18.3	18.8	0.8002960681915283
6596a5cad60ef105b6c18897	fryer	18.8	19.3	0.8002960681915283
6596a5cad60ef105b6c18897	rice	21.3	21.8	0.9876290559768677
6596a5cad60ef105b6c18897	cooker	21.8	22.3	0.9876290559768677
6596a5cad60ef105b6c18897	bread	42.7	43.4	0.8682973384857178
6596a5cad60ef105b6c18897	maker	43.4	43.8	0.8682973384857178
6596a5cad60ef105b6c18897	stand	46.7	47.6	0.9572653770446777
6596a5cad60ef105b6c18897	mixer	47.6	48.1	0.9572653770446777
6596a5cad60ef105b6c18897	food	49.2	49.9	0.9831490516662598
6596a5cad60ef105b6c18897	processor	49.9	50.7	0.9831490516662598
6596a5cad60ef105b6c18897	blender	57.2	58.0	0.8470408320426941
6596a5cad60ef105b6c18897	immersion	61.3	62.3	0.9876290559768677
6596a5cad60ef105b6c18897	blender	62.3	62.5	0.9876290559768677
6596a5cad60ef105b6c18897	instant	64.8	65.6	0.9264788627624512
6596a5cad60ef105b6c18897	pot	65.6	65.9	0.9264788627624512
6596a5cad60ef105b6c18897	Gretel	75.8	76.6	0.8114858269691467
6596a5cad60ef105b6c18897	Grill	97.0	97.8	0.8174846768379211
6596a5cad60ef105b6c18897	countertop	97.8	99.7	0.8174846768379211
6596a5cad60ef105b6c18897	Grill	99.7	100.0	0.8174846768379211
6596a5cad60ef105b6c18897	ice	106.9	107.7	0.9173745512962341
6596a5cad60ef105b6c18897	maker	107.7	108.1	0.9173745512962341
6596a5cad60ef105b6c18897	coffee	114.1	114.8	0.9243053197860718
6596a5cad60ef105b6c18897	maker	114.8	115.2	0.9243053197860718
6596a5cad60ef105b6c18897	espresso	116.1	116.8	0.9665194749832153
6596a5cad60ef105b6c18897	maker	116.8	117.2	0.9665194749832153
5f5aa60bef062519ff711fe6	microwave	4.4	5.4	0.9580338597297668
5f5aa60bef062519ff711fe6	oven	7.0	7.7	0.2474619150161743
5f5aa60bef062519ff711fe6	refrigerator	9.6	10.8	0.9876290559768677
5f5aa60bef062519ff711fe6	toaster	12.5	13.4	0.8016189932823181
5f5aa60bef062519ff711fe6	air	15.7	16.3	0.8002965450286865
5f5aa60bef062519ff711fe6	fryer	16.3	16.7	0.8002965450286865
5f5aa60bef062519ff711fe6	blender	18.9	19.7	0.6443084478378296
5f5aa60bef062519ff711fe6	coffee	23.7	24.4	0.9243063926696777
5f5aa60bef062519ff711fe6	maker	24.4	24.8	0.9243063926696777
5f5aa60bef062519ff711fe6	ice	27.2	27.8	0.9345803260803223
5f5aa60bef062519ff711fe6	maker	27.8	28.3	0.9345803260803223
5f5aa60bef062519ff711fe6	TV	30.9	31.6	0.7878180146217346
5f5aa60bef062519ff711fe6	surround	34.0	34.9	0.9713113903999329
5f5aa60bef062519ff711fe6	sound	34.9	35.4	0.9713113903999329
5f5aa60bef062519ff711fe6	system	35.4	36.0	0.9713113903999329
5f5aa60bef062519ff711fe6	I think	43.9	45.8	0.3736055493354797
5f5aa60bef062519ff711fe6	our	47.0	47.5	0.3308508992195129
5f5aa60bef062519ff711fe6	thermostat	53.2	54.2	0.9779824614524841
5f5aa60bef062519ff711fe6	fire	63.9	64.4	0.9833946228027344
5f5aa60bef062519ff711fe6	alarm	64.4	65.0	0.9833946228027344
5f5aa60bef062519ff711fe6	AC	75.8	76.5	0.8891201615333557
5f5aa60bef062519ff711fe6	unit	76.5	77.1	0.8891201615333557
5f5aa60bef062519ff711fe6	a	77.1	78.1	0.8891201615333557
5f5aa60bef062519ff711fe6	boiler	78.1	78.7	0.8891201615333557
5f5aa60bef062519ff711fe6	waffle	104.5	105.3	0.9876290559768677
5f5aa60bef062519ff711fe6	maker	105.3	105.5	0.9876290559768677
63ea4ab1ce4168cbe9f63775	blender	2.7	4.2	0.8086144924163818
63ea4ab1ce4168cbe9f63775	microwaves	5.4	6.7	0.857738196849823
63ea4ab1ce4168cbe9f63775	coffee	7.6	8.4	0.9601302146911621
63ea4ab1ce4168cbe9f63775	maker	8.4	8.8	0.9601302146911621
63ea4ab1ce4168cbe9f63775	coffee	8.8	10.2	0.9601302146911621
63ea4ab1ce4168cbe9f63775	grinder	10.2	11.2	0.9601302146911621
63ea4ab1ce4168cbe9f63775	dishwasher	12.1	13.4	1.0
63ea4ab1ce4168cbe9f63775	oven	14.5	15.1	0.8497798442840576
63ea4ab1ce4168cbe9f63775	stove	16.2	17.1	0.9387929439544678
63ea4ab1ce4168cbe9f63775	hot	18.3	18.8	0.947213888168335
63ea4ab1ce4168cbe9f63775	plate	18.8	19.2	0.947213888168335
63ea4ab1ce4168cbe9f63775	air	20.4	20.9	0.8002961874008179
63ea4ab1ce4168cbe9f63775	fryer	20.9	21.4	0.8002961874008179
63ea4ab1ce4168cbe9f63775	deep	22.4	22.9	0.9773703813552856
63ea4ab1ce4168cbe9f63775	fryer	22.9	23.4	0.9773703813552856
63ea4ab1ce4168cbe9f63775	slow	25.6	26.4	0.9658606052398682
63ea4ab1ce4168cbe9f63775	cooker	26.4	26.9	0.9658606052398682
63ea4ab1ce4168cbe9f63775	pressure	28.0	28.7	0.9876290559768677
63ea4ab1ce4168cbe9f63775	cooker	28.7	29.3	0.9876290559768677
63ea4ab1ce4168cbe9f63775	refrigerator	32.1	33.3	0.9698871970176697
63ea4ab1ce4168cbe9f63775	freezer	35.0	35.9	0.9334748387336731
63ea4ab1ce4168cbe9f63775	washing machine	41.2	42.6	0.9667857885360718
63ea4ab1ce4168cbe9f63775	dryer	43.8	44.8	0.8545718789100647
63ea4ab1ce4168cbe9f63775	vacuum cleaner	46.4	47.9	0.9794930815696716
63ea4ab1ce4168cbe9f63775	floor	49.7	50.7	0.9791034460067749
63ea4ab1ce4168cbe9f63775	cleaner	50.7	51.5	0.9791034460067749
63ea4ab1ce4168cbe9f63775	clothes	53.0	53.9	0.9805984497070312
63ea4ab1ce4168cbe9f63775	iron	53.9	54.3	0.9805984497070312
63ea4ab1ce4168cbe9f63775	Lowe's	67.4	68.3	0.7657435536384583
63ea4ab1ce4168cbe9f63775	steamer	68.3	69.9	0.7657435536384583
63ea4ab1ce4168cbe9f63775	booster	81.6	82.5	0.8752036690711975
63ea4ab1ce4168cbe9f63775	Oster	83.7	84.6	0.7820900678634644
63ea4ab1ce4168cbe9f63775	oven	84.6	85.2	0.7820900678634644
63ea4ab1ce4168cbe9f63775	food	88.2	88.8	0.9876290559768677
63ea4ab1ce4168cbe9f63775	processor	88.8	89.8	0.9876290559768677
63ea4ab1ce4168cbe9f63775	stand	91.8	92.8	0.985525369644165
63ea4ab1ce4168cbe9f63775	mixer	92.8	93.7	0.985525369644165
63ea4ab1ce4168cbe9f63775	hand	94.7	95.4	0.9876290559768677
63ea4ab1ce4168cbe9f63775	mixer	95.4	96.5	0.9876290559768677
63ea4ab1ce4168cbe9f63775	electric	98.4	99.3	0.9811447858810425
63ea4ab1ce4168cbe9f63775	griddle	99.3	100.4	0.9811447858810425
63ea4ab1ce4168cbe9f63775	electric	101.2	102.2	0.9928398728370667
63ea4ab1ce4168cbe9f63775	kettle	102.2	103.3	0.9928398728370667
63ea4ab1ce4168cbe9f63775	waffle	107.5	108.5	0.9876290559768677
63ea4ab1ce4168cbe9f63775	iron	108.5	109.3	0.9876290559768677
63619eb02e5bd8f4f7bd138a	microwave	3.0	3.9	0.9833129048347473
63619eb02e5bd8f4f7bd138a	toaster	3.9	5.1	0.9833129048347473
63619eb02e5bd8f4f7bd138a	stove	5.1	6.2	0.9833129048347473
63619eb02e5bd8f4f7bd138a	air	10.5	10.9	0.8002963066101074
63619eb02e5bd8f4f7bd138a	fryer	10.9	11.4	0.8002963066101074
63619eb02e5bd8f4f7bd138a	refrigerator	13.6	14.7	0.9876290559768677
63619eb02e5bd8f4f7bd138a	oven	24.2	24.9	0.8790018558502197
63619eb02e5bd8f4f7bd138a	mixer	36.5	37.2	0.9332962036132812
63619eb02e5bd8f4f7bd138a	food	38.3	38.8	0.9876290559768677
63619eb02e5bd8f4f7bd138a	processor	38.8	39.5	0.9876290559768677
63619eb02e5bd8f4f7bd138a	blender	42.3	43.0	0.7242608070373535
63619eb02e5bd8f4f7bd138a	freezer	61.0	61.8	0.9486513137817383
63619eb02e5bd8f4f7bd138a	popcorn	114.6	115.3	0.9798176288604736
63619eb02e5bd8f4f7bd138a	maker	115.3	115.7	0.9798176288604736
6001487015e5f62961639e7d	refrigerator	3.8	5.3	0.9629754424095154
6001487015e5f62961639e7d	microwave	7.0	8.0	0.978183388710022
6001487015e5f62961639e7d	oven	8.0	8.7	0.978183388710022
6001487015e5f62961639e7d	dishwasher	8.7	9.0	0.978183388710022
6001487015e5f62961639e7d	blender	9.0	10.7	0.978183388710022
6001487015e5f62961639e7d	coffee	12.2	12.9	0.9833898544311523
6001487015e5f62961639e7d	machine	12.9	13.6	0.9833898544311523
6001487015e5f62961639e7d	television	16.4	17.9	1.0
6001487015e5f62961639e7d	computer	21.7	22.5	0.9876290559768677
6001487015e5f62961639e7d	laptop	24.2	25.2	1.0
6001487015e5f62961639e7d	sync	27.2	28.1	0.4747207462787628
6001487015e5f62961639e7d	toaster	30.0	30.8	0.8940850496292114
6001487015e5f62961639e7d	toaster	32.6	33.2	0.9876290559768677
6001487015e5f62961639e7d	oven	33.2	33.7	0.9876290559768677
6001487015e5f62961639e7d	air	33.7	34.5	0.9876290559768677
6001487015e5f62961639e7d	fryer	34.5	34.8	0.9876290559768677
6001487015e5f62961639e7d	food	39.1	39.9	0.9876290559768677
6001487015e5f62961639e7d	processor	39.9	40.6	0.9876290559768677
6001487015e5f62961639e7d	ice	48.1	48.6	0.9345773458480835
6001487015e5f62961639e7d	maker	48.6	49.0	0.9345773458480835
6001487015e5f62961639e7d	freezer	50.0	50.9	0.9616822600364685
6001487015e5f62961639e7d	paper	58.2	58.8	0.9917526841163635
6001487015e5f62961639e7d	shredder	58.8	59.3	0.9917526841163635
6001487015e5f62961639e7d	printer	59.3	60.5	0.9917526841163635
6001487015e5f62961639e7d	radio	77.9	78.8	0.9876291155815125
6001487015e5f62961639e7d	alarm	78.8	79.2	0.9876291155815125
6001487015e5f62961639e7d	clock	79.2	79.5	0.9876291155815125
601f6a2231a2904b79df1671	toaster	2.1	3.4	0.4905531108379364
601f6a2231a2904b79df1671	blender	4.7	5.6	0.9876291155815125
601f6a2231a2904b79df1671	food	5.6	6.4	0.9876291155815125
601f6a2231a2904b79df1671	processor	6.4	6.6	0.9876291155815125
601f6a2231a2904b79df1671	oven	9.1	9.8	0.8571038842201233
601f6a2231a2904b79df1671	stove	9.8	10.6	0.8571038842201233
601f6a2231a2904b79df1671	top	10.6	11.3	0.8571038842201233
601f6a2231a2904b79df1671	hot	12.9	13.8	0.8458843231201172
601f6a2231a2904b79df1671	plate	13.8	14.2	0.8458843231201172
601f6a2231a2904b79df1671	refrigerator	16.2	17.4	0.9876290559768677
601f6a2231a2904b79df1671	freezer	17.4	18.3	0.9876290559768677
601f6a2231a2904b79df1671	air	20.6	21.4	0.9941372871398926
601f6a2231a2904b79df1671	fryer	21.4	21.8	0.9941372871398926
601f6a2231a2904b79df1671	convection	21.8	22.7	0.9941372871398926
601f6a2231a2904b79df1671	oven	22.7	23.4	0.9941372871398926
601f6a2231a2904b79df1671	dishwasher	28.0	29.2	0.9685218930244446
601f6a2231a2904b79df1671	coffee	32.3	33.1	0.924308717250824
601f6a2231a2904b79df1671	maker	33.1	33.5	0.924308717250824
601f6a2231a2904b79df1671	washer	39.9	40.9	0.9334173202514648
601f6a2231a2904b79df1671	dryer	40.9	41.4	0.9334173202514648
601f6a2231a2904b79df1671	vacuum cleaner	43.4	44.6	0.9414083361625671
601f6a2231a2904b79df1671	Roomba	44.6	45.4	0.9414083361625671
601f6a2231a2904b79df1671	fan	48.8	49.8	0.937466025352478
601f6a2231a2904b79df1671	ice	75.2	75.7	1.0
601f6a2231a2904b79df1671	maker	75.7	76.2	1.0
601f6a2231a2904b79df1671	television	94.2	95.4	0.9876290559768677
601f6a2231a2904b79df1671	video	96.6	97.6	0.962899386882782
601f6a2231a2904b79df1671	game	97.6	98.0	0.962899386882782
601f6a2231a2904b79df1671	console	98.0	98.3	0.962899386882782
601f6a2231a2904b79df1671	home	101.1	101.7	0.9697626829147339
601f6a2231a2904b79df1671	PC	101.7	102.3	0.9697626829147339
601f6a2231a2904b79df1671	bread	112.2	112.9	0.9275102615356445
601f6a2231a2904b79df1671	maker	112.9	113.4	0.9275102615356445
601f6a2231a2904b79df1671	ice cream	115.0	115.9	0.9610362648963928
601f6a2231a2904b79df1671	machine	115.9	116.6	0.9610362648963928
600f9342e7bc5518fa9ca92a	microwave	11.1	13.4	0.8982046246528625
600f9342e7bc5518fa9ca92a	refrigerator	13.4	14.4	0.8982046246528625
600f9342e7bc5518fa9ca92a	dishwasher	14.4	15.6	0.8982046246528625
600f9342e7bc5518fa9ca92a	washing machine	15.6	17.1	0.8982046246528625
600f9342e7bc5518fa9ca92a	AC	17.1	18.4	0.8982046246528625
600f9342e7bc5518fa9ca92a	drier	18.4	19.4	0.8982046246528625
600f9342e7bc5518fa9ca92a	oven	22.4	23.2	0.9623674154281616
600f9342e7bc5518fa9ca92a	toaster	23.2	23.5	0.9623674154281616
600f9342e7bc5518fa9ca92a	cattle	25.3	27.1	0.2793294191360474
600f9342e7bc5518fa9ca92a	fan	29.4	30.1	0.5718477964401245
600f9342e7bc5518fa9ca92a	air	33.8	35.7	0.795504093170166
600f9342e7bc5518fa9ca92a	fryer	35.7	36.2	0.795504093170166
600f9342e7bc5518fa9ca92a	rice	38.4	38.9	0.9876290559768677
600f9342e7bc5518fa9ca92a	cooker	38.9	39.3	0.9876290559768677
5f1f3581b5cf3e103cc545c9	weather	0.2	2.1	0.875500500202179
5f1f3581b5cf3e103cc545c9	Al	2.1	3.0	0.875500500202179
5f1f3581b5cf3e103cc545c9	microwave	3.0	5.2	0.875500500202179
5f1f3581b5cf3e103cc545c9	blender	43.7	44.6	0.4743200540542603
5f1f3581b5cf3e103cc545c9	washer and	58.6	59.7	0.8273299336433411
5f1f3581b5cf3e103cc545c9	dryer	59.7	60.2	0.8273299336433411
656e3caa43f1f7f0615252ff	quiet	1.0	2.3	0.7851065397262573
656e3caa43f1f7f0615252ff	lamp	3.9	5.2	0.8994147777557373
656e3caa43f1f7f0615252ff	KitchenAid	6.4	7.2	0.984662652015686
656e3caa43f1f7f0615252ff	mixer	7.2	7.6	0.984662652015686
656e3caa43f1f7f0615252ff	microwave	7.6	9.4	0.984662652015686
656e3caa43f1f7f0615252ff	oven	9.4	10.5	0.984662652015686
656e3caa43f1f7f0615252ff	dishwasher	10.5	11.7	0.984662652015686
656e3caa43f1f7f0615252ff	mixer	16.6	17.7	0.830157458782196
656e3caa43f1f7f0615252ff	air	17.7	19.0	0.830157458782196
656e3caa43f1f7f0615252ff	fryer	19.0	19.5	0.830157458782196
656e3caa43f1f7f0615252ff	coffee	21.6	22.3	0.984023928642273
656e3caa43f1f7f0615252ff	machine	22.3	23.0	0.984023928642273
656e3caa43f1f7f0615252ff	vacuum	27.1	28.1	0.8855999112129211
656e3caa43f1f7f0615252ff	Swiffer	35.7	36.3	0.941077470779419
656e3caa43f1f7f0615252ff	Sweeper	36.3	36.8	0.941077470779419
656e3caa43f1f7f0615252ff	freezer	61.5	62.3	0.9785256385803223
656e3caa43f1f7f0615252ff	refrigerator	62.3	63.2	0.9785256385803223
65e358d9c5e3ee026268b2a7	fridge	1.5	4.8	0.827703058719635
65e358d9c5e3ee026268b2a7	and	4.8	5.1	0.827703058719635
65e358d9c5e3ee026268b2a7	freezer	5.1	5.7	0.827703058719635
65e358d9c5e3ee026268b2a7	oven	5.7	7.2	0.827703058719635
65e358d9c5e3ee026268b2a7	stove	7.2	7.8	0.827703058719635
65e358d9c5e3ee026268b2a7	top	7.8	8.2	0.827703058719635
65e358d9c5e3ee026268b2a7	Keurig	8.2	10.9	0.827703058719635
65e358d9c5e3ee026268b2a7	or coffee	10.9	11.5	0.827703058719635
65e358d9c5e3ee026268b2a7	maker	11.5	12.0	0.827703058719635
65e358d9c5e3ee026268b2a7	microwave	12.0	14.0	0.827703058719635
65e358d9c5e3ee026268b2a7	toaster	14.0	15.4	0.827703058719635
65e358d9c5e3ee026268b2a7	a	16.9	18.4	0.8545804619789124
65e358d9c5e3ee026268b2a7	NuWave	18.4	18.6	0.8545804619789124
65e358d9c5e3ee026268b2a7	Oven	18.6	18.9	0.8545804619789124
65e358d9c5e3ee026268b2a7	in	18.9	19.1	0.8545804619789124
65e358d9c5e3ee026268b2a7	Aurora	19.1	19.6	0.8545804619789124
65e358d9c5e3ee026268b2a7	a	19.6	19.9	0.8545804619789124
65e358d9c5e3ee026268b2a7	crock	19.9	20.2	0.8545804619789124
65e358d9c5e3ee026268b2a7	pot and	20.2	20.8	0.8545804619789124
65e358d9c5e3ee026268b2a7	instapot	20.8	21.8	0.8545804619789124
65e358d9c5e3ee026268b2a7	a	21.8	23.0	0.8545804619789124
65e358d9c5e3ee026268b2a7	rice	23.0	23.4	0.8545804619789124
65e358d9c5e3ee026268b2a7	cooker	23.4	23.8	0.8545804619789124
65e358d9c5e3ee026268b2a7	hard	23.8	25.2	0.8545804619789124
65e358d9c5e3ee026268b2a7	boiled	25.2	25.3	0.8545804619789124
65e358d9c5e3ee026268b2a7	egg	25.3	25.8	0.8545804619789124
65e358d9c5e3ee026268b2a7	cooker	25.8	26.2	0.8545804619789124
65e358d9c5e3ee026268b2a7	dishwasher	30.3	31.3	0.9685218930244446
65e358d9c5e3ee026268b2a7	washer and	33.0	34.8	0.9453299045562744
65e358d9c5e3ee026268b2a7	dryer	34.8	35.2	0.9453299045562744
65e358d9c5e3ee026268b2a7	I'm	52.6	53.4	0.9029698967933655
65e358d9c5e3ee026268b2a7	like a	53.4	53.6	0.9029698967933655
65e358d9c5e3ee026268b2a7	hot water	53.6	54.3	0.9029698967933655
65e358d9c5e3ee026268b2a7	kettle	54.3	55.2	0.9029698967933655
65e358d9c5e3ee026268b2a7	food	61.1	62.4	0.9664832949638367
65e358d9c5e3ee026268b2a7	processor	62.4	63.1	0.9664832949638367
65e358d9c5e3ee026268b2a7	juicer	63.1	64.6	0.9664832949638367
65e358d9c5e3ee026268b2a7	maybe a	64.6	66.2	0.9664832949638367
65e358d9c5e3ee026268b2a7	waffle	66.2	66.7	0.9664832949638367
65e358d9c5e3ee026268b2a7	maker	66.7	66.8	0.9664832949638367
65e358d9c5e3ee026268b2a7	The	72.5	73.0	0.9501741528511047
65e358d9c5e3ee026268b2a7	Griddle	73.0	73.3	0.9501741528511047
65e358d9c5e3ee026268b2a7	Grill	73.3	76.0	0.9501741528511047
65e358d9c5e3ee026268b2a7	I guess it's	76.0	77.1	0.9501741528511047
65e358d9c5e3ee026268b2a7	considered a	77.1	77.6	0.9501741528511047
65e358d9c5e3ee026268b2a7	home	77.6	77.7	0.9501741528511047
65e358d9c5e3ee026268b2a7	appliance	77.7	78.0	0.9501741528511047
65e358d9c5e3ee026268b2a7	blender	90.3	93.3	0.8636395931243896
65e358d9c5e3ee026268b2a7	mixer	93.3	97.0	0.8636395931243896
65e358d9c5e3ee026268b2a7	maybe	99.9	100.4	0.9042656421661377
65e358d9c5e3ee026268b2a7	an	100.4	100.8	0.9042656421661377
65e358d9c5e3ee026268b2a7	immersion	100.8	101.2	0.9042656421661377
65e358d9c5e3ee026268b2a7	blender	101.2	101.4	0.9042656421661377
65e358d9c5e3ee026268b2a7	air	106.5	108.3	0.7988871335983276
65e358d9c5e3ee026268b2a7	fryer	108.3	108.8	0.7988871335983276
65e358d9c5e3ee026268b2a7	vacuum	116.7	118.0	0.9778618812561035
65e358d9c5e3ee026268b2a7	is considered	118.0	118.6	0.9778618812561035
65e358d9c5e3ee026268b2a7	a home	118.6	118.8	0.9778618812561035
65e358d9c5e3ee026268b2a7	appliance	118.8	119.1	0.9778618812561035
61363ce02e6022a741d63a6e	dishwasher	2.0	3.2	0.9876290559768677
61363ce02e6022a741d63a6e	refrigerator	3.2	4.6	0.9876290559768677
61363ce02e6022a741d63a6e	stove	4.6	6.1	0.9876290559768677
61363ce02e6022a741d63a6e	range	6.1	7.7	0.9876290559768677
61363ce02e6022a741d63a6e	oven	7.7	8.7	0.9876290559768677
61363ce02e6022a741d63a6e	blunder	10.3	11.2	0.523314356803894
61363ce02e6022a741d63a6e	slow	12.6	14.3	0.9272608757019043
61363ce02e6022a741d63a6e	cooker	14.3	14.9	0.9272608757019043
61363ce02e6022a741d63a6e	instant	14.9	16.2	0.9272608757019043
61363ce02e6022a741d63a6e	pot	16.2	16.4	0.9272608757019043
61363ce02e6022a741d63a6e	juicer	16.4	18.9	0.9272608757019043
61363ce02e6022a741d63a6e	sinks	18.9	20.6	0.9272608757019043
61363ce02e6022a741d63a6e	Disposal	22.0	24.2	0.9756197929382324
61363ce02e6022a741d63a6e	trash	24.2	25.1	0.9756197929382324
61363ce02e6022a741d63a6e	can	25.1	25.7	0.9756197929382324
61363ce02e6022a741d63a6e	cabinets	27.2	29.2	0.9690471291542053
61363ce02e6022a741d63a6e	countertops	29.2	30.8	0.9690471291542053
61363ce02e6022a741d63a6e	computer	36.0	37.3	0.9076443910598755
61363ce02e6022a741d63a6e	lights	38.6	39.5	0.6363967061042786
61363ce02e6022a741d63a6e	decorations	43.2	44.7	0.8289852142333984
61363ce02e6022a741d63a6e	houseplants	44.7	46.5	0.8289852142333984
61363ce02e6022a741d63a6e	paintings	46.5	47.5	0.8289852142333984
61363ce02e6022a741d63a6e	tables	47.5	48.9	0.8289852142333984
61363ce02e6022a741d63a6e	chairs	48.9	50.3	0.8289852142333984
61363ce02e6022a741d63a6e	curtains	55.8	56.8	0.9743891954421997
61363ce02e6022a741d63a6e	beds	58.8	59.7	0.3277100622653961
61363ce02e6022a741d63a6e	blankets	60.8	61.7	0.9814763069152832
61363ce02e6022a741d63a6e	couches	61.7	62.7	0.9814763069152832
61363ce02e6022a741d63a6e	rugs	65.1	66.9	0.9482471942901611
61363ce02e6022a741d63a6e	smoke	70.2	71.0	0.9789316058158875
61363ce02e6022a741d63a6e	detector	71.0	71.7	0.9789316058158875
61363ce02e6022a741d63a6e	A-frame	74.8	76.8	0.7759077548980713
61363ce02e6022a741d63a6e	backsplash	108.3	109.5	0.9202454686164856
629e241d171ec6698e05f149	oven	2.5	3.6	0.9630626440048218
629e241d171ec6698e05f149	electric	3.6	4.6	0.9630626440048218
629e241d171ec6698e05f149	oven	4.6	5.3	0.9630626440048218
629e241d171ec6698e05f149	gas stove	5.3	7.4	0.9630626440048218
629e241d171ec6698e05f149	air	9.7	10.1	0.9876290559768677
629e241d171ec6698e05f149	fryer	10.1	10.6	0.9876290559768677
629e241d171ec6698e05f149	toaster	10.6	11.9	0.9876290559768677
629e241d171ec6698e05f149	oven	11.9	12.2	0.9876290559768677
629e241d171ec6698e05f149	toaster	12.2	14.1	0.9876290559768677
629e241d171ec6698e05f149	air	17.7	18.2	0.9876290559768677
629e241d171ec6698e05f149	purifier	18.2	18.9	0.9876290559768677
629e241d171ec6698e05f149	air	20.6	21.1	0.9753385186195374
629e241d171ec6698e05f149	condenser	21.1	21.4	0.9753385186195374
629e241d171ec6698e05f149	air conditioner	25.5	26.6	0.9930453300476074
629e241d171ec6698e05f149	heat pump	32.8	33.6	0.9270643591880798
629e241d171ec6698e05f149	refrigerator	37.4	38.4	0.9876290559768677
629e241d171ec6698e05f149	freezer	39.8	40.4	0.9361474514007568
629e241d171ec6698e05f149	wine	42.3	42.8	0.9876290559768677
629e241d171ec6698e05f149	cooler	42.8	43.3	0.9876290559768677
629e241d171ec6698e05f149	cooler	44.6	45.3	0.9462869763374329
629e241d171ec6698e05f149	thermostat	47.0	48.0	0.9662749171257019
629e241d171ec6698e05f149	boiler	49.8	50.5	0.9765211939811707
629e241d171ec6698e05f149	air	53.3	53.8	0.9800785779953003
629e241d171ec6698e05f149	compressor	53.8	54.3	0.9800785779953003
629e241d171ec6698e05f149	backup	56.1	56.8	0.973117470741272
629e241d171ec6698e05f149	generator	56.8	57.4	0.973117470741272
629e241d171ec6698e05f149	oil	60.2	60.7	0.9663225412368774
629e241d171ec6698e05f149	tank	60.7	61.0	0.9663225412368774
629e241d171ec6698e05f149	microwave	66.6	67.4	0.9638798832893372
629e241d171ec6698e05f149	fan	71.9	72.6	0.8867506384849548
629e241d171ec6698e05f149	tower	74.6	75.2	0.9839595556259155
629e241d171ec6698e05f149	fan	75.2	75.6	0.9839595556259155
629e241d171ec6698e05f149	TV	78.1	78.7	0.8917931318283081
629e241d171ec6698e05f149	plasma	80.2	81.0	0.9787362813949585
629e241d171ec6698e05f149	TV	81.0	81.4	0.9787362813949585
629e241d171ec6698e05f149	LCD	84.7	85.5	0.9792152643203735
629e241d171ec6698e05f149	TV	85.5	85.7	0.9792152643203735
629e241d171ec6698e05f149	flat	86.9	87.5	0.9158909320831299
629e241d171ec6698e05f149	screen	87.5	87.9	0.9158909320831299
629e241d171ec6698e05f149	TV	87.9	88.3	0.9158909320831299
629e241d171ec6698e05f149	4K	90.3	91.1	0.9243423342704773
629e241d171ec6698e05f149	TV	91.1	91.6	0.9243423342704773
629e241d171ec6698e05f149	computer	92.8	93.5	0.982087254524231
629e241d171ec6698e05f149	laptop	95.4	96.2	1.0
629e241d171ec6698e05f149	mobile	97.9	98.5	1.0
629e241d171ec6698e05f149	phone	98.5	98.9	1.0
629e241d171ec6698e05f149	jacuzzi	105.4	106.5	0.7908814549446106
629e241d171ec6698e05f149	home	119.0	119.5	0.9677059054374695
629e241d171ec6698e05f149	phone	119.5	119.9	0.9677059054374695
5885f97f41da4500014d3645	dishwasher	3.8	5.0	0.964995265007019
5885f97f41da4500014d3645	microwave	5.0	7.3	0.964995265007019
5885f97f41da4500014d3645	oven	10.5	11.2	0.9348018169403076
5885f97f41da4500014d3645	Toaster	12.9	13.7	0.8760390281677246
5885f97f41da4500014d3645	air	13.7	15.1	0.8760390281677246
5885f97f41da4500014d3645	fryer	15.1	15.2	0.8760390281677246
5885f97f41da4500014d3645	sync	17.8	18.7	0.3793127536773682
5885f97f41da4500014d3645	washing machine	24.1	25.5	0.9672099351882935
5885f97f41da4500014d3645	dryer	25.5	26.7	0.9672099351882935
5885f97f41da4500014d3645	blender	26.7	28.4	0.9672099351882935
5885f97f41da4500014d3645	food	33.5	34.1	0.9876290559768677
5885f97f41da4500014d3645	processor	34.1	34.8	0.9876290559768677
65d6a09286a0c99e632a46dd	stove	1.1	3.5	0.9572252035140991
65d6a09286a0c99e632a46dd	washer	6.9	7.7	0.9329375624656677
65d6a09286a0c99e632a46dd	dryer	7.7	8.9	0.9329375624656677
65d6a09286a0c99e632a46dd	dishwasher	11.2	12.9	0.9613810777664185
65d6a09286a0c99e632a46dd	air	16.5	17.0	0.8002963066101074
65d6a09286a0c99e632a46dd	fryer	17.0	17.4	0.8002963066101074
65d6a09286a0c99e632a46dd	toaster	20.3	21.0	0.9946819543838501
65d6a09286a0c99e632a46dd	oven	21.0	21.5	0.9946819543838501
65d6a09286a0c99e632a46dd	toaster	23.8	24.8	0.9672114849090576
65d6a09286a0c99e632a46dd	a	27.4	27.7	0.9517018795013428
65d6a09286a0c99e632a46dd	blender	27.7	28.3	0.9517018795013428
65d6a09286a0c99e632a46dd	a	32.9	33.2	0.9210345149040222
65d6a09286a0c99e632a46dd	juicer	33.2	33.9	0.9210345149040222
65d6a09286a0c99e632a46dd	fridge	36.6	37.7	0.9776015281677246
65d6a09286a0c99e632a46dd	freezer	37.7	38.4	0.9776015281677246
65d6a09286a0c99e632a46dd	dehydrator	45.3	46.6	0.7991265058517456
65d6a09286a0c99e632a46dd	Furniture	54.6	55.8	0.8644694685935974
65d6a09286a0c99e632a46dd	Is	55.8	55.9	0.8644694685935974
65d6a09286a0c99e632a46dd	Not a	55.9	56.1	0.8644694685935974
65d6a09286a0c99e632a46dd	Home	56.1	56.4	0.8644694685935974
65d6a09286a0c99e632a46dd	Appliance	56.4	56.6	0.8644694685935974
65d6a09286a0c99e632a46dd	home appliances	61.1	62.3	0.9733532667160034
65d6a09286a0c99e632a46dd	home appliances	62.3	63.2	0.9733532667160034
65d6a09286a0c99e632a46dd	sorry I	76.2	77.8	0.8858765959739685
65d6a09286a0c99e632a46dd	didn't talk	77.8	78.4	0.8858765959739685
65d6a09286a0c99e632a46dd	to her	78.4	78.8	0.8858765959739685
65d6a09286a0c99e632a46dd	you know what	81.9	82.7	0.8814229369163513
65d6a09286a0c99e632a46dd	you'd	82.7	82.9	0.8814229369163513
65d6a09286a0c99e632a46dd	consider an	82.9	83.9	0.8814229369163513
65d6a09286a0c99e632a46dd	appliance	83.9	84.7	0.8814229369163513
65d6a09286a0c99e632a46dd	can you tell	86.0	86.9	0.6962071061134338
65d6a09286a0c99e632a46dd	a TV	86.9	87.5	0.6962071061134338
65d6a09286a0c99e632a46dd	furniture	87.5	88.3	0.6962071061134338
65d6a09286a0c99e632a46dd	Larry	96.9	97.5	0.6909386515617371
65d6a09286a0c99e632a46dd	said for a	97.5	98.0	0.6909386515617371
65d6a09286a0c99e632a46dd	mini	98.0	98.2	0.6909386515617371
65d6a09286a0c99e632a46dd	fridge	98.2	98.6	0.6909386515617371
65d6a09286a0c99e632a46dd	wow	110.1	110.7	0.8250081539154053
65d6a09286a0c99e632a46dd	a	110.7	111.1	0.8250081539154053
65d6a09286a0c99e632a46dd	microwave	111.1	111.8	0.8250081539154053
