subj_id	Word	Start_time	End_time	Confidence
6596a5cad60ef105b6c18897	hammer	2.0	2.9	0.9697568416595459
6596a5cad60ef105b6c18897	screwdriver	4.2	5.2	0.9188066720962524
6596a5cad60ef105b6c18897	Phillips	6.8	8.6	0.7250535488128662
6596a5cad60ef105b6c18897	screwdriver	8.6	8.8	0.7250535488128662
6596a5cad60ef105b6c18897	flat-head	8.8	9.5	0.7250535488128662
6596a5cad60ef105b6c18897	screwdriver	9.5	10.6	0.7250535488128662
6596a5cad60ef105b6c18897	power	15.0	15.6	0.9938145279884338
6596a5cad60ef105b6c18897	drill	15.6	16.2	0.9938145279884338
6596a5cad60ef105b6c18897	pliers	33.9	34.8	0.9269963502883911
6596a5cad60ef105b6c18897	and	34.8	35.2	0.9269963502883911
6596a5cad60ef105b6c18897	needle	35.2	35.5	0.9269963502883911
6596a5cad60ef105b6c18897	nose	35.5	35.8	0.9269963502883911
6596a5cad60ef105b6c18897	pliers	35.8	35.9	0.9269963502883911
6596a5cad60ef105b6c18897	ratchet	46.0	47.0	0.789996325969696
6596a5cad60ef105b6c18897	power	51.8	52.4	0.9876290559768677
6596a5cad60ef105b6c18897	sander	52.4	53.0	0.9876290559768677
6596a5cad60ef105b6c18897	lamp	57.6	58.4	0.8359185457229614
6596a5cad60ef105b6c18897	scissors	95.3	96.4	0.5287714004516602
6596a5cad60ef105b6c18897	leveler	98.5	99.4	0.7916767001152039
6596a5cad60ef105b6c18897	measuring	107.0	107.7	0.9876290559768677
6596a5cad60ef105b6c18897	tape	107.7	108.3	0.9876290559768677
6596a5cad60ef105b6c18897	staple	111.2	112.0	0.9876290559768677
6596a5cad60ef105b6c18897	gun	112.0	112.1	0.9876290559768677
5f1f3581b5cf3e103cc545c9	Hammer	0.8	1.9	0.767708957195282
5f1f3581b5cf3e103cc545c9	screwdriver	1.9	2.7	0.767708957195282
5f1f3581b5cf3e103cc545c9	drill	2.7	4.1	0.767708957195282
5f1f3581b5cf3e103cc545c9	forklift	36.1	38.0	1.0
5f1f3581b5cf3e103cc545c9	soldering	48.8	52.6	0.8678809404373169
5f1f3581b5cf3e103cc545c9	tool	52.6	52.9	0.8678809404373169
65e862f844f1b7a803bb3c5a	Caesars	9.0	10.0	0.895997941493988
65e862f844f1b7a803bb3c5a	Ox	11.6	12.4	0.4276754856109619
65e862f844f1b7a803bb3c5a	monitor	12.4	14.7	0.4276754856109619
65e862f844f1b7a803bb3c5a	what's	17.4	17.9	0.7971202731132507
65e862f844f1b7a803bb3c5a	in	17.9	18.0	0.7971202731132507
65e862f844f1b7a803bb3c5a	bud	18.0	18.4	0.7971202731132507
65e862f844f1b7a803bb3c5a	cauliflower	21.7	22.4	0.5245453119277954
65e862f844f1b7a803bb3c5a	Ama	23.9	24.6	0.6122486591339111
65e862f844f1b7a803bb3c5a	screwdriver	26.1	27.1	0.6631171703338623
65e862f844f1b7a803bb3c5a	chizu	27.1	28.6	0.6631171703338623
65e862f844f1b7a803bb3c5a	measuring	29.7	30.3	0.9727128744125366
65e862f844f1b7a803bb3c5a	cups	30.3	31.0	0.9727128744125366
65e862f844f1b7a803bb3c5a	Yolanda	32.3	34.5	0.4961333572864532
65e862f844f1b7a803bb3c5a	gorilla	37.3	38.1	0.630126953125
65e862f844f1b7a803bb3c5a	Fox	39.2	40.1	0.8685047030448914
65e862f844f1b7a803bb3c5a	gloves	41.1	41.9	0.7417724132537842
65e862f844f1b7a803bb3c5a	knives	41.9	42.9	0.7417724132537842
65e862f844f1b7a803bb3c5a	baking	42.9	44.0	0.7417724132537842
65e862f844f1b7a803bb3c5a	dish	44.0	44.3	0.7417724132537842
65e862f844f1b7a803bb3c5a	charbel	48.8	49.6	0.5186228156089783
65e862f844f1b7a803bb3c5a	tongues	49.6	51.1	0.5186228156089783
65e862f844f1b7a803bb3c5a	trowel	51.1	52.6	0.5186228156089783
65e862f844f1b7a803bb3c5a	flashlight	55.4	56.3	0.9243682622909546
65e862f844f1b7a803bb3c5a	measuring	58.2	58.9	0.9876290559768677
65e862f844f1b7a803bb3c5a	tape	58.9	59.4	0.9876290559768677
65e862f844f1b7a803bb3c5a	saw	62.8	63.4	0.8593856692314148
65e862f844f1b7a803bb3c5a	soldering	68.9	69.7	0.9808120727539062
65e862f844f1b7a803bb3c5a	iron	69.7	69.8	0.9808120727539062
65e862f844f1b7a803bb3c5a	chainsaw	73.4	74.2	0.8056080937385559
65e862f844f1b7a803bb3c5a	nail	74.2	74.8	0.8056080937385559
65e862f844f1b7a803bb3c5a	gun	74.8	75.3	0.8056080937385559
65e862f844f1b7a803bb3c5a	wrench	76.5	77.3	0.5262705683708191
65e862f844f1b7a803bb3c5a	kayak	78.7	79.5	0.6071621775627136
65e862f844f1b7a803bb3c5a	mallet	81.7	82.5	0.5669814944267273
65e862f844f1b7a803bb3c5a	scraper	84.0	84.9	0.5417702794075012
65e862f844f1b7a803bb3c5a	assets	87.7	88.6	0.625627875328064
65e862f844f1b7a803bb3c5a	bolt	90.0	90.9	0.8175919651985168
65e862f844f1b7a803bb3c5a	screw	90.9	92.4	0.8175919651985168
65e862f844f1b7a803bb3c5a	not	94.0	94.8	0.6522109508514404
65e862f844f1b7a803bb3c5a	new	96.5	97.0	0.787299394607544
65e862f844f1b7a803bb3c5a	speed	99.7	100.6	0.3121952414512634
65e862f844f1b7a803bb3c5a	Chevelle	101.7	102.6	0.6097315549850464
65e862f844f1b7a803bb3c5a	lawn	106.6	107.2	0.8972536325454712
65e862f844f1b7a803bb3c5a	mower	107.2	107.5	0.8972536325454712
65e862f844f1b7a803bb3c5a	pruning	107.5	108.8	0.8972536325454712
65e862f844f1b7a803bb3c5a	shears	108.8	108.9	0.8972536325454712
65e862f844f1b7a803bb3c5a	step	117.0	117.5	0.9432847499847412
65e862f844f1b7a803bb3c5a	ladder	117.5	117.9	0.9432847499847412
629e241d171ec6698e05f149	hammer	2.0	2.7	0.9760228395462036
629e241d171ec6698e05f149	saw	3.8	4.3	0.9244853854179382
629e241d171ec6698e05f149	jackhammer	6.5	7.4	0.6472328901290894
629e241d171ec6698e05f149	screwdriver	8.6	9.8	0.9790213704109192
629e241d171ec6698e05f149	pliers	9.8	11.5	0.9790213704109192
629e241d171ec6698e05f149	chisel	14.7	15.5	0.3756166994571686
629e241d171ec6698e05f149	corkscrew	18.0	18.9	0.9458823204040527
629e241d171ec6698e05f149	vehicle	20.7	21.5	0.9686534404754639
629e241d171ec6698e05f149	Jack	21.5	22.0	0.9686534404754639
629e241d171ec6698e05f149	kitchen	24.3	24.9	0.9876290559768677
629e241d171ec6698e05f149	knife	24.9	25.2	0.9876290559768677
629e241d171ec6698e05f149	nice	26.2	26.7	0.8033183217048645
629e241d171ec6698e05f149	hunting	27.9	28.5	0.9373353123664856
629e241d171ec6698e05f149	knife	28.5	28.8	0.9373353123664856
629e241d171ec6698e05f149	skinning	29.8	30.4	0.9876290559768677
629e241d171ec6698e05f149	knife	30.4	30.7	0.9876290559768677
629e241d171ec6698e05f149	Fisherman's	31.9	32.6	0.9868526458740234
629e241d171ec6698e05f149	knife	32.6	32.8	0.9868526458740234
629e241d171ec6698e05f149	floor	39.8	40.4	0.9618256092071533
629e241d171ec6698e05f149	stapler	40.4	41.0	0.9618256092071533
629e241d171ec6698e05f149	staple	41.0	42.7	0.9618256092071533
629e241d171ec6698e05f149	gun	42.7	43.0	0.9618256092071533
629e241d171ec6698e05f149	air	44.6	45.1	0.9654074907302856
629e241d171ec6698e05f149	compressor	45.1	45.7	0.9654074907302856
629e241d171ec6698e05f149	mallet	49.0	49.9	0.8466011881828308
629e241d171ec6698e05f149	rubber	52.3	52.9	0.9643805027008057
629e241d171ec6698e05f149	mallet	52.9	53.4	0.9643805027008057
629e241d171ec6698e05f149	wooden	53.4	54.5	0.9643805027008057
629e241d171ec6698e05f149	mallet	54.5	54.9	0.9643805027008057
629e241d171ec6698e05f149	table	60.8	61.4	0.92375648021698
629e241d171ec6698e05f149	saw	61.4	61.6	0.92375648021698
629e241d171ec6698e05f149	spoon	63.8	64.7	0.5381940603256226
629e241d171ec6698e05f149	for work	66.0	66.7	0.458507776260376
629e241d171ec6698e05f149	anvil	70.1	70.8	0.884275496006012
629e241d171ec6698e05f149	Tong's	72.6	73.5	0.7939410209655762
629e241d171ec6698e05f149	Spencer's	77.0	77.7	0.5608224868774414
629e241d171ec6698e05f149	wrench	83.1	83.7	0.6745805740356445
629e241d171ec6698e05f149	adjustable	84.7	85.6	0.9876290559768677
629e241d171ec6698e05f149	wrench	85.6	85.8	0.9876290559768677
629e241d171ec6698e05f149	monkey	87.0	87.6	0.9508069753646851
629e241d171ec6698e05f149	wrench	87.6	87.9	0.9508069753646851
629e241d171ec6698e05f149	nail	101.0	101.6	0.9876290559768677
629e241d171ec6698e05f149	gun	101.6	102.0	0.9876290559768677
629e241d171ec6698e05f149	nails	105.7	106.5	1.0
610c59ee34cc312d7ca55e45	screwdriver	6.0	7.4	0.9212834239006042
610c59ee34cc312d7ca55e45	hammer	10.4	11.3	0.8068003058433533
610c59ee34cc312d7ca55e45	add	16.8	17.2	0.2596996426582336
610c59ee34cc312d7ca55e45	real	17.2	17.7	0.2596996426582336
610c59ee34cc312d7ca55e45	Lorax	19.1	20.3	0.3600581586360931
610c59ee34cc312d7ca55e45	Ranch	24.2	26.2	0.9126036763191223
610c59ee34cc312d7ca55e45	nail	29.2	30.4	0.8675763607025146
610c59ee34cc312d7ca55e45	screw	30.4	31.6	0.8675763607025146
610c59ee34cc312d7ca55e45	so	35.2	36.5	0.8845015168190002
610c59ee34cc312d7ca55e45	loudly	39.4	41.1	0.3495652079582214
610c59ee34cc312d7ca55e45	Spencer's	44.8	46.0	0.337360292673111
63ea4ab1ce4168cbe9f63775	hammer	2.0	3.9	0.775762677192688
63ea4ab1ce4168cbe9f63775	hand	5.6	6.1	0.8387010097503662
63ea4ab1ce4168cbe9f63775	saw	6.1	6.4	0.8387010097503662
63ea4ab1ce4168cbe9f63775	Zaza	7.5	8.1	0.9243825674057007
63ea4ab1ce4168cbe9f63775	wrench	10.1	10.9	0.7849239110946655
63ea4ab1ce4168cbe9f63775	ratchet	12.2	13.2	0.9587922096252441
63ea4ab1ce4168cbe9f63775	allen	15.3	16.0	0.9738504886627197
63ea4ab1ce4168cbe9f63775	wrench	16.0	16.7	0.9738504886627197
63ea4ab1ce4168cbe9f63775	screwdriver	18.8	20.0	0.917203426361084
63ea4ab1ce4168cbe9f63775	Phillips	21.4	22.1	0.9366263747215271
63ea4ab1ce4168cbe9f63775	head	22.1	22.4	0.9366263747215271
63ea4ab1ce4168cbe9f63775	screwdriver	22.4	22.8	0.9366263747215271
63ea4ab1ce4168cbe9f63775	drill	27.9	28.7	0.9515032768249512
63ea4ab1ce4168cbe9f63775	hole	30.8	31.3	0.9509900212287903
63ea4ab1ce4168cbe9f63775	punch	31.3	31.7	0.9509900212287903
63ea4ab1ce4168cbe9f63775	nail	34.5	35.2	0.9233548641204834
63ea4ab1ce4168cbe9f63775	gun	35.2	35.7	0.9233548641204834
63ea4ab1ce4168cbe9f63775	pressurize	39.2	40.3	0.7016492486000061
63ea4ab1ce4168cbe9f63775	hammer	40.3	40.9	0.7016492486000061
63ea4ab1ce4168cbe9f63775	automatic	51.6	52.8	0.9253986477851868
63ea4ab1ce4168cbe9f63775	wrench	52.8	54.2	0.9253986477851868
63ea4ab1ce4168cbe9f63775	Vise	57.2	57.9	0.8536772727966309
63ea4ab1ce4168cbe9f63775	grip	57.9	58.5	0.8536772727966309
63ea4ab1ce4168cbe9f63775	table	60.5	61.3	0.9586695432662964
63ea4ab1ce4168cbe9f63775	saw	61.3	61.7	0.9586695432662964
63ea4ab1ce4168cbe9f63775	jigsaw	63.3	64.2	0.9230075478553772
63ea4ab1ce4168cbe9f63775	circular	65.9	66.9	0.9866583347320557
63ea4ab1ce4168cbe9f63775	saw	66.9	67.8	0.9866583347320557
63ea4ab1ce4168cbe9f63775	Liars	75.3	76.3	0.8498958945274353
63ea4ab1ce4168cbe9f63775	wire	77.8	78.6	0.8826402425765991
63ea4ab1ce4168cbe9f63775	cutters	78.6	79.3	0.8826402425765991
63ea4ab1ce4168cbe9f63775	Swiss	83.4	84.2	0.9734575152397156
63ea4ab1ce4168cbe9f63775	Army	84.2	85.5	0.9734575152397156
63ea4ab1ce4168cbe9f63775	knife	85.5	85.8	0.9734575152397156
63ea4ab1ce4168cbe9f63775	pocket	87.6	88.3	0.8502291440963745
63ea4ab1ce4168cbe9f63775	knife	88.3	88.6	0.8502291440963745
63ea4ab1ce4168cbe9f63775	box	93.8	94.4	1.0
63ea4ab1ce4168cbe9f63775	cutter	94.4	94.9	1.0
63ea4ab1ce4168cbe9f63775	stud	99.1	100.0	0.9876290559768677
63ea4ab1ce4168cbe9f63775	finder	100.0	100.5	0.9876290559768677
63ea4ab1ce4168cbe9f63775	level	105.8	106.6	0.7742621898651123
63ea4ab1ce4168cbe9f63775	laser	109.0	109.9	0.9876290559768677
63ea4ab1ce4168cbe9f63775	level	109.9	110.7	0.9876290559768677
63ea4ab1ce4168cbe9f63775	putty	112.5	113.2	1.0
63ea4ab1ce4168cbe9f63775	knife	113.2	113.2	1.0
63ea4ab1ce4168cbe9f63775	sand	115.4	116.2	0.9379968047142029
63ea4ab1ce4168cbe9f63775	block	116.2	116.7	0.9379968047142029
656e3caa43f1f7f0615252ff	wrench	3.4	4.2	0.9307489991188049
656e3caa43f1f7f0615252ff	allen	4.2	5.5	0.9307489991188049
656e3caa43f1f7f0615252ff	screw	5.5	6.1	0.9307489991188049
656e3caa43f1f7f0615252ff	or	7.3	7.7	0.9349743723869324
656e3caa43f1f7f0615252ff	allen	7.7	8.0	0.9349743723869324
656e3caa43f1f7f0615252ff	wrench	8.0	8.1	0.9349743723869324
656e3caa43f1f7f0615252ff	chairs	12.7	13.5	0.5155868530273438
656e3caa43f1f7f0615252ff	Trail	13.5	14.7	0.5155868530273438
656e3caa43f1f7f0615252ff	soldiering	17.1	18.2	0.740769624710083
656e3caa43f1f7f0615252ff	soldering	18.2	19.5	0.740769624710083
656e3caa43f1f7f0615252ff	soldering	19.5	20.1	0.740769624710083
656e3caa43f1f7f0615252ff	tool	20.1	20.5	0.740769624710083
656e3caa43f1f7f0615252ff	Hammer	22.5	23.3	0.9479190707206726
656e3caa43f1f7f0615252ff	saw	23.3	24.3	0.9479190707206726
656e3caa43f1f7f0615252ff	leveler	32.7	33.6	0.6409647464752197
656e3caa43f1f7f0615252ff	ruler	35.1	35.7	0.9876290559768677
656e3caa43f1f7f0615252ff	m	36.7	38.1	0.8210586309432983
656e3caa43f1f7f0615252ff	workbench	69.8	70.9	0.7332454323768616
65d6a09286a0c99e632a46dd	tools	0.7	1.4	0.9733287692070007
65d6a09286a0c99e632a46dd	wrench	2.4	4.0	0.7299007177352905
65d6a09286a0c99e632a46dd	well I	7.0	7.8	0.839339554309845
65d6a09286a0c99e632a46dd	guess	7.8	8.0	0.839339554309845
65d6a09286a0c99e632a46dd	an automatic	8.0	8.8	0.839339554309845
65d6a09286a0c99e632a46dd	wrench	10.1	10.8	0.4521849453449249
65d6a09286a0c99e632a46dd	with	10.8	11.1	0.4521849453449249
65d6a09286a0c99e632a46dd	screwdriver	11.1	12.0	0.4521849453449249
65d6a09286a0c99e632a46dd	saw	15.8	16.6	0.7905347943305969
65d6a09286a0c99e632a46dd	a	18.4	18.7	0.8034388422966003
65d6a09286a0c99e632a46dd	lawn	18.7	19.1	0.8034388422966003
65d6a09286a0c99e632a46dd	mower	19.1	19.2	0.8034388422966003
65d6a09286a0c99e632a46dd	so a	20.7	21.3	0.9279001355171204
65d6a09286a0c99e632a46dd	blade	21.3	21.9	0.9279001355171204
65d6a09286a0c99e632a46dd	I guess	21.9	22.7	0.9279001355171204
65d6a09286a0c99e632a46dd	WD-40	26.0	27.2	0.9554559588432312
65d6a09286a0c99e632a46dd	lubricant	27.2	28.0	0.9554559588432312
65d6a09286a0c99e632a46dd	WD-40	28.0	28.8	0.9554559588432312
65d6a09286a0c99e632a46dd	not	31.2	32.1	0.6449037790298462
65d6a09286a0c99e632a46dd	Sports	32.1	33.0	0.6449037790298462
65d6a09286a0c99e632a46dd	all the	34.2	34.7	0.7012665271759033
65d6a09286a0c99e632a46dd	parts	34.7	35.4	0.7012665271759033
65d6a09286a0c99e632a46dd	for	35.4	35.6	0.7012665271759033
65d6a09286a0c99e632a46dd	tools	35.6	36.6	0.7012665271759033
65d6a09286a0c99e632a46dd	on	36.6	37.1	0.7012665271759033
65d6a09286a0c99e632a46dd	oh	38.7	42.1	0.5810072422027588
65d6a09286a0c99e632a46dd	man	42.1	42.7	0.5810072422027588
65d6a09286a0c99e632a46dd	let's	46.7	47.3	0.9185992479324341
65d6a09286a0c99e632a46dd	see	47.3	48.0	0.9185992479324341
65d6a09286a0c99e632a46dd	trying to	48.0	50.6	0.9185992479324341
65d6a09286a0c99e632a46dd	like	50.6	50.7	0.9185992479324341
65d6a09286a0c99e632a46dd	think of	50.7	51.1	0.9185992479324341
65d6a09286a0c99e632a46dd	fixing	51.1	52.5	0.9185992479324341
65d6a09286a0c99e632a46dd	a car	52.5	52.8	0.9185992479324341
65d6a09286a0c99e632a46dd	I'll	55.7	56.1	0.7535542249679565
65d6a09286a0c99e632a46dd	hammer	56.1	56.6	0.7535542249679565
65d6a09286a0c99e632a46dd	tape	59.5	60.0	0.9817464351654053
65d6a09286a0c99e632a46dd	measure	60.0	60.6	0.9817464351654053
65d6a09286a0c99e632a46dd	I'm	63.6	65.4	0.8230295777320862
65d6a09286a0c99e632a46dd	a	65.4	65.5	0.8230295777320862
65d6a09286a0c99e632a46dd	ladder	65.5	66.3	0.8230295777320862
65d6a09286a0c99e632a46dd	already	66.3	67.4	0.8230295777320862
65d6a09286a0c99e632a46dd	said	67.4	67.6	0.8230295777320862
65d6a09286a0c99e632a46dd	saw	67.6	67.9	0.8230295777320862
65d6a09286a0c99e632a46dd	flashlight	70.1	71.4	0.9240256547927856
65d6a09286a0c99e632a46dd	I	72.8	74.8	0.8247665762901306
65d6a09286a0c99e632a46dd	don't	74.8	75.5	0.8247665762901306
65d6a09286a0c99e632a46dd	know if you	75.5	75.7	0.8247665762901306
65d6a09286a0c99e632a46dd	count	75.7	76.0	0.8247665762901306
65d6a09286a0c99e632a46dd	such as a	76.0	76.6	0.8247665762901306
65d6a09286a0c99e632a46dd	tool	76.6	77.0	0.8247665762901306
65d6a09286a0c99e632a46dd	a knife	77.0	78.5	0.8247665762901306
65d6a09286a0c99e632a46dd	a	90.6	92.7	0.8640674948692322
65d6a09286a0c99e632a46dd	mallet	92.7	93.3	0.8640674948692322
65d6a09286a0c99e632a46dd	paintbrush	94.2	95.9	0.6257688999176025
65d6a09286a0c99e632a46dd	the	108.3	108.7	0.8146870136260986
65d6a09286a0c99e632a46dd	hatchet	108.7	109.3	0.8146870136260986
65d6a09286a0c99e632a46dd	baby	109.3	110.4	0.8146870136260986
65d6a09286a0c99e632a46dd	pliers	114.3	115.4	0.9242658615112305
5885f97f41da4500014d3645	Hammer	1.3	2.6	0.9660831689834595
5885f97f41da4500014d3645	Nails	2.6	4.5	0.9660831689834595
5885f97f41da4500014d3645	screwdriver	4.5	6.5	0.9660831689834595
5885f97f41da4500014d3645	screws	6.5	8.0	0.9660831689834595
5885f97f41da4500014d3645	wrench	9.2	10.1	0.7881082892417908
5885f97f41da4500014d3645	Jack	12.1	12.8	0.8892642259597778
5885f97f41da4500014d3645	car	15.0	15.8	0.6735466122627258
5885f97f41da4500014d3645	would	15.8	17.4	0.6735466122627258
5885f97f41da4500014d3645	build	18.4	19.5	0.9061955809593201
5885f97f41da4500014d3645	scale	21.5	22.4	0.6726916432380676
5885f97f41da4500014d3645	level	22.4	23.9	0.6726916432380676
5885f97f41da4500014d3645	demolish	25.3	26.4	0.9752921462059021
5885f97f41da4500014d3645	iron	33.4	34.3	0.9243738055229187
5885f97f41da4500014d3645	Steel	35.3	36.4	0.6085941195487976
5885f97f41da4500014d3645	labor	38.4	39.2	0.8362669944763184
5885f97f41da4500014d3645	men	40.5	41.3	0.8540610671043396
5885f97f41da4500014d3645	Medical	47.8	49.0	0.9315806031227112
5885f97f41da4500014d3645	instruments	50.5	51.8	0.9876290559768677
5885f97f41da4500014d3645	repair	53.3	54.2	0.9683573246002197
5885f97f41da4500014d3645	destroy	57.3	58.2	0.9876290559768677
5885f97f41da4500014d3645	building	61.3	62.3	0.937923014163971
5885f97f41da4500014d3645	assembly	64.7	65.8	0.744952917098999
5885f97f41da4500014d3645	assembly	65.8	66.7	0.744952917098999
5885f97f41da4500014d3645	creating	71.2	72.3	0.9876290559768677
5885f97f41da4500014d3645	ball	119.2	119.8	0.790303111076355
60a48adfe091e410f4eaba34	hammer	1.6	2.3	0.8951470255851746
60a48adfe091e410f4eaba34	drill	3.2	4.4	0.9541392922401428
60a48adfe091e410f4eaba34	chisel	8.3	9.0	0.5867083072662354
60a48adfe091e410f4eaba34	screwdriver	16.5	17.9	0.9242491126060486
60a48adfe091e410f4eaba34	drill	22.0	22.5	0.9743624925613403
60a48adfe091e410f4eaba34	bit	22.5	22.8	0.9743624925613403
60a48adfe091e410f4eaba34	Mallet	26.4	27.2	0.8151417374610901
60a48adfe091e410f4eaba34	Shuffle	27.2	28.5	0.8151417374610901
60a48adfe091e410f4eaba34	rifle	42.2	43.0	1.0
60a48adfe091e410f4eaba34	chainsaw	48.7	49.5	0.8867424726486206
60a48adfe091e410f4eaba34	ax	51.9	52.6	0.3958407938480377
60a48adfe091e410f4eaba34	air	58.2	58.6	0.9800785779953003
60a48adfe091e410f4eaba34	compressor	58.6	59.2	0.9800785779953003
60a48adfe091e410f4eaba34	trimmer	74.0	74.7	0.9812986850738525
60a48adfe091e410f4eaba34	edger	74.7	76.2	0.9812986850738525
60a48adfe091e410f4eaba34	hedge	83.8	84.3	0.968346357345581
60a48adfe091e410f4eaba34	cutters	84.3	84.7	0.968346357345581
60a48adfe091e410f4eaba34	lawn	86.8	87.3	0.9109355807304382
60a48adfe091e410f4eaba34	mower	87.3	87.5	0.9109355807304382
63e802622f8052bd67d6c5f0	Hammer	0.5	1.9	0.9783785343170166
63e802622f8052bd67d6c5f0	screwdriver	1.9	3.2	0.9783785343170166
63e802622f8052bd67d6c5f0	drill	3.2	4.9	0.9783785343170166
63e802622f8052bd67d6c5f0	Pea	13.7	14.2	0.8110145330429077
63e802622f8052bd67d6c5f0	Ridge	14.2	14.5	0.8110145330429077
63e802622f8052bd67d6c5f0	tape	27.9	28.5	0.9803928136825562
63e802622f8052bd67d6c5f0	measure	28.5	28.9	0.9803928136825562
63e802622f8052bd67d6c5f0	hard	49.8	52.9	0.8282280564308167
63e802622f8052bd67d6c5f0	hat	52.9	53.4	0.8282280564308167
63e802622f8052bd67d6c5f0	knee	62.2	62.6	0.9481117725372314
63e802622f8052bd67d6c5f0	pads	62.6	63.1	0.9481117725372314
63e802622f8052bd67d6c5f0	ladder	79.6	80.4	0.8965864181518555
63e802622f8052bd67d6c5f0	scaffolding	80.4	82.0	0.8965864181518555
63e802622f8052bd67d6c5f0	concrete	94.8	95.7	0.9938145279884338
63e802622f8052bd67d6c5f0	mixer	95.7	96.2	0.9938145279884338
60d731567049e5132e3cc4d4	Hammer	1.6	2.5	0.9776153564453125
60d731567049e5132e3cc4d4	screwdriver	2.5	4.1	0.9776153564453125
60d731567049e5132e3cc4d4	wrench	4.1	6.2	0.9776153564453125
60d731567049e5132e3cc4d4	ruler	7.5	8.4	0.9730393886566162
60d731567049e5132e3cc4d4	Square	8.4	10.3	0.9730393886566162
60d731567049e5132e3cc4d4	lamp	10.3	12.1	0.9730393886566162
60d731567049e5132e3cc4d4	flashlight	13.9	15.0	0.9240614771842957
60d731567049e5132e3cc4d4	Vice	16.3	17.1	0.4716817140579224
60d731567049e5132e3cc4d4	saw	18.5	18.9	0.8278952836990356
60d731567049e5132e3cc4d4	file	21.6	22.6	0.9496244788169861
60d731567049e5132e3cc4d4	sandpaper	24.2	25.3	0.8279556035995483
60d731567049e5132e3cc4d4	ramp	28.0	28.9	0.8393881320953369
60d731567049e5132e3cc4d4	staple	40.3	41.2	0.8936184644699097
60d731567049e5132e3cc4d4	gun	41.2	41.3	0.8936184644699097
60d731567049e5132e3cc4d4	Drill	41.3	43.1	0.8936184644699097
60d731567049e5132e3cc4d4	level	43.1	45.1	0.8936184644699097
60d731567049e5132e3cc4d4	fastener	53.8	54.8	0.9231011867523193
60d731567049e5132e3cc4d4	nail	56.6	57.4	0.9870296716690063
60d731567049e5132e3cc4d4	screw	57.4	58.8	0.9870296716690063
60d731567049e5132e3cc4d4	nut	58.8	60.1	0.9870296716690063
60d731567049e5132e3cc4d4	Bolt	60.1	61.1	0.9870296716690063
60d731567049e5132e3cc4d4	double	63.2	64.1	0.9246324300765991
60d731567049e5132e3cc4d4	rake	64.1	65.5	0.9246324300765991
60d731567049e5132e3cc4d4	ho	67.2	67.6	0.3719767928123474
60d731567049e5132e3cc4d4	Heller	74.5	76.1	0.4660204946994781
60d731567049e5132e3cc4d4	weed	81.8	82.4	0.9600715637207031
60d731567049e5132e3cc4d4	wacker	82.4	82.9	0.9600715637207031
60d731567049e5132e3cc4d4	shears	86.3	87.3	0.6491581201553345
60d731567049e5132e3cc4d4	Clippers	88.6	89.6	0.9166682958602905
60d731567049e5132e3cc4d4	owl	92.4	93.0	0.2508078515529633
60d731567049e5132e3cc4d4	hole	95.8	96.3	0.9839285016059875
60d731567049e5132e3cc4d4	punch	96.3	96.9	0.9839285016059875
60d731567049e5132e3cc4d4	stapler	96.9	98.8	0.9839285016059875
60d731567049e5132e3cc4d4	soldering	115.4	116.3	0.9876290559768677
60d731567049e5132e3cc4d4	iron	116.3	116.5	0.9876290559768677
65cb63e160bb47fbf9349269	hammer	1.4	2.1	0.9662150740623474
65cb63e160bb47fbf9349269	drill	2.1	3.1	0.9662150740623474
65cb63e160bb47fbf9349269	wrench	3.1	4.0	0.9662150740623474
65cb63e160bb47fbf9349269	shovel	4.0	5.4	0.9662150740623474
65cb63e160bb47fbf9349269	ladder	6.4	7.1	0.9209357500076294
65cb63e160bb47fbf9349269	skewers	7.1	9.0	0.9209357500076294
65cb63e160bb47fbf9349269	nice	10.3	11.1	0.927794337272644
65cb63e160bb47fbf9349269	sharpener	15.9	16.8	0.9876290559768677
65cb63e160bb47fbf9349269	okay	20.1	20.8	0.98310786485672
65cb63e160bb47fbf9349269	power	24.8	25.4	0.9152473211288452
65cb63e160bb47fbf9349269	drills	25.4	26.0	0.9152473211288452
65cb63e160bb47fbf9349269	Koons	32.7	33.5	0.8300349712371826
65cb63e160bb47fbf9349269	Ford	33.5	34.0	0.8300349712371826
65cb63e160bb47fbf9349269	can	45.5	46.1	0.9800082445144653
65cb63e160bb47fbf9349269	opener	46.1	46.6	0.9800082445144653
65cb63e160bb47fbf9349269	wine	49.1	49.7	0.9876290559768677
65cb63e160bb47fbf9349269	opener	49.7	50.2	0.9876290559768677
65cb63e160bb47fbf9349269	thongs	63.2	63.9	0.8402431607246399
65cb63e160bb47fbf9349269	brushes	83.3	84.3	0.9150046706199646
65cb63e160bb47fbf9349269	levelers	89.6	90.6	0.8122646808624268
65cb63e160bb47fbf9349269	tape	94.6	95.1	0.9809484481811523
65cb63e160bb47fbf9349269	measure	95.1	95.6	0.9809484481811523
65cb63e160bb47fbf9349269	pencils	98.9	99.9	0.8286257386207581
65cb63e160bb47fbf9349269	pens	99.9	100.5	0.8286257386207581
65cb63e160bb47fbf9349269	rulers	104.8	105.8	0.8897889256477356
6073e0d481953bbd2cd61145	Hammer	1.6	3.3	0.9480699896812439
6073e0d481953bbd2cd61145	screwdriver	3.3	4.6	0.9480699896812439
6073e0d481953bbd2cd61145	range	6.3	7.0	0.7716870307922363
6073e0d481953bbd2cd61145	nail	7.0	8.3	0.7716870307922363
6073e0d481953bbd2cd61145	screw	8.3	9.7	0.7716870307922363
6073e0d481953bbd2cd61145	sledgehammer	12.0	12.9	0.7932538986206055
6073e0d481953bbd2cd61145	okay	15.3	16.0	1.0
6073e0d481953bbd2cd61145	nice	18.1	18.7	0.9781158566474915
6073e0d481953bbd2cd61145	box	20.1	20.8	0.8658677339553833
6073e0d481953bbd2cd61145	cutter	20.8	21.1	0.8658677339553833
6073e0d481953bbd2cd61145	pick	25.9	26.6	0.2504887580871582
6073e0d481953bbd2cd61145	toolbar	27.8	28.7	0.823259174823761
6073e0d481953bbd2cd61145	ruler	31.2	31.9	0.7899956703186035
6073e0d481953bbd2cd61145	tape	52.2	52.8	0.982896089553833
6073e0d481953bbd2cd61145	measure	52.8	53.3	0.982896089553833
6073e0d481953bbd2cd61145	wood	56.4	57.0	0.8118004202842712
6073e0d481953bbd2cd61145	metal	58.9	59.6	0.8765050172805786
6073e0d481953bbd2cd61145	nugget	61.5	62.4	0.9790740013122559
6073e0d481953bbd2cd61145	washer	62.4	64.3	0.9790740013122559
6073e0d481953bbd2cd61145	door	67.8	68.5	0.9627511501312256
6073e0d481953bbd2cd61145	screen	68.5	69.9	0.9627511501312256
6073e0d481953bbd2cd61145	glass	69.9	71.4	0.9627511501312256
6001487015e5f62961639e7d	screwdriver	0.8	2.7	0.9496933221817017
6001487015e5f62961639e7d	wrench	2.7	3.6	0.9496933221817017
6001487015e5f62961639e7d	ratchet	4.8	5.8	0.9375784397125244
6001487015e5f62961639e7d	crowbar	7.0	8.2	0.8034430146217346
6001487015e5f62961639e7d	drill	10.1	10.9	0.797737181186676
6001487015e5f62961639e7d	saw	12.5	13.2	0.9303006529808044
6001487015e5f62961639e7d	table	15.3	15.9	0.9080841541290283
6001487015e5f62961639e7d	saw	15.9	16.1	0.9080841541290283
6001487015e5f62961639e7d	a	18.2	18.5	0.9630033373832703
6001487015e5f62961639e7d	grinder	18.5	19.4	0.9630033373832703
6001487015e5f62961639e7d	sander	19.4	20.6	0.9630033373832703
6001487015e5f62961639e7d	torch	28.4	29.3	0.8057765960693359
6001487015e5f62961639e7d	a tire	34.5	35.4	0.9711132049560547
6001487015e5f62961639e7d	iron	35.4	35.7	0.9711132049560547
6001487015e5f62961639e7d	air	41.3	41.9	0.9616639614105225
6001487015e5f62961639e7d	compressor	41.9	42.6	0.9616639614105225
6001487015e5f62961639e7d	ax	50.9	52.6	0.2392244935035706
6001487015e5f62961639e7d	a	55.8	56.1	0.9634470343589783
6001487015e5f62961639e7d	box	56.1	56.7	0.9634470343589783
6001487015e5f62961639e7d	cutter	56.7	57.0	0.9634470343589783
6001487015e5f62961639e7d	a flat	65.7	66.5	0.8659964203834534
6001487015e5f62961639e7d	head	66.5	66.7	0.8659964203834534
6001487015e5f62961639e7d	screwdriver	66.7	67.1	0.8659964203834534
6001487015e5f62961639e7d	measuring	71.0	71.9	0.9672526121139526
6001487015e5f62961639e7d	tape	71.9	72.4	0.9672526121139526
6001487015e5f62961639e7d	a level	77.1	78.0	0.8807201981544495
6001487015e5f62961639e7d	a	94.0	94.4	0.9536319971084595
6001487015e5f62961639e7d	chisel	94.4	94.9	0.9536319971084595
6001487015e5f62961639e7d	the	102.2	102.6	0.9876290559768677
6001487015e5f62961639e7d	clamp	102.6	103.2	0.9876290559768677
6001487015e5f62961639e7d	stud	115.8	117.0	0.9876290559768677
6001487015e5f62961639e7d	finder	117.0	117.5	0.9876290559768677
601f6a2231a2904b79df1671	Hammer	2.0	2.9	0.9307625889778137
601f6a2231a2904b79df1671	Anvil	2.9	3.9	0.9307625889778137
601f6a2231a2904b79df1671	chisel	3.9	5.4	0.9307625889778137
601f6a2231a2904b79df1671	screwdriver	5.4	6.8	0.9307625889778137
601f6a2231a2904b79df1671	Phillips	6.8	8.0	0.9307625889778137
601f6a2231a2904b79df1671	head	8.0	8.3	0.9307625889778137
601f6a2231a2904b79df1671	screwdriver	8.3	8.9	0.9307625889778137
601f6a2231a2904b79df1671	flat	8.9	9.9	0.9307625889778137
601f6a2231a2904b79df1671	head	9.9	10.3	0.9307625889778137
601f6a2231a2904b79df1671	pliers	14.8	15.8	0.9313007593154907
601f6a2231a2904b79df1671	tweezers	15.8	16.8	0.9313007593154907
601f6a2231a2904b79df1671	Grinch	19.3	20.1	0.8129498958587646
601f6a2231a2904b79df1671	calipers	23.0	24.1	0.8423507809638977
601f6a2231a2904b79df1671	ruler	25.5	26.5	0.6296154856681824
601f6a2231a2904b79df1671	Square	28.4	29.1	0.882941722869873
601f6a2231a2904b79df1671	Plumb	29.1	30.4	0.882941722869873
601f6a2231a2904b79df1671	line	30.4	30.9	0.882941722869873
601f6a2231a2904b79df1671	measuring	30.9	32.6	0.882941722869873
601f6a2231a2904b79df1671	tape	32.6	33.0	0.882941722869873
601f6a2231a2904b79df1671	level	35.7	36.7	0.9587389826774597
601f6a2231a2904b79df1671	nail	40.2	40.9	0.9834753274917603
601f6a2231a2904b79df1671	gun	40.9	41.2	0.9834753274917603
601f6a2231a2904b79df1671	staple	41.2	41.9	0.9834753274917603
601f6a2231a2904b79df1671	gun	41.9	42.3	0.9834753274917603
601f6a2231a2904b79df1671	reciprocating	51.2	52.4	0.9876290559768677
601f6a2231a2904b79df1671	saw	52.4	52.7	0.9876290559768677
601f6a2231a2904b79df1671	hacksaw	54.1	55.0	0.9703180193901062
601f6a2231a2904b79df1671	Northville	59.8	60.6	0.4913820624351501
601f6a2231a2904b79df1671	saw	60.6	61.0	0.4913820624351501
601f6a2231a2904b79df1671	sandpaper	66.5	67.5	0.850021243095398
601f6a2231a2904b79df1671	skill	91.2	92.1	0.8185770511627197
601f6a2231a2904b79df1671	saw	92.1	92.3	0.8185770511627197
601f6a2231a2904b79df1671	table	93.5	94.2	0.9194303750991821
601f6a2231a2904b79df1671	saw	94.2	94.4	0.9194303750991821
601f6a2231a2904b79df1671	tongue	115.7	116.6	0.319284200668335
654108d38225e168af4b1fa0	screwdriver	2.6	3.8	0.9887167811393738
654108d38225e168af4b1fa0	hammer	3.8	5.4	0.9887167811393738
654108d38225e168af4b1fa0	measuring	6.5	7.2	0.9876290559768677
654108d38225e168af4b1fa0	tape	7.2	7.8	0.9876290559768677
654108d38225e168af4b1fa0	wrench	10.1	10.9	0.8662086129188538
654108d38225e168af4b1fa0	nails	15.3	16.2	1.0
654108d38225e168af4b1fa0	drill	18.6	19.4	0.9876290559768677
654108d38225e168af4b1fa0	ruler	30.2	31.0	0.9876290559768677
654108d38225e168af4b1fa0	saw	44.3	44.9	0.980061411857605
654108d38225e168af4b1fa0	hangers	65.3	66.2	0.942935585975647
654108d38225e168af4b1fa0	pliers	74.3	75.5	0.868141770362854
654108d38225e168af4b1fa0	hook	94.8	95.4	0.9551714658737183
654108d38225e168af4b1fa0	flamethrower	103.1	104.3	0.9515548348426819
5f5aa60bef062519ff711fe6	shallow	2.2	4.0	0.7874440550804138
5f5aa60bef062519ff711fe6	rake	6.1	6.7	0.851030707359314
5f5aa60bef062519ff711fe6	lawn	11.5	12.1	0.9876290559768677
5f5aa60bef062519ff711fe6	mower	12.1	12.4	0.9876290559768677
5f5aa60bef062519ff711fe6	weed	12.4	13.5	0.9876290559768677
5f5aa60bef062519ff711fe6	wacker	13.5	13.7	0.9876290559768677
5f5aa60bef062519ff711fe6	lower	16.0	16.6	0.8544448614120483
5f5aa60bef062519ff711fe6	broom	22.2	22.9	0.857509195804596
5f5aa60bef062519ff711fe6	screwdriver	24.8	26.0	0.9172032475471497
5f5aa60bef062519ff711fe6	French	27.4	28.0	0.7674674391746521
5f5aa60bef062519ff711fe6	scissors	30.5	31.4	0.8461757302284241
5f5aa60bef062519ff711fe6	nice	33.6	34.6	0.4936406314373016
5f5aa60bef062519ff711fe6	thongs	34.6	35.8	0.4936406314373016
5f5aa60bef062519ff711fe6	clutch	40.8	41.4	0.8454396724700928
5f5aa60bef062519ff711fe6	blade	41.4	41.7	0.8454396724700928
5f5aa60bef062519ff711fe6	hammer	54.1	54.8	0.9167379140853882
5f5aa60bef062519ff711fe6	mallet	57.2	57.9	0.7910910248756409
5f5aa60bef062519ff711fe6	pickaxe	65.9	66.9	0.9532512426376343
5f5aa60bef062519ff711fe6	axe	66.9	68.1	0.9532512426376343
5f5aa60bef062519ff711fe6	trimmer	97.8	98.5	0.6452584862709045
5f5aa60bef062519ff711fe6	Clippers	101.9	102.7	0.9258533120155334
5f5aa60bef062519ff711fe6	sword	115.5	116.5	0.9154905080795288
5f5aa60bef062519ff711fe6	Club	118.3	119.0	0.9308254718780518
65e358d9c5e3ee026268b2a7	Hammer	1.1	4.9	0.9807599186897278
65e358d9c5e3ee026268b2a7	screwdriver	4.9	6.1	0.9807599186897278
65e358d9c5e3ee026268b2a7	wrench	6.1	8.0	0.9807599186897278
65e358d9c5e3ee026268b2a7	allen	8.0	9.0	0.9807599186897278
65e358d9c5e3ee026268b2a7	wrench	9.0	9.7	0.9807599186897278
65e358d9c5e3ee026268b2a7	tile	12.3	12.9	0.9876290559768677
65e358d9c5e3ee026268b2a7	saw	12.9	13.2	0.9876290559768677
65e358d9c5e3ee026268b2a7	drill	17.4	19.1	0.8968991637229919
65e358d9c5e3ee026268b2a7	regular	19.1	20.9	0.8968991637229919
65e358d9c5e3ee026268b2a7	saw	20.9	21.2	0.8968991637229919
65e358d9c5e3ee026268b2a7	Allen	21.2	23.1	0.8968991637229919
65e358d9c5e3ee026268b2a7	wrenches	23.1	23.4	0.8968991637229919
65e358d9c5e3ee026268b2a7	or	23.4	23.6	0.8968991637229919
65e358d9c5e3ee026268b2a7	Allen	23.6	24.0	0.8968991637229919
65e358d9c5e3ee026268b2a7	keys	24.0	24.8	0.8968991637229919
65e358d9c5e3ee026268b2a7	a	27.0	27.3	0.6901267170906067
65e358d9c5e3ee026268b2a7	mallet	27.3	28.0	0.6901267170906067
65e358d9c5e3ee026268b2a7	knacks	28.0	29.8	0.6901267170906067
65e358d9c5e3ee026268b2a7	tape	34.2	34.9	0.9031313061714172
65e358d9c5e3ee026268b2a7	measure	34.9	35.5	0.9031313061714172
65e358d9c5e3ee026268b2a7	that's	35.5	36.2	0.9031313061714172
65e358d9c5e3ee026268b2a7	a	36.2	36.4	0.9031313061714172
65e358d9c5e3ee026268b2a7	tool	36.4	36.8	0.9031313061714172
65e358d9c5e3ee026268b2a7	Flyers	38.1	39.6	0.7323304414749146
65e358d9c5e3ee026268b2a7	a table saw	49.7	53.0	0.7203742861747742
65e358d9c5e3ee026268b2a7	nail	53.0	55.3	0.7203742861747742
65e358d9c5e3ee026268b2a7	gun	55.3	56.5	0.7203742861747742
65e358d9c5e3ee026268b2a7	a hand	60.2	62.3	0.9613709449768066
65e358d9c5e3ee026268b2a7	sander	62.3	62.9	0.9613709449768066
65e358d9c5e3ee026268b2a7	a level	89.7	90.8	0.8892327547073364
65e358d9c5e3ee026268b2a7	IQ	92.8	94.9	0.8961200714111328
65e358d9c5e3ee026268b2a7	teletie	94.9	95.4	0.8961200714111328
65e358d9c5e3ee026268b2a7	knife	95.4	95.9	0.8961200714111328
65c25cf77dca9d7ca7d9ebdb	cameras	1.4	2.6	0.7636669278144836
65c25cf77dca9d7ca7d9ebdb	all	2.6	3.2	0.7636669278144836
65c25cf77dca9d7ca7d9ebdb	sizzle	3.2	4.5	0.7636669278144836
65c25cf77dca9d7ca7d9ebdb	Coronavirus	6.1	8.0	0.4931327402591705
65c25cf77dca9d7ca7d9ebdb	ax	10.1	12.2	0.4128126502037048
65c25cf77dca9d7ca7d9ebdb	axel	13.2	14.3	0.4589015543460846
65c25cf77dca9d7ca7d9ebdb	are	15.7	16.6	0.9324395060539246
65c25cf77dca9d7ca7d9ebdb	drill	16.6	17.1	0.9324395060539246
65c25cf77dca9d7ca7d9ebdb	screwdriver	17.1	18.3	0.9324395060539246
65c25cf77dca9d7ca7d9ebdb	Fathead	19.9	20.8	0.2341167032718658
65c25cf77dca9d7ca7d9ebdb	incense	32.8	34.0	0.9679746031761169
65c25cf77dca9d7ca7d9ebdb	Cincinnati	36.4	37.4	0.8383035063743591
65c25cf77dca9d7ca7d9ebdb	meter	41.5	42.3	0.891984760761261
65c25cf77dca9d7ca7d9ebdb	stick	42.3	42.7	0.891984760761261
65c25cf77dca9d7ca7d9ebdb	yard	42.7	43.7	0.891984760761261
65c25cf77dca9d7ca7d9ebdb	stick	43.7	44.2	0.891984760761261
65c25cf77dca9d7ca7d9ebdb	nail	48.8	49.5	0.9629663228988647
65c25cf77dca9d7ca7d9ebdb	gun	49.5	49.9	0.9629663228988647
65c25cf77dca9d7ca7d9ebdb	V	89.7	90.4	0.8923296928405762
65b15afd94153c1f50c92493	wrench	1.8	2.6	0.481663316488266
65b15afd94153c1f50c92493	screwdriver	4.2	5.1	0.9200451374053955
65b15afd94153c1f50c92493	Amer	19.4	20.9	0.5599955320358276
65b15afd94153c1f50c92493	mallet	22.1	23.0	0.7959045171737671
65b15afd94153c1f50c92493	drill	24.3	25.0	0.8883208632469177
65b15afd94153c1f50c92493	is there	27.1	27.8	0.9814743399620056
65b15afd94153c1f50c92493	a	27.8	27.9	0.9814743399620056
65b15afd94153c1f50c92493	ax	29.6	30.4	0.3055683374404907
65b15afd94153c1f50c92493	so	32.0	32.5	0.6215620040893555
65b15afd94153c1f50c92493	alley	35.3	35.8	0.525493860244751
65b15afd94153c1f50c92493	key	35.8	36.2	0.525493860244751
65b15afd94153c1f50c92493	tape	39.3	39.9	0.9698024988174438
65b15afd94153c1f50c92493	measure	39.9	40.5	0.9698024988174438
65b15afd94153c1f50c92493	cape	41.8	42.4	0.8856985569000244
65b15afd94153c1f50c92493	fires	44.2	45.3	0.418854683637619
65b15afd94153c1f50c92493	chisel	46.5	47.3	0.3588767349720001
65b15afd94153c1f50c92493	clamps	49.1	50.1	0.7895915508270264
65b15afd94153c1f50c92493	file	51.8	52.5	0.2679249346256256
65b15afd94153c1f50c92493	orc	59.0	59.6	0.2894856035709381
65b15afd94153c1f50c92493	pocket	61.0	61.5	0.9190672636032104
65b15afd94153c1f50c92493	knife	61.5	61.9	0.9190672636032104
65b15afd94153c1f50c92493	Torx	65.5	66.6	0.607833981513977
65b15afd94153c1f50c92493	screw	66.6	67.0	0.607833981513977
65b15afd94153c1f50c92493	bolt	67.0	68.3	0.607833981513977
65b15afd94153c1f50c92493	nut	68.3	69.1	0.607833981513977
65b15afd94153c1f50c92493	saw	73.0	75.2	0.6138091683387756
65b15afd94153c1f50c92493	ice cream	76.9	77.7	0.5246248841285706
65b15afd94153c1f50c92493	song	77.7	78.1	0.5246248841285706
65b15afd94153c1f50c92493	ladder	81.2	81.9	0.8208353519439697
65b15afd94153c1f50c92493	paintbrush	96.4	97.5	0.4156852960586548
65b15afd94153c1f50c92493	paint	99.3	99.9	0.8886130452156067
65b15afd94153c1f50c92493	roller	99.9	100.2	0.8886130452156067
65b15afd94153c1f50c92493	utility	102.4	103.3	0.9876290559768677
65b15afd94153c1f50c92493	knife	103.3	103.4	0.9876290559768677
65b15afd94153c1f50c92493	leveler	106.4	107.2	0.9121038317680359
65b15afd94153c1f50c92493	nail	117.7	118.3	0.963017463684082
65b15afd94153c1f50c92493	gun	118.3	118.9	0.963017463684082
63619eb02e5bd8f4f7bd138a	screwdriver	1.4	2.5	0.9661684036254883
63619eb02e5bd8f4f7bd138a	hammer	2.5	3.1	0.9661684036254883
63619eb02e5bd8f4f7bd138a	drill	5.4	6.1	0.7826904654502869
63619eb02e5bd8f4f7bd138a	level	8.4	9.1	0.9787819385528564
63619eb02e5bd8f4f7bd138a	tape	9.1	10.1	0.9787819385528564
63619eb02e5bd8f4f7bd138a	measure	10.1	10.5	0.9787819385528564
63619eb02e5bd8f4f7bd138a	pliers	17.0	19.6	0.8869016766548157
63619eb02e5bd8f4f7bd138a	car	32.1	32.7	0.8874605894088745
63619eb02e5bd8f4f7bd138a	jack	32.7	33.1	0.8874605894088745
63619eb02e5bd8f4f7bd138a	tire	69.8	70.4	0.987675666809082
63619eb02e5bd8f4f7bd138a	iron	70.4	70.7	0.987675666809082
63619eb02e5bd8f4f7bd138a	French	105.1	106.1	0.5872821807861328
5d7ff4aa50fda7001a863736	a	4.3	4.6	0.9755368232727051
5d7ff4aa50fda7001a863736	hammer	4.6	5.2	0.9755368232727051
5d7ff4aa50fda7001a863736	screwdriver	5.2	6.0	0.9755368232727051
5d7ff4aa50fda7001a863736	drill	8.9	10.7	0.8752504587173462
5d7ff4aa50fda7001a863736	saw	10.7	12.0	0.8752504587173462
5d7ff4aa50fda7001a863736	chainsaw	13.6	14.3	0.7493735551834106
5d7ff4aa50fda7001a863736	ax	21.4	22.1	0.579530656337738
5d7ff4aa50fda7001a863736	car	36.9	37.3	0.5187281966209412
5d7ff4aa50fda7001a863736	tires	37.3	37.8	0.5187281966209412
5d7ff4aa50fda7001a863736	nails	43.0	44.1	0.9734808802604675
5d7ff4aa50fda7001a863736	French	62.7	63.5	0.9304031729698181
5d7ff4aa50fda7001a863736	Kroger	93.0	94.1	0.6497539281845093
65cc19b4b3d48a22dfc6756d	screwdriver	2.0	3.1	0.4613612592220306
65cc19b4b3d48a22dfc6756d	French	4.8	5.5	0.8141103982925415
65cc19b4b3d48a22dfc6756d	Cameron	17.9	18.7	0.8679341077804565
65cc19b4b3d48a22dfc6756d	Realm	27.5	28.2	0.9324700236320496
65cc19b4b3d48a22dfc6756d	nail	93.7	94.4	0.8920820951461792
65cc19b4b3d48a22dfc6756d	gun	94.4	94.7	0.8920820951461792
65cc19b4b3d48a22dfc6756d	song	99.0	99.5	0.9242420792579651
6554de7d91c1b1bf51104fda	screwdriver	3.0	4.9	1.0
6554de7d91c1b1bf51104fda	hammer	4.9	6.8	1.0
6554de7d91c1b1bf51104fda	drill	8.2	8.9	0.9876290559768677
6554de7d91c1b1bf51104fda	are	11.8	13.1	0.9071769714355469
6554de7d91c1b1bf51104fda	nails	13.1	13.7	0.9071769714355469
6554de7d91c1b1bf51104fda	bolts	13.7	15.2	0.9071769714355469
6554de7d91c1b1bf51104fda	nuts	15.2	16.7	0.9071769714355469
6554de7d91c1b1bf51104fda	ratchet	19.8	20.7	0.9703534245491028
6554de7d91c1b1bf51104fda	tape	20.7	22.2	0.9703534245491028
6554de7d91c1b1bf51104fda	measure	22.2	22.6	0.9703534245491028
6554de7d91c1b1bf51104fda	utility	24.1	25.0	0.9876290559768677
6554de7d91c1b1bf51104fda	torch	26.6	28.4	0.6085246801376343
6554de7d91c1b1bf51104fda	welding	29.9	31.5	0.8506180047988892
6554de7d91c1b1bf51104fda	mask	31.5	31.8	0.8506180047988892
6554de7d91c1b1bf51104fda	vices	35.7	36.8	0.3839985728263855
6554de7d91c1b1bf51104fda	gardening	40.5	42.0	0.9930628538131714
6554de7d91c1b1bf51104fda	tools	42.0	42.3	0.9930628538131714
6554de7d91c1b1bf51104fda	power	46.1	46.6	0.9876290559768677
6554de7d91c1b1bf51104fda	electric	47.8	48.8	0.8920744061470032
6554de7d91c1b1bf51104fda	Hardware	48.8	50.3	0.8920744061470032
6554de7d91c1b1bf51104fda	machines	50.3	52.1	0.8920744061470032
6554de7d91c1b1bf51104fda	ROM	53.6	54.3	0.8612265586853027
6554de7d91c1b1bf51104fda	Toolbox	54.3	55.1	0.8612265586853027
6554de7d91c1b1bf51104fda	Workshop	56.8	57.8	0.9063546657562256
6554de7d91c1b1bf51104fda	Flyers	57.8	58.9	0.9063546657562256
6554de7d91c1b1bf51104fda	equipment	58.9	60.5	0.9063546657562256
6554de7d91c1b1bf51104fda	repair	60.5	62.1	0.9063546657562256
6554de7d91c1b1bf51104fda	fix	62.1	63.1	0.9063546657562256
6554de7d91c1b1bf51104fda	maintenance	63.1	64.6	0.9063546657562256
6554de7d91c1b1bf51104fda	assemble	64.6	65.7	0.9063546657562256
6554de7d91c1b1bf51104fda	disassemble	65.7	67.6	0.9063546657562256
6554de7d91c1b1bf51104fda	rebuild	69.8	70.9	0.9952963590621948
6554de7d91c1b1bf51104fda	structure	70.9	71.6	0.9952963590621948
6554de7d91c1b1bf51104fda	architecture	73.8	74.9	0.9723048210144043
6554de7d91c1b1bf51104fda	polish	76.5	77.3	0.9762163162231445
6554de7d91c1b1bf51104fda	Plumbing	79.8	80.6	0.9611368775367737
6554de7d91c1b1bf51104fda	demolish	82.0	82.9	0.9764268398284912
6554de7d91c1b1bf51104fda	Automotive	84.2	85.3	0.8770601749420166
6554de7d91c1b1bf51104fda	house	85.3	86.8	0.8770601749420166
6554de7d91c1b1bf51104fda	craft	88.5	90.1	0.5137149691581726
6554de7d91c1b1bf51104fda	specialized	91.3	92.4	0.8476492166519165
6554de7d91c1b1bf51104fda	heavy	96.2	96.8	0.8052427768707275
6554de7d91c1b1bf51104fda	duty	96.8	96.9	0.8052427768707275
6554de7d91c1b1bf51104fda	carry	102.6	103.3	0.788838267326355
6554de7d91c1b1bf51104fda	portable	103.3	104.4	0.788838267326355
6554de7d91c1b1bf51104fda	30	110.9	111.7	0.8776142597198486
6554de7d91c1b1bf51104fda	socket	113.3	115.0	0.5431777238845825
65d54b3b524fcafb543d1b23	hammer	1.2	3.9	0.8832489252090454
65d54b3b524fcafb543d1b23	wrench	3.9	5.2	0.8832489252090454
65d54b3b524fcafb543d1b23	pipe	8.0	8.5	0.9451744556427002
65d54b3b524fcafb543d1b23	Henry	17.3	18.8	0.7605835199356079
65d54b3b524fcafb543d1b23	Ranch	18.8	19.2	0.7605835199356079
65d54b3b524fcafb543d1b23	screwdriver	20.8	21.8	0.9175102114677429
65d54b3b524fcafb543d1b23	ruler	30.4	31.0	0.9766151309013367
65d54b3b524fcafb543d1b23	scissors	66.5	67.4	0.9445154666900635
65d54b3b524fcafb543d1b23	knife	67.4	68.6	0.9445154666900635
65e1f75ab3efd22e847cfbf0	Phillips	2.5	3.6	0.9594900012016296
65e1f75ab3efd22e847cfbf0	screwdriver	3.6	3.9	0.9594900012016296
65e1f75ab3efd22e847cfbf0	wrench	6.5	7.1	0.9017199277877808
65e1f75ab3efd22e847cfbf0	socket	7.1	8.3	0.9017199277877808
65e1f75ab3efd22e847cfbf0	drill	14.3	15.1	0.9876290559768677
65e1f75ab3efd22e847cfbf0	hammer	17.2	17.9	0.7969344854354858
65e1f75ab3efd22e847cfbf0	axe	17.9	19.5	0.7969344854354858
65e1f75ab3efd22e847cfbf0	try to	93.9	95.0	0.9305295348167419
65e1f75ab3efd22e847cfbf0	think	95.0	95.2	0.9305295348167419
65e1f75ab3efd22e847cfbf0	what else	95.2	95.7	0.9305295348167419
65e1f75ab3efd22e847cfbf0	what else	95.7	96.0	0.9305295348167419
65e1f75ab3efd22e847cfbf0	pliers	98.7	99.7	0.7972465753555298
65e1f75ab3efd22e847cfbf0	the	111.1	111.6	0.9400665760040283
65e1f75ab3efd22e847cfbf0	wrench	111.6	112.0	0.9400665760040283
65e1f75ab3efd22e847cfbf0	socket	112.0	112.4	0.9400665760040283
65e1f75ab3efd22e847cfbf0	already	112.4	112.8	0.9400665760040283
65e1f75ab3efd22e847cfbf0	I literally	117.6	118.3	0.8439990282058716
65e1f75ab3efd22e847cfbf0	can't	118.3	118.5	0.8439990282058716
65e1f75ab3efd22e847cfbf0	think of anything	118.5	119.0	0.8439990282058716
65e1f75ab3efd22e847cfbf0	else is	119.0	119.5	0.8439990282058716
65e1f75ab3efd22e847cfbf0	hot	119.5	119.9	0.8439990282058716
61363ce02e6022a741d63a6e	screwdriver	0.8	2.7	0.891398549079895
61363ce02e6022a741d63a6e	wrench	2.7	3.4	0.891398549079895
61363ce02e6022a741d63a6e	allen	4.4	6.5	0.9807660579681396
61363ce02e6022a741d63a6e	wrench	6.5	6.9	0.9807660579681396
61363ce02e6022a741d63a6e	rocket	11.0	11.9	0.9504216313362122
61363ce02e6022a741d63a6e	rocket	11.9	12.9	0.9504216313362122
61363ce02e6022a741d63a6e	wrench	12.9	13.4	0.9504216313362122
61363ce02e6022a741d63a6e	torque	13.4	14.9	0.9504216313362122
61363ce02e6022a741d63a6e	wrench	14.9	15.4	0.9504216313362122
61363ce02e6022a741d63a6e	toolbox	19.6	20.8	0.9255066514015198
61363ce02e6022a741d63a6e	a	20.8	22.0	0.9255066514015198
61363ce02e6022a741d63a6e	hammer	22.0	22.6	0.9255066514015198
61363ce02e6022a741d63a6e	a knife	24.0	24.9	0.9856386780738831
61363ce02e6022a741d63a6e	utility	24.9	26.2	0.9856386780738831
61363ce02e6022a741d63a6e	knife	26.2	26.5	0.9856386780738831
61363ce02e6022a741d63a6e	box	26.5	26.9	0.9856386780738831
61363ce02e6022a741d63a6e	knife	26.9	27.3	0.9856386780738831
61363ce02e6022a741d63a6e	multimeter	31.6	32.7	0.972669243812561
61363ce02e6022a741d63a6e	a	38.1	38.4	0.9456331133842468
61363ce02e6022a741d63a6e	screw	38.4	38.9	0.9456331133842468
61363ce02e6022a741d63a6e	tape	43.8	44.5	0.7999011278152466
61363ce02e6022a741d63a6e	zip	49.9	50.5	1.0
61363ce02e6022a741d63a6e	ties	50.5	51.1	1.0
61363ce02e6022a741d63a6e	Wall	52.5	53.6	0.785966694355011
61363ce02e6022a741d63a6e	anchor	53.6	54.1	0.785966694355011
61363ce02e6022a741d63a6e	gloves	63.1	63.9	0.8815584778785706
61363ce02e6022a741d63a6e	call	70.0	70.5	0.5603101253509521
61363ce02e6022a741d63a6e	Kings	70.5	71.1	0.5603101253509521
61363ce02e6022a741d63a6e	water	76.0	76.8	0.98164963722229
61363ce02e6022a741d63a6e	hose	76.8	78.1	0.98164963722229
61363ce02e6022a741d63a6e	stapler	86.3	87.4	0.9467871785163879
61363ce02e6022a741d63a6e	staple	87.4	88.0	0.9467871785163879
61363ce02e6022a741d63a6e	gun	88.0	88.5	0.9467871785163879
61363ce02e6022a741d63a6e	a	89.9	91.6	0.8878885507583618
61363ce02e6022a741d63a6e	jackhammer	91.6	92.7	0.8878885507583618
61363ce02e6022a741d63a6e	a	102.5	102.9	0.9531912803649902
61363ce02e6022a741d63a6e	duster	102.9	104.2	0.9531912803649902
61363ce02e6022a741d63a6e	a	105.4	106.2	0.8725126385688782
61363ce02e6022a741d63a6e	brush	106.2	106.8	0.8725126385688782
61363ce02e6022a741d63a6e	a car	114.8	115.6	0.9625794291496277
61363ce02e6022a741d63a6e	jack	115.6	116.2	0.9625794291496277
6081806ab383aa89f6c61940	a	1.2	2.7	0.9631261229515076
6081806ab383aa89f6c61940	wrench	2.7	4.1	0.9631261229515076
6081806ab383aa89f6c61940	screwdriver	4.1	6.0	0.9631261229515076
6081806ab383aa89f6c61940	bolt	9.9	10.6	0.9218729734420776
6081806ab383aa89f6c61940	cutter	10.6	10.9	0.9218729734420776
6081806ab383aa89f6c61940	saw	13.4	15.0	0.9517216682434082
6081806ab383aa89f6c61940	flat-head	25.7	26.6	0.9557900428771973
6081806ab383aa89f6c61940	screwdriver	26.6	26.7	0.9557900428771973
6081806ab383aa89f6c61940	crowbar	31.6	32.4	0.7854549288749695
6081806ab383aa89f6c61940	socket	37.6	39.2	0.8757575154304504
6081806ab383aa89f6c61940	measuring	40.9	41.5	0.9876290559768677
6081806ab383aa89f6c61940	tape	41.5	42.0	0.9876290559768677
6081806ab383aa89f6c61940	level	42.9	43.7	0.9775739908218384
6081806ab383aa89f6c61940	fire	54.9	55.6	0.9146385192871094
6081806ab383aa89f6c61940	drill	55.6	56.6	0.9146385192871094
6081806ab383aa89f6c61940	chainsaw	63.4	64.4	0.88723224401474
6081806ab383aa89f6c61940	flashlight	67.6	68.6	0.9240620136260986
6081806ab383aa89f6c61940	nail	105.0	105.8	0.985278844833374
6081806ab383aa89f6c61940	screw	105.8	106.9	0.985278844833374
6081806ab383aa89f6c61940	Bolt	106.9	108.4	0.985278844833374
6081806ab383aa89f6c61940	age	116.8	117.6	0.4579741954803467
