SID,entry
5ed9311e1a69d449577bb8cf,pads
5ed9311e1a69d449577bb8cf,toilet paper
5ed9311e1a69d449577bb8cf,paper towels
5ed9311e1a69d449577bb8cf,paper goods
5ed9311e1a69d449577bb8cf,pads
6595e3b4dc9090390e4edb5f,paper goods
6595e3b4dc9090390e4edb5f,napkins
6595e3b4dc9090390e4edb5f,utensils
6595e3b4dc9090390e4edb5f,shampoo
6595e3b4dc9090390e4edb5f,conditioner
6595e3b4dc9090390e4edb5f,deodorant
6595e3b4dc9090390e4edb5f,toothpaste
6595e3b4dc9090390e4edb5f,body wash
6595e3b4dc9090390e4edb5f,toilet paper
6595e3b4dc9090390e4edb5f,tampons
6595e3b4dc9090390e4edb5f,diapers
6595e3b4dc9090390e4edb5f,diapers
6595e3b4dc9090390e4edb5f,hand sanitizer
6595e3b4dc9090390e4edb5f,candles
6595e3b4dc9090390e4edb5f,diapers
6595e3b4dc9090390e4edb5f,hand soap
6595e3b4dc9090390e4edb5f,trash bags
6595e3b4dc9090390e4edb5f,ziplock bags
5f6c102b6ec04317fc9a8127,sponges
5f6c102b6ec04317fc9a8127,pads
5f6c102b6ec04317fc9a8127,toothpaste
5f6c102b6ec04317fc9a8127,shampoo
5f6c102b6ec04317fc9a8127,deodorant
5f6c102b6ec04317fc9a8127,toilet paper
5f6c102b6ec04317fc9a8127,paper towels
5f6c102b6ec04317fc9a8127,tissues
5f6c102b6ec04317fc9a8127,napkins
5f6c102b6ec04317fc9a8127,hand soap
5f6c102b6ec04317fc9a8127,hand sanitizer
5f6c102b6ec04317fc9a8127,baby food
5f6c102b6ec04317fc9a8127,pads
5f6c102b6ec04317fc9a8127,candles
5c1942e200849900010afdcd,bandages
5c1942e200849900010afdcd,ziplock bags
5c1942e200849900010afdcd,utensils
5c1942e200849900010afdcd,sponges
5c1942e200849900010afdcd,tissues
5c1942e200849900010afdcd,diapers
5c1942e200849900010afdcd,toilet paper
5c1942e200849900010afdcd,pads
5c1942e200849900010afdcd,pads
5c1942e200849900010afdcd,plasticware
5c1942e200849900010afdcd,candles
5c1942e200849900010afdcd,candles
5c1942e200849900010afdcd,tissues
5e8a76b3939b3072dc76fb5c,batteries
5e8a76b3939b3072dc76fb5c,coolers
5e8a76b3939b3072dc76fb5c,coolers
5e8a76b3939b3072dc76fb5c,tampons
5e8a76b3939b3072dc76fb5c,bandages
5e8a76b3939b3072dc76fb5c,sponges
5e8a76b3939b3072dc76fb5c,pads
65512e3cc12f463bc327b7c3,toothpaste
65512e3cc12f463bc327b7c3,toilet paper
65512e3cc12f463bc327b7c3,pet supplies
65512e3cc12f463bc327b7c3,hand soap
65512e3cc12f463bc327b7c3,diapers
65512e3cc12f463bc327b7c3,stationery
60fcf1a04c245326d05076e0,bandages
60fcf1a04c245326d05076e0,sponges
65778c02cde55736bb830eca,diapers
65778c02cde55736bb830eca,tampons
65778c02cde55736bb830eca,pads
65778c02cde55736bb830eca,utensils
65778c02cde55736bb830eca,baby powder
65778c02cde55736bb830eca,sponges
65778c02cde55736bb830eca,hand soap
65778c02cde55736bb830eca,sponges
5d3cc9010e510a00013df6f6,toilet paper
5d3cc9010e510a00013df6f6,paper towels
5d3cc9010e510a00013df6f6,apparel
5d3cc9010e510a00013df6f6,electronics
5d3cc9010e510a00013df6f6,shampoo
5d3cc9010e510a00013df6f6,conditioner
5d3cc9010e510a00013df6f6,hand soap
5d3cc9010e510a00013df6f6,bath towels
5d3cc9010e510a00013df6f6,office supplies
5e7fefe06c12706d47e35211,paper towels
5e7fefe06c12706d47e35211,toilet paper
5e7fefe06c12706d47e35211,baby food
5e7fefe06c12706d47e35211,vitamins
5e7fefe06c12706d47e35211,tampons
5e7fefe06c12706d47e35211,pads
5e7fefe06c12706d47e35211,allergy medications
5e7fefe06c12706d47e35211,body wash
5e7fefe06c12706d47e35211,shampoo
5e7fefe06c12706d47e35211,conditioner
5e7fefe06c12706d47e35211,baby lotion
5e7fefe06c12706d47e35211,hand soap
5e7fefe06c12706d47e35211,plasticware
5e7fefe06c12706d47e35211,toothbrushes
5e7fefe06c12706d47e35211,toothpaste
5e7fefe06c12706d47e35211,mouthwash
5e7fefe06c12706d47e35211,sunscreen
61035836646fb6ee2152f950,trash bags
61035836646fb6ee2152f950,paper towels
61035836646fb6ee2152f950,pads
61035836646fb6ee2152f950,deodorant
61035836646fb6ee2152f950,toothpaste
61035836646fb6ee2152f950,toothbrushes
61035836646fb6ee2152f950,mouthwash
60da4f9aa1ced7efeecca18a,toilet paper
60da4f9aa1ced7efeecca18a,paper towels
60da4f9aa1ced7efeecca18a,napkins
60da4f9aa1ced7efeecca18a,toothpaste
60da4f9aa1ced7efeecca18a,shampoo
60da4f9aa1ced7efeecca18a,conditioner
60da4f9aa1ced7efeecca18a,toothbrushes
60da4f9aa1ced7efeecca18a,mouthwash
60da4f9aa1ced7efeecca18a,diapers
60da4f9aa1ced7efeecca18a,baby food
60da4f9aa1ced7efeecca18a,hand soap
60da4f9aa1ced7efeecca18a,body wash
5c4a428161c51f0001e96b3f,plasticware
5c4a428161c51f0001e96b3f,plasticware
5c4a428161c51f0001e96b3f,bug spray
5c4a428161c51f0001e96b3f,candles
5c4a428161c51f0001e96b3f,cleaning supplies
5c4a428161c51f0001e96b3f,diapers
5c4a428161c51f0001e96b3f,school supplies
5c4a428161c51f0001e96b3f,office supplies
5c4a428161c51f0001e96b3f,car seats
5c4a428161c51f0001e96b3f,batteries
5c4a428161c51f0001e96b3f,shoes
5c4a428161c51f0001e96b3f,toothpaste
5c4a428161c51f0001e96b3f,toothpaste
5c4a428161c51f0001e96b3f,toothbrushes
5c4a428161c51f0001e96b3f,cleaning supplies
5fc6df58f380620a09116434,disposable plates
5fc6df58f380620a09116434,napkins
5fc6df58f380620a09116434,utensils
5fc6df58f380620a09116434,plasticware
5fc6df58f380620a09116434,shoes
5fc6df58f380620a09116434,candles
5fc6df58f380620a09116434,shoes
5fc6df58f380620a09116434,sponges
5fc6df58f380620a09116434,pads
5fc6df58f380620a09116434,toothbrushes
5fc6df58f380620a09116434,toothpaste
5fc6df58f380620a09116434,pads
5fc6df58f380620a09116434,tampons
5fc6df58f380620a09116434,hand sanitizer
5fc6df58f380620a09116434,baby lotion
5fc6df58f380620a09116434,shampoo
5fc6df58f380620a09116434,conditioner
