SID,entry
65c10fdabd93bdc59f95835b,hutch
65c10fdabd93bdc59f95835b,table
65c10fdabd93bdc59f95835b,table
65c10fdabd93bdc59f95835b,table
65c10fdabd93bdc59f95835b,chair
65c10fdabd93bdc59f95835b,bed
65c10fdabd93bdc59f95835b,dresser
65c10fdabd93bdc59f95835b,chair
65c10fdabd93bdc59f95835b,tv cabinet
65c10fdabd93bdc59f95835b,vanity
65c10fdabd93bdc59f95835b,ottoman
65c10fdabd93bdc59f95835b,pouffe
65c10fdabd93bdc59f95835b,table
65c10fdabd93bdc59f95835b,chest
65c10fdabd93bdc59f95835b,bed
65c10fdabd93bdc59f95835b,bed
65c10fdabd93bdc59f95835b,bed
65cc2139907d390e13480a97,hutch
65cc2139907d390e13480a97,table
65cc2139907d390e13480a97,pouffe
65cc2139907d390e13480a97,table
65cc2139907d390e13480a97,desk
65cc2139907d390e13480a97,bed
65cc2139907d390e13480a97,dresser
65cc2139907d390e13480a97,loveseat
65cc2139907d390e13480a97,bookshelf
65cc2139907d390e13480a97,nightstand
65cc2139907d390e13480a97,chair
65cc2139907d390e13480a97,chair
5c1942e200849900010afdcd,table
5c1942e200849900010afdcd,desk
5c1942e200849900010afdcd,armoire
5c1942e200849900010afdcd,sofa
5c1942e200849900010afdcd,hutch
5c1942e200849900010afdcd,chair
5c1942e200849900010afdcd,stool
5c1942e200849900010afdcd,bar stool
5c1942e200849900010afdcd,hammock
5c1942e200849900010afdcd,tv cabinet
65f3d5016e5acb0fd67df6ee,hassock
65f3d5016e5acb0fd67df6ee,ottoman
65f3d5016e5acb0fd67df6ee,table
65f3d5016e5acb0fd67df6ee,pouffe
65f3d5016e5acb0fd67df6ee,table
5c4a428161c51f0001e96b3f,chest
5c4a428161c51f0001e96b3f,bed
5c4a428161c51f0001e96b3f,loveseat
5c4a428161c51f0001e96b3f,glider
5c4a428161c51f0001e96b3f,nightstand
5c4a428161c51f0001e96b3f,pouffe
5c4a428161c51f0001e96b3f,chair
5c4a428161c51f0001e96b3f,pouffe
5c4a428161c51f0001e96b3f,table
5c4a428161c51f0001e96b3f,vanity
5c4a428161c51f0001e96b3f,table
5c4a428161c51f0001e96b3f,pouffe
5c4a428161c51f0001e96b3f,table
5c4a428161c51f0001e96b3f,table
5c4a428161c51f0001e96b3f,bench
5c4a428161c51f0001e96b3f,chair
5c4a428161c51f0001e96b3f,chair
5c4a428161c51f0001e96b3f,chair
5c4a428161c51f0001e96b3f,poof
5c4a428161c51f0001e96b3f,chair
5c4a428161c51f0001e96b3f,chair
5c4a428161c51f0001e96b3f,bunk bed
5c4a428161c51f0001e96b3f,bed
5c4a428161c51f0001e96b3f,desk
5c4a428161c51f0001e96b3f,pouffe
5c4a428161c51f0001e96b3f,desk
5c4a428161c51f0001e96b3f,chest
65ef726771fe85fd222416d1,chest
65ef726771fe85fd222416d1,sectional sofa
65ef726771fe85fd222416d1,table
65ef726771fe85fd222416d1,chair
65ef726771fe85fd222416d1,table
65ef726771fe85fd222416d1,pouffe
65ef726771fe85fd222416d1,table
65ef726771fe85fd222416d1,bed
65ef726771fe85fd222416d1,headboard
65ef726771fe85fd222416d1,dresser
65ef726771fe85fd222416d1,deck chair
65ef726771fe85fd222416d1,stool
65cbcaaab9e2fae86452af73,hutch
65cbcaaab9e2fae86452af73,bed
65cbcaaab9e2fae86452af73,chair
65cbcaaab9e2fae86452af73,table
65cbcaaab9e2fae86452af73,dresser
65cbcaaab9e2fae86452af73,ottoman
65cbcaaab9e2fae86452af73,desk
65cbcaaab9e2fae86452af73,bed
65cbcaaab9e2fae86452af73,table
65cbcaaab9e2fae86452af73,bench
65cbcaaab9e2fae86452af73,bed
65d6af2397543519d98f2498,hutch
65d6af2397543519d98f2498,sofa
65d6af2397543519d98f2498,bed
65d6af2397543519d98f2498,chair
65d6af2397543519d98f2498,pouffe
65d6af2397543519d98f2498,table
65d6af2397543519d98f2498,tv cabinet
65d6af2397543519d98f2498,dresser
65d6af2397543519d98f2498,credenza
65d6af2397543519d98f2498,stool
65d6af2397543519d98f2498,bench
65d6af2397543519d98f2498,futon
65d6af2397543519d98f2498,hammock
65d6af2397543519d98f2498,desk
65d6af2397543519d98f2498,nightstand
65d6af2397543519d98f2498,bookcase
65d6af2397543519d98f2498,chest
5e8a76b3939b3072dc76fb5c,chest
5e8a76b3939b3072dc76fb5c,sofa
5e8a76b3939b3072dc76fb5c,tv cabinet
5e8a76b3939b3072dc76fb5c,desk
5e8a76b3939b3072dc76fb5c,table
5e8a76b3939b3072dc76fb5c,server
6595e3b4dc9090390e4edb5f,sofa
6595e3b4dc9090390e4edb5f,loveseat
6595e3b4dc9090390e4edb5f,armchair
6595e3b4dc9090390e4edb5f,ottoman
6595e3b4dc9090390e4edb5f,pouffe
6595e3b4dc9090390e4edb5f,table
6595e3b4dc9090390e4edb5f,table
6595e3b4dc9090390e4edb5f,tv stand
6595e3b4dc9090390e4edb5f,chest
6595e3b4dc9090390e4edb5f,table
6595e3b4dc9090390e4edb5f,vanity
6595e3b4dc9090390e4edb5f,table
6595e3b4dc9090390e4edb5f,chair
6595e3b4dc9090390e4edb5f,wardrobe
6595e3b4dc9090390e4edb5f,wine bar
6595e3b4dc9090390e4edb5f,bookshelf
6595e3b4dc9090390e4edb5f,headboard
6595e3b4dc9090390e4edb5f,footstool
6595e3b4dc9090390e4edb5f,bench
6595e3b4dc9090390e4edb5f,table
6595e3b4dc9090390e4edb5f,stool
6595e3b4dc9090390e4edb5f,wine bar
65512e3cc12f463bc327b7c3,hutch
65512e3cc12f463bc327b7c3,chair
65512e3cc12f463bc327b7c3,table
65512e3cc12f463bc327b7c3,chair
65512e3cc12f463bc327b7c3,futon
65512e3cc12f463bc327b7c3,dresser
65512e3cc12f463bc327b7c3,bed
65512e3cc12f463bc327b7c3,table
65512e3cc12f463bc327b7c3,ottoman
65512e3cc12f463bc327b7c3,chest
65512e3cc12f463bc327b7c3,nightstand
65512e3cc12f463bc327b7c3,recliner
65512e3cc12f463bc327b7c3,wardrobe
65512e3cc12f463bc327b7c3,bed
65512e3cc12f463bc327b7c3,chair
65512e3cc12f463bc327b7c3,bunk bed
65512e3cc12f463bc327b7c3,bed
5fc6df58f380620a09116434,desk
5fc6df58f380620a09116434,chair
5fc6df58f380620a09116434,bed
5fc6df58f380620a09116434,table
5fc6df58f380620a09116434,tv cabinet
5fc6df58f380620a09116434,dresser
5fc6df58f380620a09116434,dresser
5fc6df58f380620a09116434,bookshelf
5fc6df58f380620a09116434,bookshelf
5fc6df58f380620a09116434,nightstand
5fc6df58f380620a09116434,ottoman
5fc6df58f380620a09116434,hutch
5fc6df58f380620a09116434,loveseat
5fc6df58f380620a09116434,bar stool
5fc6df58f380620a09116434,recliner
5fc6df58f380620a09116434,chair
5fc6df58f380620a09116434,sofa
5fc6df58f380620a09116434,chest
5fc6df58f380620a09116434,glider
5fc6df58f380620a09116434,table
5fc6df58f380620a09116434,bench
5fc6df58f380620a09116434,bench
5fc6df58f380620a09116434,table
5fc6df58f380620a09116434,table
5fc6df58f380620a09116434,chair
65cb586172a8853f26cc8eec,chair
65cb586172a8853f26cc8eec,hutch
65cb586172a8853f26cc8eec,table
65cb586172a8853f26cc8eec,bed
65cb586172a8853f26cc8eec,table
65cb586172a8853f26cc8eec,bed
65cb586172a8853f26cc8eec,chest
65778c02cde55736bb830eca,pouffe
65778c02cde55736bb830eca,chair
65778c02cde55736bb830eca,stool
65778c02cde55736bb830eca,table
65778c02cde55736bb830eca,pouffe
65778c02cde55736bb830eca,table
65778c02cde55736bb830eca,dresser
65778c02cde55736bb830eca,bookcase
65778c02cde55736bb830eca,chair
65778c02cde55736bb830eca,chair
65778c02cde55736bb830eca,table
65778c02cde55736bb830eca,hutch
65778c02cde55736bb830eca,recliner
65778c02cde55736bb830eca,bed
65778c02cde55736bb830eca,sofa
65778c02cde55736bb830eca,counter stool
65778c02cde55736bb830eca,nightstand
65778c02cde55736bb830eca,table
65d26dcd13d9c8026aa92c4a,chair
65d26dcd13d9c8026aa92c4a,table
65d26dcd13d9c8026aa92c4a,dresser
65d26dcd13d9c8026aa92c4a,counter stool
65d26dcd13d9c8026aa92c4a,sofa
65d26dcd13d9c8026aa92c4a,dresser
65d26dcd13d9c8026aa92c4a,server
65d26dcd13d9c8026aa92c4a,bed
65d26dcd13d9c8026aa92c4a,nightstand
65d26dcd13d9c8026aa92c4a,bed
65d26dcd13d9c8026aa92c4a,table
65d26dcd13d9c8026aa92c4a,chest
65d26dcd13d9c8026aa92c4a,loveseat
65d26dcd13d9c8026aa92c4a,futon
65d26dcd13d9c8026aa92c4a,ottoman
65d26dcd13d9c8026aa92c4a,pouffe
65d26dcd13d9c8026aa92c4a,table
65d26dcd13d9c8026aa92c4a,tv cabinet
65c18079d4f634d2c8a0728c,chair
65c18079d4f634d2c8a0728c,sofa
65c18079d4f634d2c8a0728c,bed
65c18079d4f634d2c8a0728c,table
65c18079d4f634d2c8a0728c,table
65c18079d4f634d2c8a0728c,credenza
65c18079d4f634d2c8a0728c,bench
65c18079d4f634d2c8a0728c,tv cabinet
65c18079d4f634d2c8a0728c,ottoman
5f6c102b6ec04317fc9a8127,chair
5f6c102b6ec04317fc9a8127,table
5f6c102b6ec04317fc9a8127,desk
5f6c102b6ec04317fc9a8127,server
5f6c102b6ec04317fc9a8127,stool
5f6c102b6ec04317fc9a8127,chest
5f6c102b6ec04317fc9a8127,chest
5f6c102b6ec04317fc9a8127,nightstand
5f6c102b6ec04317fc9a8127,recliner
5f6c102b6ec04317fc9a8127,stool
5f6c102b6ec04317fc9a8127,loveseat
5f6c102b6ec04317fc9a8127,bench
5f6c102b6ec04317fc9a8127,pouffe
5f6c102b6ec04317fc9a8127,table
5e7fefe06c12706d47e35211,sofa
5e7fefe06c12706d47e35211,hutch
5e7fefe06c12706d47e35211,loveseat
5e7fefe06c12706d47e35211,table
5e7fefe06c12706d47e35211,chair
5e7fefe06c12706d47e35211,desk
5e7fefe06c12706d47e35211,pouffe
5e7fefe06c12706d47e35211,chair
5e7fefe06c12706d47e35211,dresser
5e7fefe06c12706d47e35211,nightstand
5e7fefe06c12706d47e35211,loveseat
5e7fefe06c12706d47e35211,server
5e7fefe06c12706d47e35211,ottoman
5e7fefe06c12706d47e35211,pouffe
5e7fefe06c12706d47e35211,table
5e7fefe06c12706d47e35211,chest
5e7fefe06c12706d47e35211,tv cabinet
60fcf1a04c245326d05076e0,bed
60fcf1a04c245326d05076e0,nightstand
60fcf1a04c245326d05076e0,dresser
60fcf1a04c245326d05076e0,hutch
60fcf1a04c245326d05076e0,table
60fcf1a04c245326d05076e0,loveseat
60fcf1a04c245326d05076e0,sofa
60fcf1a04c245326d05076e0,table
60fcf1a04c245326d05076e0,bed
60fcf1a04c245326d05076e0,table
60fcf1a04c245326d05076e0,ottoman
60fcf1a04c245326d05076e0,pouffe
60fcf1a04c245326d05076e0,table
60fcf1a04c245326d05076e0,desk
60fcf1a04c245326d05076e0,wardrobe
60fcf1a04c245326d05076e0,bookshelf
60fcf1a04c245326d05076e0,bench
60fcf1a04c245326d05076e0,chair
60fcf1a04c245326d05076e0,high chair
60fcf1a04c245326d05076e0,bar stool
60fcf1a04c245326d05076e0,table
60fcf1a04c245326d05076e0,footstool
61035836646fb6ee2152f950,sofa
61035836646fb6ee2152f950,hutch
61035836646fb6ee2152f950,futon
61035836646fb6ee2152f950,bench
61035836646fb6ee2152f950,loveseat
61035836646fb6ee2152f950,desk
61035836646fb6ee2152f950,credenza
61035836646fb6ee2152f950,pouffe
61035836646fb6ee2152f950,table
61035836646fb6ee2152f950,recliner
61035836646fb6ee2152f950,bed
61035836646fb6ee2152f950,bed
61035836646fb6ee2152f950,nightstand
61035836646fb6ee2152f950,table
61035836646fb6ee2152f950,bar stool
61035836646fb6ee2152f950,dresser
61035836646fb6ee2152f950,chest
65f1ec7ae5a09035345db62e,table
65f1ec7ae5a09035345db62e,chair
65f1ec7ae5a09035345db62e,bookcase
65f1ec7ae5a09035345db62e,hutch
65f1ec7ae5a09035345db62e,loveseat
65f1ec7ae5a09035345db62e,recliner
65f1ec7ae5a09035345db62e,chair
65f1ec7ae5a09035345db62e,bed
65f1ec7ae5a09035345db62e,dresser
65f1ec7ae5a09035345db62e,table
65f1ec7ae5a09035345db62e,settee
65f1ec7ae5a09035345db62e,table
65f1ec7ae5a09035345db62e,tuffet
65f1ec7ae5a09035345db62e,chair
65f1ec7ae5a09035345db62e,bench
65f1ec7ae5a09035345db62e,chair
65f1ec7ae5a09035345db62e,armoire
65f1ec7ae5a09035345db62e,table
65f1ec7ae5a09035345db62e,loveseat
65f1ec7ae5a09035345db62e,high chair
65f1ec7ae5a09035345db62e,chair
65f1ec7ae5a09035345db62e,recliner
65f1ec7ae5a09035345db62e,chair
65f1ec7ae5a09035345db62e,chair
65f36565fe88b95d6806e496,chair
65f36565fe88b95d6806e496,hutch
65f36565fe88b95d6806e496,sofa
65f36565fe88b95d6806e496,table
65f36565fe88b95d6806e496,tv cabinet
65f36565fe88b95d6806e496,bed
65f36565fe88b95d6806e496,stool
612e6569f68929afb886fb5c,chair
612e6569f68929afb886fb5c,desk
612e6569f68929afb886fb5c,dresser
612e6569f68929afb886fb5c,bed
612e6569f68929afb886fb5c,hutch
612e6569f68929afb886fb5c,sofa
612e6569f68929afb886fb5c,loveseat
612e6569f68929afb886fb5c,tv stand
612e6569f68929afb886fb5c,table
612e6569f68929afb886fb5c,daybed
612e6569f68929afb886fb5c,ottoman
612e6569f68929afb886fb5c,table
612e6569f68929afb886fb5c,bookshelf
612e6569f68929afb886fb5c,bookcase
612e6569f68929afb886fb5c,daybed
612e6569f68929afb886fb5c,bunk bed
612e6569f68929afb886fb5c,bed
612e6569f68929afb886fb5c,recliner
612e6569f68929afb886fb5c,chair
612e6569f68929afb886fb5c,stool
612e6569f68929afb886fb5c,stool
612e6569f68929afb886fb5c,wine bar
612e6569f68929afb886fb5c,table
65eeceee847314e8232923c9,pouffe
65eeceee847314e8232923c9,table
65eeceee847314e8232923c9,pouffe
65eeceee847314e8232923c9,table
5ed9311e1a69d449577bb8cf,desk
5ed9311e1a69d449577bb8cf,tv stand
5ed9311e1a69d449577bb8cf,hutch
5ed9311e1a69d449577bb8cf,sofa
5ed9311e1a69d449577bb8cf,hutch
5ed9311e1a69d449577bb8cf,settee
5ed9311e1a69d449577bb8cf,chair
5ed9311e1a69d449577bb8cf,stool
5ed9311e1a69d449577bb8cf,table
5ed9311e1a69d449577bb8cf,table
5ed9311e1a69d449577bb8cf,chair
5ed9311e1a69d449577bb8cf,chair
5ed9311e1a69d449577bb8cf,chair
5d3cc9010e510a00013df6f6,chest
5d3cc9010e510a00013df6f6,pouffe
5d3cc9010e510a00013df6f6,table
5d3cc9010e510a00013df6f6,loveseat
5d3cc9010e510a00013df6f6,recliner
5d3cc9010e510a00013df6f6,nightstand
5d3cc9010e510a00013df6f6,table
5d3cc9010e510a00013df6f6,dresser
5d3cc9010e510a00013df6f6,tv stand
5d3cc9010e510a00013df6f6,chair
65e63b7fc845c96c2c2520bc,chair
65e63b7fc845c96c2c2520bc,table
65e63b7fc845c96c2c2520bc,desk
65e63b7fc845c96c2c2520bc,ottoman
65e63b7fc845c96c2c2520bc,sofa
65e63b7fc845c96c2c2520bc,armoire
65e63b7fc845c96c2c2520bc,dresser
65e63b7fc845c96c2c2520bc,chest
65e63b7fc845c96c2c2520bc,recliner
65e63b7fc845c96c2c2520bc,stool
65e63b7fc845c96c2c2520bc,bench
65e63b7fc845c96c2c2520bc,chair
65e63b7fc845c96c2c2520bc,stool
65e63b7fc845c96c2c2520bc,bench
65e63b7fc845c96c2c2520bc,loveseat
65e63b7fc845c96c2c2520bc,bunk bed
65e63b7fc845c96c2c2520bc,futon
65e63b7fc845c96c2c2520bc,hammock
65e63b7fc845c96c2c2520bc,chest
65e63b7fc845c96c2c2520bc,table
65e63b7fc845c96c2c2520bc,divan
65e63b7fc845c96c2c2520bc,desk
65e63b7fc845c96c2c2520bc,desk
65e63b7fc845c96c2c2520bc,bed
65e63b7fc845c96c2c2520bc,table
65e63b7fc845c96c2c2520bc,table
65e63b7fc845c96c2c2520bc,table
65e63b7fc845c96c2c2520bc,tv stand
65e63b7fc845c96c2c2520bc,bench
65e63b7fc845c96c2c2520bc,tv cabinet
65e63b7fc845c96c2c2520bc,vanity
60da4f9aa1ced7efeecca18a,desk
60da4f9aa1ced7efeecca18a,table
60da4f9aa1ced7efeecca18a,bed
60da4f9aa1ced7efeecca18a,hutch
60da4f9aa1ced7efeecca18a,bench
60da4f9aa1ced7efeecca18a,pouffe
60da4f9aa1ced7efeecca18a,chair
60da4f9aa1ced7efeecca18a,chair
60da4f9aa1ced7efeecca18a,table
60da4f9aa1ced7efeecca18a,loveseat
60da4f9aa1ced7efeecca18a,tv stand
60da4f9aa1ced7efeecca18a,desk
60da4f9aa1ced7efeecca18a,tv cabinet
60da4f9aa1ced7efeecca18a,loveseat
60da4f9aa1ced7efeecca18a,dresser
60da4f9aa1ced7efeecca18a,tv stand
60da4f9aa1ced7efeecca18a,bed
60da4f9aa1ced7efeecca18a,futon
