SID,entry,timepoint
61035836646fb6ee2152f950,rose,6.8
61035836646fb6ee2152f950,iris,8.3
61035836646fb6ee2152f950,tulip,9.5
61035836646fb6ee2152f950,peony,13.3
61035836646fb6ee2152f950,daffodil,21.2
61035836646fb6ee2152f950,sunflower,22.1
61035836646fb6ee2152f950,asters,30.9
61035836646fb6ee2152f950,petunia,49.2
61035836646fb6ee2152f950,baby's breath,81.9
61035836646fb6ee2152f950,lavender,114.5
5e8a76b3939b3072dc76fb5c,daisy,1.5
5e8a76b3939b3072dc76fb5c,iris,2.9
5e8a76b3939b3072dc76fb5c,tulip,3.9
5e8a76b3939b3072dc76fb5c,sunflower,7.0
5e8a76b3939b3072dc76fb5c,catmint,16.0
5e8a76b3939b3072dc76fb5c,rose,28.4
5e8a76b3939b3072dc76fb5c,violet,32.7
5e8a76b3939b3072dc76fb5c,clover,57.2
5c1942e200849900010afdcd,rose,1.1
5c1942e200849900010afdcd,violet,2.7
5c1942e200849900010afdcd,sunflower,3.6
5c1942e200849900010afdcd,daffodil,4.9
5c1942e200849900010afdcd,tiger lily,5.6
5c1942e200849900010afdcd,water lily,6.5
5c1942e200849900010afdcd,blanket flower,12.3
5c1942e200849900010afdcd,morning glory,18.9
5c1942e200849900010afdcd,canna lily,21.8
5c1942e200849900010afdcd,tulip,39.4
5c1942e200849900010afdcd,chrysanthemum,51.1
5c1942e200849900010afdcd,magnolia,67.4
5c4a428161c51f0001e96b3f,iris,1.9
5c4a428161c51f0001e96b3f,tulip,2.5
5c4a428161c51f0001e96b3f,rose,4.4
5c4a428161c51f0001e96b3f,lavender,17.0
5c4a428161c51f0001e96b3f,sunflower,18.9
5c4a428161c51f0001e96b3f,bluebell,57.1
5c4a428161c51f0001e96b3f,windflower,66.6
5c4a428161c51f0001e96b3f,daffodil,77.0
60fcf1a04c245326d05076e0,daffodil,0.7
60fcf1a04c245326d05076e0,daisy,2.6
60fcf1a04c245326d05076e0,sunflower,3.6
60fcf1a04c245326d05076e0,rose,14.2
60fcf1a04c245326d05076e0,lily,15.2
60fcf1a04c245326d05076e0,chrysanthemum,27.3
60fcf1a04c245326d05076e0,water lily,39.9
60fcf1a04c245326d05076e0,baby's breath,71.3
60fcf1a04c245326d05076e0,bluebell,76.0
60fcf1a04c245326d05076e0,daffodil,93.0
60fcf1a04c245326d05076e0,lavender,111.9
5e7fefe06c12706d47e35211,lily,2.0
5e7fefe06c12706d47e35211,daisy,3.3
5e7fefe06c12706d47e35211,sunflower,5.9
5e7fefe06c12706d47e35211,baby's breath,8.8
5e7fefe06c12706d47e35211,magnolia,12.8
5e7fefe06c12706d47e35211,cactus flower,23.9
5e7fefe06c12706d47e35211,rose,25.8
5e7fefe06c12706d47e35211,tulip,27.5
5fc6df58f380620a09116434,daisy,0.8
5fc6df58f380620a09116434,daffodil,1.8
5fc6df58f380620a09116434,rose,2.4
5fc6df58f380620a09116434,peony,3.2
5fc6df58f380620a09116434,aster,4.7
5fc6df58f380620a09116434,azalea,6.1
5fc6df58f380620a09116434,baby's breath,15.0
5fc6df58f380620a09116434,orchid,26.2
5fc6df58f380620a09116434,aster,41.4
5fc6df58f380620a09116434,lavender,71.2
5ed9311e1a69d449577bb8cf,rose,2.8
5ed9311e1a69d449577bb8cf,tulip,7.3
5ed9311e1a69d449577bb8cf,lily,11.6
5ed9311e1a69d449577bb8cf,daffodil,29.6
5ed9311e1a69d449577bb8cf,sunflower,33.3
5ed9311e1a69d449577bb8cf,daisy,40.2
5ed9311e1a69d449577bb8cf,lavender,68.0
60da4f9aa1ced7efeecca18a,dahlia,1.5
60da4f9aa1ced7efeecca18a,chrysanthemum,2.3
60da4f9aa1ced7efeecca18a,rose,5.7
60da4f9aa1ced7efeecca18a,petunia,6.7
60da4f9aa1ced7efeecca18a,marigold,8.0
60da4f9aa1ced7efeecca18a,gardenia,24.5
60da4f9aa1ced7efeecca18a,daisy,49.9
60da4f9aa1ced7efeecca18a,hyacinth,52.1
60da4f9aa1ced7efeecca18a,lily,72.5
60da4f9aa1ced7efeecca18a,peony,99.2
65512e3cc12f463bc327b7c3,rose,0.6
65512e3cc12f463bc327b7c3,carnation,4.9
65512e3cc12f463bc327b7c3,daisy,7.5
65512e3cc12f463bc327b7c3,sunflower,13.5
65512e3cc12f463bc327b7c3,tulip,19.7
65512e3cc12f463bc327b7c3,daffodil,23.6
65512e3cc12f463bc327b7c3,marigold,27.0
65512e3cc12f463bc327b7c3,orchid,38.3
65512e3cc12f463bc327b7c3,lily,43.9
65512e3cc12f463bc327b7c3,azalea,49.8
65512e3cc12f463bc327b7c3,carnation,57.8
65512e3cc12f463bc327b7c3,marigold,60.3
65512e3cc12f463bc327b7c3,violet,64.1
65512e3cc12f463bc327b7c3,petunia,80.4
65512e3cc12f463bc327b7c3,pansy,94.8
65778c02cde55736bb830eca,tulip,1.8
65778c02cde55736bb830eca,poppy,2.9
65778c02cde55736bb830eca,rose,4.8
65778c02cde55736bb830eca,sunflower,9.6
65778c02cde55736bb830eca,black-eyed susan,69.6
65778c02cde55736bb830eca,baby's breath,82.1
65778c02cde55736bb830eca,orchid,113.1
65778c02cde55736bb830eca,daisy,118.3
5f6c102b6ec04317fc9a8127,tulip,2.8
5f6c102b6ec04317fc9a8127,daisy,3.9
5f6c102b6ec04317fc9a8127,rose,7.2
5f6c102b6ec04317fc9a8127,sunflower,9.3
5f6c102b6ec04317fc9a8127,violet,12.4
5f6c102b6ec04317fc9a8127,poppy,21.1
5f6c102b6ec04317fc9a8127,lavender,28.0
5f6c102b6ec04317fc9a8127,daffodil,42.4
5f6c102b6ec04317fc9a8127,orchid,87.0
6595e3b4dc9090390e4edb5f,rose,6.4
6595e3b4dc9090390e4edb5f,asters,7.6
6595e3b4dc9090390e4edb5f,iris,9.6
6595e3b4dc9090390e4edb5f,lavender,13.0
6595e3b4dc9090390e4edb5f,sunflower,15.6
6595e3b4dc9090390e4edb5f,daffodil,18.0
6595e3b4dc9090390e4edb5f,rose,21.5
6595e3b4dc9090390e4edb5f,marigold,22.5
6595e3b4dc9090390e4edb5f,orchid,23.0
6595e3b4dc9090390e4edb5f,viola,26.3
6595e3b4dc9090390e4edb5f,carnation,29.4
6595e3b4dc9090390e4edb5f,tulip,37.3
6595e3b4dc9090390e4edb5f,gardenia,48.9
6595e3b4dc9090390e4edb5f,bluebell,65.0
6595e3b4dc9090390e4edb5f,hydrangea,67.6
6595e3b4dc9090390e4edb5f,poppy,70.2
6595e3b4dc9090390e4edb5f,jasmine,79.0
6595e3b4dc9090390e4edb5f,dahlia,88.2
6595e3b4dc9090390e4edb5f,hibiscus,99.3
6595e3b4dc9090390e4edb5f,forget-me-not,106.6
6595e3b4dc9090390e4edb5f,snowdrop,107.7
5d3cc9010e510a00013df6f6,rose,10.1
5d3cc9010e510a00013df6f6,sunflower,30.0
5d3cc9010e510a00013df6f6,tulip,73.7
5d3cc9010e510a00013df6f6,lily,88.1
5d3cc9010e510a00013df6f6,daisy,95.8
5d3cc9010e510a00013df6f6,chrysanthemum,102.8
