SID,entry
65c25cf77dca9d7ca7d9ebdb,carrots
65c25cf77dca9d7ca7d9ebdb,celery
65c25cf77dca9d7ca7d9ebdb,potatoes
65c25cf77dca9d7ca7d9ebdb,squash
65c25cf77dca9d7ca7d9ebdb,pumpkin
65c25cf77dca9d7ca7d9ebdb,coriander
65c25cf77dca9d7ca7d9ebdb,basil
65c25cf77dca9d7ca7d9ebdb,bean sprouts
65c25cf77dca9d7ca7d9ebdb,bok choy
65c25cf77dca9d7ca7d9ebdb,red.pepper
65c25cf77dca9d7ca7d9ebdb,chile
65c25cf77dca9d7ca7d9ebdb,onions
65c25cf77dca9d7ca7d9ebdb,leaks
65c25cf77dca9d7ca7d9ebdb,radish
65c25cf77dca9d7ca7d9ebdb,asparagus
65c25cf77dca9d7ca7d9ebdb,spanish lettuce
65c25cf77dca9d7ca7d9ebdb,brussel sprouts
65c25cf77dca9d7ca7d9ebdb,cabbage
65c25cf77dca9d7ca7d9ebdb,peas
65c25cf77dca9d7ca7d9ebdb,mushrooms
65c25cf77dca9d7ca7d9ebdb,corn
65c25cf77dca9d7ca7d9ebdb,chives
65c25cf77dca9d7ca7d9ebdb,shallots
5d7ff4aa50fda7001a863736,broccoli
5d7ff4aa50fda7001a863736,are
5d7ff4aa50fda7001a863736,carrots
5d7ff4aa50fda7001a863736,celery
5d7ff4aa50fda7001a863736,cabbage
5d7ff4aa50fda7001a863736,brussel sprouts
5d7ff4aa50fda7001a863736,asparagus
5d7ff4aa50fda7001a863736,peas
5d7ff4aa50fda7001a863736,lettuce
5d7ff4aa50fda7001a863736,cauliflower
5d7ff4aa50fda7001a863736,corn
5d7ff4aa50fda7001a863736,eggplant
5d7ff4aa50fda7001a863736,cucumber
5d7ff4aa50fda7001a863736,potato
5d7ff4aa50fda7001a863736,green beans
5d7ff4aa50fda7001a863736,spinach
5d7ff4aa50fda7001a863736,onion
5d7ff4aa50fda7001a863736,garlic
5d7ff4aa50fda7001a863736,red bell pepper
5d7ff4aa50fda7001a863736,green pepper
5d7ff4aa50fda7001a863736,turnips
65cc19b4b3d48a22dfc6756d,carrots
65cc19b4b3d48a22dfc6756d,celery
65cc19b4b3d48a22dfc6756d,cucumber
65cc19b4b3d48a22dfc6756d,broccoli
65cc19b4b3d48a22dfc6756d,spinach
65cc19b4b3d48a22dfc6756d,lettuce
65cc19b4b3d48a22dfc6756d,cabbage
65cc19b4b3d48a22dfc6756d,brussel sprouts
65cc19b4b3d48a22dfc6756d,corn
65cc19b4b3d48a22dfc6756d,kale
65cc19b4b3d48a22dfc6756d,parsley
65cc19b4b3d48a22dfc6756d,bok choy
65cc19b4b3d48a22dfc6756d,cauliflower
65cc19b4b3d48a22dfc6756d,turnips
65cc19b4b3d48a22dfc6756d,okra
65cc19b4b3d48a22dfc6756d,zucchini
65cc19b4b3d48a22dfc6756d,squash
65cc19b4b3d48a22dfc6756d,pumpkin
65cc19b4b3d48a22dfc6756d,peas
65cc19b4b3d48a22dfc6756d,green beans
65cc19b4b3d48a22dfc6756d,watercress
63ea4ab1ce4168cbe9f63775,broccoli
63ea4ab1ce4168cbe9f63775,spinach
63ea4ab1ce4168cbe9f63775,kale
63ea4ab1ce4168cbe9f63775,romaine lettuce
63ea4ab1ce4168cbe9f63775,iceberg lettuce
63ea4ab1ce4168cbe9f63775,cabbage
63ea4ab1ce4168cbe9f63775,eggplant
63ea4ab1ce4168cbe9f63775,zucchini
63ea4ab1ce4168cbe9f63775,green bell pepper
63ea4ab1ce4168cbe9f63775,red bell pepper
63ea4ab1ce4168cbe9f63775,white onion
63ea4ab1ce4168cbe9f63775,yellow onion
63ea4ab1ce4168cbe9f63775,red onion
63ea4ab1ce4168cbe9f63775,spanish onion
63ea4ab1ce4168cbe9f63775,carrot
63ea4ab1ce4168cbe9f63775,celery
63ea4ab1ce4168cbe9f63775,potato
63ea4ab1ce4168cbe9f63775,ginger root
63ea4ab1ce4168cbe9f63775,peas
63ea4ab1ce4168cbe9f63775,cauliflower
63ea4ab1ce4168cbe9f63775,corn
63ea4ab1ce4168cbe9f63775,asparagus
63ea4ab1ce4168cbe9f63775,green beans
63ea4ab1ce4168cbe9f63775,artichoke
65e358d9c5e3ee026268b2a7,carrots
65e358d9c5e3ee026268b2a7,green beans
65e358d9c5e3ee026268b2a7,celery
65e358d9c5e3ee026268b2a7,potatoes
65e358d9c5e3ee026268b2a7,lettuce
65e358d9c5e3ee026268b2a7,corn
65e358d9c5e3ee026268b2a7,avocados
65e358d9c5e3ee026268b2a7,peppers
65e358d9c5e3ee026268b2a7,bell peppers
65e358d9c5e3ee026268b2a7,chili peppers
65e358d9c5e3ee026268b2a7,radishes
65e358d9c5e3ee026268b2a7,onions
65e358d9c5e3ee026268b2a7,eggplant
65e358d9c5e3ee026268b2a7,broccoli
65e358d9c5e3ee026268b2a7,beats
65e358d9c5e3ee026268b2a7,cauliflower
65e358d9c5e3ee026268b2a7,sweet potato
65e358d9c5e3ee026268b2a7,mushrooms
65e358d9c5e3ee026268b2a7,spinach
65e358d9c5e3ee026268b2a7,kale
65e358d9c5e3ee026268b2a7,mixed greens
65e358d9c5e3ee026268b2a7,asparagus
65e358d9c5e3ee026268b2a7,green onion
5f5aa60bef062519ff711fe6,cucumber
5f5aa60bef062519ff711fe6,carrots
5f5aa60bef062519ff711fe6,broccoli
5f5aa60bef062519ff711fe6,potatoes
5f5aa60bef062519ff711fe6,brussel sprouts
5f5aa60bef062519ff711fe6,asparagus
5f5aa60bef062519ff711fe6,bok choy
5f5aa60bef062519ff711fe6,lettuce
5f5aa60bef062519ff711fe6,cauliflower
5f5aa60bef062519ff711fe6,green beans
65b15afd94153c1f50c92493,tomato
65b15afd94153c1f50c92493,potato
65b15afd94153c1f50c92493,parsnip
65b15afd94153c1f50c92493,eggplant
65b15afd94153c1f50c92493,artichoke
65b15afd94153c1f50c92493,cauliflower
65b15afd94153c1f50c92493,cabbage
65b15afd94153c1f50c92493,asparagus
65b15afd94153c1f50c92493,bell peppers
65b15afd94153c1f50c92493,kale
65b15afd94153c1f50c92493,onion
65b15afd94153c1f50c92493,sweet potato
65b15afd94153c1f50c92493,brussel sprouts
65b15afd94153c1f50c92493,carrot
65b15afd94153c1f50c92493,beet
65b15afd94153c1f50c92493,spinach
65b15afd94153c1f50c92493,pea
65b15afd94153c1f50c92493,lettuce
65b15afd94153c1f50c92493,coriander
65b15afd94153c1f50c92493,zucchini
65b15afd94153c1f50c92493,corn
65b15afd94153c1f50c92493,pumpkin
65b15afd94153c1f50c92493,squash
65b15afd94153c1f50c92493,beans
65b15afd94153c1f50c92493,bell
65b15afd94153c1f50c92493,chilli
65b15afd94153c1f50c92493,radish
65b15afd94153c1f50c92493,parsley
65b15afd94153c1f50c92493,mushroom
60d731567049e5132e3cc4d4,carrots
60d731567049e5132e3cc4d4,broccoli
60d731567049e5132e3cc4d4,cauliflower
60d731567049e5132e3cc4d4,cucumber
60d731567049e5132e3cc4d4,zucchini
60d731567049e5132e3cc4d4,acorn squash
60d731567049e5132e3cc4d4,spaghetti squash
60d731567049e5132e3cc4d4,delicata squash
60d731567049e5132e3cc4d4,carrots
60d731567049e5132e3cc4d4,potatoes
60d731567049e5132e3cc4d4,turnips
60d731567049e5132e3cc4d4,kale
60d731567049e5132e3cc4d4,lettuce
60d731567049e5132e3cc4d4,spinach
60d731567049e5132e3cc4d4,arugula
60d731567049e5132e3cc4d4,red onion
60d731567049e5132e3cc4d4,yellow onion
60d731567049e5132e3cc4d4,or white onion
60d731567049e5132e3cc4d4,scallions
60d731567049e5132e3cc4d4,bell pepper
60d731567049e5132e3cc4d4,serrano pepper
60d731567049e5132e3cc4d4,chili pepper
60d731567049e5132e3cc4d4,habanero
60d731567049e5132e3cc4d4,broccolini
60d731567049e5132e3cc4d4,brussel sprouts
60d731567049e5132e3cc4d4,peas
60d731567049e5132e3cc4d4,lima beans
60d731567049e5132e3cc4d4,corn
60d731567049e5132e3cc4d4,water chestnuts
65e862f844f1b7a803bb3c5a,broccoli
65e862f844f1b7a803bb3c5a,cucumber
65e862f844f1b7a803bb3c5a,celery
65e862f844f1b7a803bb3c5a,spring onion
65e862f844f1b7a803bb3c5a,carrots
65e862f844f1b7a803bb3c5a,turnip
65e862f844f1b7a803bb3c5a,capsicum
65e862f844f1b7a803bb3c5a,onion
65e862f844f1b7a803bb3c5a,green peas
65e862f844f1b7a803bb3c5a,cauliflower
65e862f844f1b7a803bb3c5a,cabbage
65e862f844f1b7a803bb3c5a,beetroot
65e862f844f1b7a803bb3c5a,mushroom
65e862f844f1b7a803bb3c5a,spinach
65e862f844f1b7a803bb3c5a,corn
65e862f844f1b7a803bb3c5a,drumstick
65e862f844f1b7a803bb3c5a,zucchini
65e862f844f1b7a803bb3c5a,broad beans 
65e862f844f1b7a803bb3c5a,radish
65e862f844f1b7a803bb3c5a,snake beans
65e862f844f1b7a803bb3c5a,bottle gourd
65e862f844f1b7a803bb3c5a,green papaya.
65e862f844f1b7a803bb3c5a,ivy gourd
65e862f844f1b7a803bb3c5a,snake gourd
65e862f844f1b7a803bb3c5a,garlic
65e862f844f1b7a803bb3c5a,cabbage
65e862f844f1b7a803bb3c5a,cauliflower
65e862f844f1b7a803bb3c5a,carrots
65e862f844f1b7a803bb3c5a,celeriac
65e862f844f1b7a803bb3c5a,spinach
65e862f844f1b7a803bb3c5a,cabbage
65e862f844f1b7a803bb3c5a,lettuce
65e862f844f1b7a803bb3c5a,onion
65e862f844f1b7a803bb3c5a,ginger
65e862f844f1b7a803bb3c5a,potato
65e862f844f1b7a803bb3c5a,pepper
65e862f844f1b7a803bb3c5a,cucumber
65e862f844f1b7a803bb3c5a,pumpkin
65e862f844f1b7a803bb3c5a,kiwi
65e862f844f1b7a803bb3c5a,eggplants
65e862f844f1b7a803bb3c5a,corn
65d54b3b524fcafb543d1b23,carrots
65d54b3b524fcafb543d1b23,cucumbers
65d54b3b524fcafb543d1b23,pickles
65d54b3b524fcafb543d1b23,apple
65d54b3b524fcafb543d1b23,cilantro
65d54b3b524fcafb543d1b23,tomatoes
65d54b3b524fcafb543d1b23,green pepper
65d54b3b524fcafb543d1b23,red pepper
65d54b3b524fcafb543d1b23,yellow pepper
65d54b3b524fcafb543d1b23,bell peppers
65d54b3b524fcafb543d1b23,jalapenos
65d54b3b524fcafb543d1b23,bitter melon
65d54b3b524fcafb543d1b23,potato
65d54b3b524fcafb543d1b23,taro
65d54b3b524fcafb543d1b23,green beans
65d54b3b524fcafb543d1b23,celery
65d54b3b524fcafb543d1b23,spinach
65d54b3b524fcafb543d1b23,cabbage
65d54b3b524fcafb543d1b23,lettuce
65d54b3b524fcafb543d1b23,kale
65d54b3b524fcafb543d1b23,radish
65d54b3b524fcafb543d1b23,turnip
65cb63e160bb47fbf9349269,broccoli
65cb63e160bb47fbf9349269,carrots
65cb63e160bb47fbf9349269,lettuce
65cb63e160bb47fbf9349269,asparagus
65cb63e160bb47fbf9349269,spinach
65cb63e160bb47fbf9349269,kale
65cb63e160bb47fbf9349269,cabbage
65cb63e160bb47fbf9349269,radish
65cb63e160bb47fbf9349269,parsley
65cb63e160bb47fbf9349269,cilantro
65d6a09286a0c99e632a46dd,celery
65d6a09286a0c99e632a46dd,carrots
65d6a09286a0c99e632a46dd,green beans
65d6a09286a0c99e632a46dd,cabbage
65d6a09286a0c99e632a46dd,olives
65d6a09286a0c99e632a46dd,peas
65d6a09286a0c99e632a46dd,potatoes
65d6a09286a0c99e632a46dd,tomatoes
65d6a09286a0c99e632a46dd,cucumbers
65d6a09286a0c99e632a46dd,pumpkins
65d6a09286a0c99e632a46dd,squash
65d6a09286a0c99e632a46dd,zucchini
65d6a09286a0c99e632a46dd,peas
65d6a09286a0c99e632a46dd,beats
65d6a09286a0c99e632a46dd,peppers
65d6a09286a0c99e632a46dd,spinach
65d6a09286a0c99e632a46dd,broccoli
65d6a09286a0c99e632a46dd,brussel sprouts
65d6a09286a0c99e632a46dd,eggplant
65d6a09286a0c99e632a46dd,corn
65d6a09286a0c99e632a46dd,asparagus
63e802622f8052bd67d6c5f0,broccoli
63e802622f8052bd67d6c5f0,carrots
63e802622f8052bd67d6c5f0,spinach
63e802622f8052bd67d6c5f0,lettuce
63e802622f8052bd67d6c5f0,tomato
63e802622f8052bd67d6c5f0,cauliflower
63e802622f8052bd67d6c5f0,celery
63e802622f8052bd67d6c5f0,potato
63e802622f8052bd67d6c5f0,onion
63e802622f8052bd67d6c5f0,cucumber
63e802622f8052bd67d6c5f0,pepper
63e802622f8052bd67d6c5f0,olives
63e802622f8052bd67d6c5f0,mushrooms
60a48adfe091e410f4eaba34,tomatoes
60a48adfe091e410f4eaba34,cucumbers
60a48adfe091e410f4eaba34,spinach
60a48adfe091e410f4eaba34,lettuce
60a48adfe091e410f4eaba34,carrots
60a48adfe091e410f4eaba34,romaine
60a48adfe091e410f4eaba34,peas
60a48adfe091e410f4eaba34,corn
60a48adfe091e410f4eaba34,broccoli
60a48adfe091e410f4eaba34,cauliflower
60a48adfe091e410f4eaba34,brussel sprouts
60a48adfe091e410f4eaba34,peas
65e1f75ab3efd22e847cfbf0,cucumber
65e1f75ab3efd22e847cfbf0,broccoli
65e1f75ab3efd22e847cfbf0,cauliflower
65e1f75ab3efd22e847cfbf0,corn
65e1f75ab3efd22e847cfbf0,okra
65e1f75ab3efd22e847cfbf0,green beans
65e1f75ab3efd22e847cfbf0,asparagus
65e1f75ab3efd22e847cfbf0,squash
65e1f75ab3efd22e847cfbf0,eggplant
65e1f75ab3efd22e847cfbf0,broccoli
65e1f75ab3efd22e847cfbf0,brussel sprouts
65e1f75ab3efd22e847cfbf0,peas
65e1f75ab3efd22e847cfbf0,carrots
