SID,entry
65c25cf77dca9d7ca7d9ebdb,toe
65c25cf77dca9d7ca7d9ebdb,fingertip
65c25cf77dca9d7ca7d9ebdb,wrist
65c25cf77dca9d7ca7d9ebdb,wrist
65c25cf77dca9d7ca7d9ebdb,forearm
65c25cf77dca9d7ca7d9ebdb,biceps
65c25cf77dca9d7ca7d9ebdb,triceps
65c25cf77dca9d7ca7d9ebdb,deltoid
65c25cf77dca9d7ca7d9ebdb,trapezius
65c25cf77dca9d7ca7d9ebdb,uterus
65c25cf77dca9d7ca7d9ebdb,quadriceps
65c25cf77dca9d7ca7d9ebdb,valve
65c25cf77dca9d7ca7d9ebdb,abdomen
65c25cf77dca9d7ca7d9ebdb,neck
65c25cf77dca9d7ca7d9ebdb,ear
65c25cf77dca9d7ca7d9ebdb,eye
65c25cf77dca9d7ca7d9ebdb,nose
65c25cf77dca9d7ca7d9ebdb,face
65c25cf77dca9d7ca7d9ebdb,lens
65c25cf77dca9d7ca7d9ebdb,teeth
65c25cf77dca9d7ca7d9ebdb,tonsil
65c25cf77dca9d7ca7d9ebdb,fingernail
65c25cf77dca9d7ca7d9ebdb,head
65c25cf77dca9d7ca7d9ebdb,mouth
65c25cf77dca9d7ca7d9ebdb,tongue
65c25cf77dca9d7ca7d9ebdb,teeth
65c25cf77dca9d7ca7d9ebdb,knuckle
65c25cf77dca9d7ca7d9ebdb,clavicle
65c25cf77dca9d7ca7d9ebdb,ankle
65c25cf77dca9d7ca7d9ebdb,knee
65c25cf77dca9d7ca7d9ebdb,elbow
65c25cf77dca9d7ca7d9ebdb,hip
65c25cf77dca9d7ca7d9ebdb,pelvis
65c25cf77dca9d7ca7d9ebdb,palm
63ea4ab1ce4168cbe9f63775,head
63ea4ab1ce4168cbe9f63775,scapula
63ea4ab1ce4168cbe9f63775,ear
63ea4ab1ce4168cbe9f63775,eye
63ea4ab1ce4168cbe9f63775,nose
63ea4ab1ce4168cbe9f63775,mouth
63ea4ab1ce4168cbe9f63775,lip
63ea4ab1ce4168cbe9f63775,neck
63ea4ab1ce4168cbe9f63775,trapezius
63ea4ab1ce4168cbe9f63775,shoulder
63ea4ab1ce4168cbe9f63775,biceps
63ea4ab1ce4168cbe9f63775,triceps
63ea4ab1ce4168cbe9f63775,elbow
63ea4ab1ce4168cbe9f63775,forearm
63ea4ab1ce4168cbe9f63775,wrist
63ea4ab1ce4168cbe9f63775,tarsals
63ea4ab1ce4168cbe9f63775,metatarsals
63ea4ab1ce4168cbe9f63775,phalanges
63ea4ab1ce4168cbe9f63775,fingertip
63ea4ab1ce4168cbe9f63775,fingernail
63ea4ab1ce4168cbe9f63775,fingertip
63ea4ab1ce4168cbe9f63775,hand
63ea4ab1ce4168cbe9f63775,armpit
63ea4ab1ce4168cbe9f63775,chest
63ea4ab1ce4168cbe9f63775,sternum
63ea4ab1ce4168cbe9f63775,abdomen
63ea4ab1ce4168cbe9f63775,waist
63ea4ab1ce4168cbe9f63775,belly button
63ea4ab1ce4168cbe9f63775,uterus
63ea4ab1ce4168cbe9f63775,buttock
63ea4ab1ce4168cbe9f63775,thigh
63ea4ab1ce4168cbe9f63775,hamstring
63ea4ab1ce4168cbe9f63775,quadriceps
63ea4ab1ce4168cbe9f63775,knee
63ea4ab1ce4168cbe9f63775,knee
63ea4ab1ce4168cbe9f63775,shin
63ea4ab1ce4168cbe9f63775,calf
63ea4ab1ce4168cbe9f63775,ankle
63ea4ab1ce4168cbe9f63775,toe
63ea4ab1ce4168cbe9f63775,foot
65e1f75ab3efd22e847cfbf0,toe
65e1f75ab3efd22e847cfbf0,nail
65e1f75ab3efd22e847cfbf0,lens
65e1f75ab3efd22e847cfbf0,arm
65e1f75ab3efd22e847cfbf0,thumb
65e1f75ab3efd22e847cfbf0,thigh
65e1f75ab3efd22e847cfbf0,ankle
65e1f75ab3efd22e847cfbf0,stomach
65e1f75ab3efd22e847cfbf0,shoulder
65e1f75ab3efd22e847cfbf0,chest
65e1f75ab3efd22e847cfbf0,back
65e1f75ab3efd22e847cfbf0,neck
65e1f75ab3efd22e847cfbf0,head
65e1f75ab3efd22e847cfbf0,nose
65e1f75ab3efd22e847cfbf0,eye
65e1f75ab3efd22e847cfbf0,teeth
65e1f75ab3efd22e847cfbf0,lip
65e1f75ab3efd22e847cfbf0,ear
65e1f75ab3efd22e847cfbf0,teeth
65e1f75ab3efd22e847cfbf0,bone
65e1f75ab3efd22e847cfbf0,heart
65e1f75ab3efd22e847cfbf0,lungs
65e1f75ab3efd22e847cfbf0,kidney
65e1f75ab3efd22e847cfbf0,intestine
65e1f75ab3efd22e847cfbf0,colon
65e1f75ab3efd22e847cfbf0,brain
65e1f75ab3efd22e847cfbf0,skull
65e1f75ab3efd22e847cfbf0,big toe
65e1f75ab3efd22e847cfbf0,big toe
65e1f75ab3efd22e847cfbf0,shin
65e1f75ab3efd22e847cfbf0,knee
65e1f75ab3efd22e847cfbf0,elbow
65d6a09286a0c99e632a46dd,head
65d6a09286a0c99e632a46dd,eye
65d6a09286a0c99e632a46dd,nose
65d6a09286a0c99e632a46dd,mouth
65d6a09286a0c99e632a46dd,ear
65d6a09286a0c99e632a46dd,face
65d6a09286a0c99e632a46dd,throat
65d6a09286a0c99e632a46dd,neck
65d6a09286a0c99e632a46dd,shoulder
65d6a09286a0c99e632a46dd,triceps
65d6a09286a0c99e632a46dd,biceps
65d6a09286a0c99e632a46dd,forearm
65d6a09286a0c99e632a46dd,hand
65d6a09286a0c99e632a46dd,fingertip
65d6a09286a0c99e632a46dd,fingernail
65d6a09286a0c99e632a46dd,chest
65d6a09286a0c99e632a46dd,ribs
65d6a09286a0c99e632a46dd,hip
65d6a09286a0c99e632a46dd,thigh
65d6a09286a0c99e632a46dd,femur
65d6a09286a0c99e632a46dd,teeth
65d6a09286a0c99e632a46dd,toe
65d6a09286a0c99e632a46dd,spine
65d6a09286a0c99e632a46dd,buttock
65d6a09286a0c99e632a46dd,skull
65d6a09286a0c99e632a46dd,liver
65d6a09286a0c99e632a46dd,bladder
65d6a09286a0c99e632a46dd,valve
65d6a09286a0c99e632a46dd,muscle
60a48adfe091e410f4eaba34,arm
60a48adfe091e410f4eaba34,nose
60a48adfe091e410f4eaba34,face
60a48adfe091e410f4eaba34,eye
60a48adfe091e410f4eaba34,toe
60a48adfe091e410f4eaba34,fingertip
60a48adfe091e410f4eaba34,wrist
60a48adfe091e410f4eaba34,shoulder
60a48adfe091e410f4eaba34,head
60a48adfe091e410f4eaba34,mouth
60a48adfe091e410f4eaba34,foot
60a48adfe091e410f4eaba34,knee
60a48adfe091e410f4eaba34,chest
60a48adfe091e410f4eaba34,thigh
60a48adfe091e410f4eaba34,hip
60a48adfe091e410f4eaba34,back
60a48adfe091e410f4eaba34,neck
60a48adfe091e410f4eaba34,ear
60a48adfe091e410f4eaba34,buttock
60a48adfe091e410f4eaba34,elbow
60a48adfe091e410f4eaba34,buttock
60a48adfe091e410f4eaba34,cheek
65e862f844f1b7a803bb3c5a,head
65e862f844f1b7a803bb3c5a,eye
65e862f844f1b7a803bb3c5a,nose
65e862f844f1b7a803bb3c5a,ear
65e862f844f1b7a803bb3c5a,esophagus
65e862f844f1b7a803bb3c5a,neck
65e862f844f1b7a803bb3c5a,chin
65e862f844f1b7a803bb3c5a,chest
65e862f844f1b7a803bb3c5a,shoulder
65e862f844f1b7a803bb3c5a,waist
65e862f844f1b7a803bb3c5a,stomach
65e862f844f1b7a803bb3c5a,nail
65e862f844f1b7a803bb3c5a,knee
65e862f844f1b7a803bb3c5a,ankle
65e862f844f1b7a803bb3c5a,fingertip
65e862f844f1b7a803bb3c5a,intestine
65e862f844f1b7a803bb3c5a,small intestine
65e862f844f1b7a803bb3c5a,intestine
65e862f844f1b7a803bb3c5a,heart
65e862f844f1b7a803bb3c5a,vein
65e862f844f1b7a803bb3c5a,forehead
65e862f844f1b7a803bb3c5a,thigh
65e862f844f1b7a803bb3c5a,valve
65e862f844f1b7a803bb3c5a,arm
65e862f844f1b7a803bb3c5a,bladder
65e862f844f1b7a803bb3c5a,knuckle
65e862f844f1b7a803bb3c5a,skull
5d7ff4aa50fda7001a863736,arm
5d7ff4aa50fda7001a863736,lens
5d7ff4aa50fda7001a863736,eye
5d7ff4aa50fda7001a863736,hand
5d7ff4aa50fda7001a863736,fingertip
5d7ff4aa50fda7001a863736,toe
5d7ff4aa50fda7001a863736,foot
5d7ff4aa50fda7001a863736,chest
5d7ff4aa50fda7001a863736,back
5d7ff4aa50fda7001a863736,knee
5d7ff4aa50fda7001a863736,elbow
5d7ff4aa50fda7001a863736,neck
5d7ff4aa50fda7001a863736,head
5d7ff4aa50fda7001a863736,shoulder
5d7ff4aa50fda7001a863736,ankle
5d7ff4aa50fda7001a863736,nose
5d7ff4aa50fda7001a863736,lip
5f5aa60bef062519ff711fe6,toe
5f5aa60bef062519ff711fe6,teeth
5f5aa60bef062519ff711fe6,arm
5f5aa60bef062519ff711fe6,lens
5f5aa60bef062519ff711fe6,thigh
5f5aa60bef062519ff711fe6,head
5f5aa60bef062519ff711fe6,shoulder
5f5aa60bef062519ff711fe6,knee
5f5aa60bef062519ff711fe6,elbow
5f5aa60bef062519ff711fe6,buttock
5f5aa60bef062519ff711fe6,stomach
5f5aa60bef062519ff711fe6,chest
5f5aa60bef062519ff711fe6,fingertip
5f5aa60bef062519ff711fe6,ear
5f5aa60bef062519ff711fe6,nose
5f5aa60bef062519ff711fe6,eye
5f5aa60bef062519ff711fe6,cheek
5f5aa60bef062519ff711fe6,heel
5f5aa60bef062519ff711fe6,biceps
5f5aa60bef062519ff711fe6,triceps
5f5aa60bef062519ff711fe6,deltoid
5f5aa60bef062519ff711fe6,quadriceps
5f5aa60bef062519ff711fe6,heart
5f5aa60bef062519ff711fe6,liver
5f5aa60bef062519ff711fe6,lungs
5f5aa60bef062519ff711fe6,small intestine
5f5aa60bef062519ff711fe6,large intestine
5f5aa60bef062519ff711fe6,brain
5f5aa60bef062519ff711fe6,cerebellum
5f5aa60bef062519ff711fe6,gallbladder
5f5aa60bef062519ff711fe6,spleen
5f5aa60bef062519ff711fe6,bladder
5f5aa60bef062519ff711fe6,scapula
5f5aa60bef062519ff711fe6,humerus
5f5aa60bef062519ff711fe6,ulna
5f5aa60bef062519ff711fe6,femur
5f5aa60bef062519ff711fe6,tibia
63e802622f8052bd67d6c5f0,toe
63e802622f8052bd67d6c5f0,skin
63e802622f8052bd67d6c5f0,fingertip
63e802622f8052bd67d6c5f0,fingernail
63e802622f8052bd67d6c5f0,eye
63e802622f8052bd67d6c5f0,eye
63e802622f8052bd67d6c5f0,eyelash
63e802622f8052bd67d6c5f0,face
63e802622f8052bd67d6c5f0,chin
63e802622f8052bd67d6c5f0,mouth
63e802622f8052bd67d6c5f0,teeth
63e802622f8052bd67d6c5f0,hair
63e802622f8052bd67d6c5f0,hip
63e802622f8052bd67d6c5f0,shin
63e802622f8052bd67d6c5f0,shoulder
63e802622f8052bd67d6c5f0,elbow
63e802622f8052bd67d6c5f0,knee
63e802622f8052bd67d6c5f0,ear
63e802622f8052bd67d6c5f0,brain
63e802622f8052bd67d6c5f0,bone
63e802622f8052bd67d6c5f0,knuckle
63e802622f8052bd67d6c5f0,chest
63e802622f8052bd67d6c5f0,buttock
60d731567049e5132e3cc4d4,fingertip
60d731567049e5132e3cc4d4,fingernail
60d731567049e5132e3cc4d4,hand
60d731567049e5132e3cc4d4,palm
60d731567049e5132e3cc4d4,wrist
60d731567049e5132e3cc4d4,forearm
60d731567049e5132e3cc4d4,elbow
60d731567049e5132e3cc4d4,biceps
60d731567049e5132e3cc4d4,shoulder
60d731567049e5132e3cc4d4,chest
60d731567049e5132e3cc4d4,stomach
60d731567049e5132e3cc4d4,belly button
60d731567049e5132e3cc4d4,hip
60d731567049e5132e3cc4d4,ribs
60d731567049e5132e3cc4d4,thigh
60d731567049e5132e3cc4d4,knee
60d731567049e5132e3cc4d4,valve
60d731567049e5132e3cc4d4,ankle
60d731567049e5132e3cc4d4,teeth
60d731567049e5132e3cc4d4,toe
60d731567049e5132e3cc4d4,tonsil
60d731567049e5132e3cc4d4,neck
60d731567049e5132e3cc4d4,spine
60d731567049e5132e3cc4d4,back
60d731567049e5132e3cc4d4,head
60d731567049e5132e3cc4d4,eye
60d731567049e5132e3cc4d4,nose
60d731567049e5132e3cc4d4,ear
60d731567049e5132e3cc4d4,lip
60d731567049e5132e3cc4d4,mouth
60d731567049e5132e3cc4d4,teeth
60d731567049e5132e3cc4d4,tongue
60d731567049e5132e3cc4d4,eyebrow
60d731567049e5132e3cc4d4,hair
60d731567049e5132e3cc4d4,forehead
60d731567049e5132e3cc4d4,cheek
60d731567049e5132e3cc4d4,buttock
60d731567049e5132e3cc4d4,knuckle
60d731567049e5132e3cc4d4,ribs
60d731567049e5132e3cc4d4,esophagus
60d731567049e5132e3cc4d4,stomach
60d731567049e5132e3cc4d4,heart
60d731567049e5132e3cc4d4,lungs
60d731567049e5132e3cc4d4,liver
60d731567049e5132e3cc4d4,pancreas
60d731567049e5132e3cc4d4,gallbladder
60d731567049e5132e3cc4d4,bladder
60d731567049e5132e3cc4d4,vein
60d731567049e5132e3cc4d4,artery
60d731567049e5132e3cc4d4,brain
60d731567049e5132e3cc4d4,nerve
60d731567049e5132e3cc4d4,tonsil
60d731567049e5132e3cc4d4,throat
65d54b3b524fcafb543d1b23,hand
65d54b3b524fcafb543d1b23,fingernail
65d54b3b524fcafb543d1b23,tonsil
65d54b3b524fcafb543d1b23,lens
65d54b3b524fcafb543d1b23,thigh
65d54b3b524fcafb543d1b23,knee
65d54b3b524fcafb543d1b23,head
65d54b3b524fcafb543d1b23,eye
65d54b3b524fcafb543d1b23,nose
65d54b3b524fcafb543d1b23,mouth
65d54b3b524fcafb543d1b23,teeth
65d54b3b524fcafb543d1b23,tongue
65d54b3b524fcafb543d1b23,heart
65d54b3b524fcafb543d1b23,intestine
65d54b3b524fcafb543d1b23,pancreas
65d54b3b524fcafb543d1b23,gallbladder
65d54b3b524fcafb543d1b23,uterus
65d54b3b524fcafb543d1b23,forearm
65d54b3b524fcafb543d1b23,kidney
65d54b3b524fcafb543d1b23,lungs
65d54b3b524fcafb543d1b23,esophagus
65d54b3b524fcafb543d1b23,ear
65d54b3b524fcafb543d1b23,heart
65d54b3b524fcafb543d1b23,stomach
65b15afd94153c1f50c92493,arm
65b15afd94153c1f50c92493,hair
65b15afd94153c1f50c92493,toe
65b15afd94153c1f50c92493,fingertip
65b15afd94153c1f50c92493,nail
65b15afd94153c1f50c92493,teeth
65b15afd94153c1f50c92493,eye
65b15afd94153c1f50c92493,nose
65b15afd94153c1f50c92493,ear
65b15afd94153c1f50c92493,lip
65b15afd94153c1f50c92493,thigh
65b15afd94153c1f50c92493,stomach
65b15afd94153c1f50c92493,bone
65b15afd94153c1f50c92493,skin
65b15afd94153c1f50c92493,tongue
65b15afd94153c1f50c92493,mouth
65b15afd94153c1f50c92493,back
65b15afd94153c1f50c92493,eye
65cb63e160bb47fbf9349269,arm
65cb63e160bb47fbf9349269,lens
65cb63e160bb47fbf9349269,eye
65cb63e160bb47fbf9349269,nose
65cb63e160bb47fbf9349269,mouth
65cb63e160bb47fbf9349269,ear
65cb63e160bb47fbf9349269,cheek
65cb63e160bb47fbf9349269,forehead
65cb63e160bb47fbf9349269,head
65cb63e160bb47fbf9349269,ear
65cb63e160bb47fbf9349269,hair
65cb63e160bb47fbf9349269,spine
65cb63e160bb47fbf9349269,shoulder
65cb63e160bb47fbf9349269,biceps
65cb63e160bb47fbf9349269,elbow
65cb63e160bb47fbf9349269,valve
65cb63e160bb47fbf9349269,forearm
65cb63e160bb47fbf9349269,wrist
65cb63e160bb47fbf9349269,fingertip
65cb63e160bb47fbf9349269,fingernail
65cb63e160bb47fbf9349269,palm
65cb63e160bb47fbf9349269,chest
65cb63e160bb47fbf9349269,stomach
65cb63e160bb47fbf9349269,thigh
65cb63e160bb47fbf9349269,teeth
65cb63e160bb47fbf9349269,toe
65cb63e160bb47fbf9349269,tonsil
65cb63e160bb47fbf9349269,ankle
65cb63e160bb47fbf9349269,knee
65cb63e160bb47fbf9349269,hip
65cb63e160bb47fbf9349269,eyebrow
65cc19b4b3d48a22dfc6756d,head
65cc19b4b3d48a22dfc6756d,neck
65cc19b4b3d48a22dfc6756d,arm
65cc19b4b3d48a22dfc6756d,chest
65cc19b4b3d48a22dfc6756d,wrist
65cc19b4b3d48a22dfc6756d,fingertip
65cc19b4b3d48a22dfc6756d,toe
65cc19b4b3d48a22dfc6756d,lens
65cc19b4b3d48a22dfc6756d,knee
65cc19b4b3d48a22dfc6756d,stomach
65cc19b4b3d48a22dfc6756d,ankle
65cc19b4b3d48a22dfc6756d,heel
65cc19b4b3d48a22dfc6756d,valve
65cc19b4b3d48a22dfc6756d,biceps
65cc19b4b3d48a22dfc6756d,ear
65cc19b4b3d48a22dfc6756d,nose
65cc19b4b3d48a22dfc6756d,eye
65cc19b4b3d48a22dfc6756d,lip
65cc19b4b3d48a22dfc6756d,nail
65cc19b4b3d48a22dfc6756d,knuckle
65cc19b4b3d48a22dfc6756d,knee
65cc19b4b3d48a22dfc6756d,heart
65cc19b4b3d48a22dfc6756d,stomach
65cc19b4b3d48a22dfc6756d,intestine
65cc19b4b3d48a22dfc6756d,brain
65cc19b4b3d48a22dfc6756d,muscle
65cc19b4b3d48a22dfc6756d,tendon
65cc19b4b3d48a22dfc6756d,vein
65cc19b4b3d48a22dfc6756d,lungs
65cc19b4b3d48a22dfc6756d,liver
65cc19b4b3d48a22dfc6756d,spleen
65cc19b4b3d48a22dfc6756d,colon
65cc19b4b3d48a22dfc6756d,nipple
65cc19b4b3d48a22dfc6756d,tongue
65cc19b4b3d48a22dfc6756d,teeth
65e358d9c5e3ee026268b2a7,toe
65e358d9c5e3ee026268b2a7,teeth
65e358d9c5e3ee026268b2a7,heel
65e358d9c5e3ee026268b2a7,shin
65e358d9c5e3ee026268b2a7,valve
65e358d9c5e3ee026268b2a7,knee
65e358d9c5e3ee026268b2a7,thigh
65e358d9c5e3ee026268b2a7,hip
65e358d9c5e3ee026268b2a7,uterus
65e358d9c5e3ee026268b2a7,stomach
65e358d9c5e3ee026268b2a7,neck
65e358d9c5e3ee026268b2a7,shoulder
65e358d9c5e3ee026268b2a7,back
65e358d9c5e3ee026268b2a7,back
65e358d9c5e3ee026268b2a7,arm
65e358d9c5e3ee026268b2a7,elbow
65e358d9c5e3ee026268b2a7,hand
65e358d9c5e3ee026268b2a7,fingertip
65e358d9c5e3ee026268b2a7,thumb
65e358d9c5e3ee026268b2a7,neck
65e358d9c5e3ee026268b2a7,face
65e358d9c5e3ee026268b2a7,eye
65e358d9c5e3ee026268b2a7,mouth
65e358d9c5e3ee026268b2a7,nose
65e358d9c5e3ee026268b2a7,chin
65e358d9c5e3ee026268b2a7,ear
65e358d9c5e3ee026268b2a7,forehead
65e358d9c5e3ee026268b2a7,scapula
65e358d9c5e3ee026268b2a7,cheek
65e358d9c5e3ee026268b2a7,trapezius
65e358d9c5e3ee026268b2a7,rhomboid
65e358d9c5e3ee026268b2a7,tongue
65e358d9c5e3ee026268b2a7,teeth
