SID,entry
610108,thumb
610108,spine
610108,fingertip
610108,fingertip
610108,groin
610108,fingertip
610108,spine
610108,hand
610108,wrist
610108,elbow
610108,forearm
610108,shoulder
610108,neck
610108,toe
610108,foot
610108,knee
610108,nose
610108,eye
610108,ear
610108,mouth
610108,teeth
610108,tongue
610108,lip
610108,head
610108,hair
610108,back
610108,buttock
610108,foot
610108,fingernail
610108,tonsil
610108,eyebrow
610108,eyelash
610108,ear
610108,uterus
610108,ear
610108,chest
610108,cheek
610108,cheek
610108,forehead
610108,arm
610108,stomach
547183,blood
547183,pancreas
547183,arm
547183,valve
547183,wrist
547183,ovary
547183,fingertip
547183,femur
547183,bone
547183,ear
547183,eye
547183,nose
547183,mouth
547183,eyelash
547183,mouth
547183,teeth
547183,tongue
547183,toe
547183,anus
547183,liver
547183,lungs
547183,heart
547183,valve
547183,pancreas
547183,gallbladder
547183,trachea
547183,kidney
898793,artery
898793,spine
898793,hand
898793,wrist
898793,forearm
898793,elbow
898793,forearm
898793,joint
898793,throat
898793,blood
898793,shoulder
898793,head
898793,brain
898793,bone
898793,eye
898793,ear
898793,nose
898793,mouth
898793,cheek
898793,hand
898793,forehead
898793,neck
898793,chest
898793,abdomen
898793,back
898793,hip
898793,knee
898793,valve
898793,vein
898793,hand
898793,toe
898793,eye
898793,ribs
898793,trachea
898793,fingernail
898793,anus
898793,heart
898793,hand
898793,liver
898793,hand
898793,kidney
898793,hand
898793,appendix
898793,testicle
898793,heel
898793,buttock
898793,pore
898793,intestine
898793,uterus
898793,big toe
898793,intestine
898793,intestine
898793,pore
898793,toe
898793,sole
898793,nose
898793,ear
898793,tendon
898793,bone
898793,pore
898793,fingernail
898793,anus
898793,pore
898793,hand
898793,vein
787646,fingertip
787646,hand
787646,elbow
787646,knee
787646,toe
787646,foot
787646,nose
787646,eye
787646,mouth
787646,teeth
787646,ear
787646,neck
787646,abdomen
787646,shoulder
787646,wrist
787646,ankle
787646,thigh
787646,forearm
787646,hair
787646,eyelash
787646,eyebrow
787646,lip
787646,biceps
787646,buttock
787646,abdomen
920371,hand
920371,fingertip
920371,toe
920371,lens
920371,eyelash
920371,arm
920371,skin
920371,ear
920371,nose
920371,skull
920371,lip
920371,thumb
920371,lungs
920371,heart
920371,nipple
920371,stomach
920371,intestine
920371,maxilla
920371,intestine
920371,hand
920371,colon
920371,penis
920371,vagina
920371,kidney
