SID,entry
654108d38225e168af4b1fa0,cancer
654108d38225e168af4b1fa0,arthritis
654108d38225e168af4b1fa0,osteoarthritis
6596a5cad60ef105b6c18897,diabetes
6596a5cad60ef105b6c18897,stroke
6596a5cad60ef105b6c18897,cancer
6596a5cad60ef105b6c18897,gastritis
6596a5cad60ef105b6c18897,migraine
629e241d171ec6698e05f149,arthritis
629e241d171ec6698e05f149,influenza
629e241d171ec6698e05f149,cancer
629e241d171ec6698e05f149,cancer
629e241d171ec6698e05f149,cancer
629e241d171ec6698e05f149,cancer
629e241d171ec6698e05f149,cancer
629e241d171ec6698e05f149,gingivitis
629e241d171ec6698e05f149,anxiety
629e241d171ec6698e05f149,epilepsy
629e241d171ec6698e05f149,osteoporosis
629e241d171ec6698e05f149,alzheimer's
600f9342e7bc5518fa9ca92a,autism
600f9342e7bc5518fa9ca92a,cancer
65d6a09286a0c99e632a46dd,cancer
65d6a09286a0c99e632a46dd,autism
65d6a09286a0c99e632a46dd,diabetes
65d6a09286a0c99e632a46dd,arthritis
65d6a09286a0c99e632a46dd,infertility
65d6a09286a0c99e632a46dd,epilepsy
65c25cf77dca9d7ca7d9ebdb,arthritis
65c25cf77dca9d7ca7d9ebdb,osteoporosis
65c25cf77dca9d7ca7d9ebdb,diabetes
65c25cf77dca9d7ca7d9ebdb,pneumonia
65c25cf77dca9d7ca7d9ebdb,depression
65c25cf77dca9d7ca7d9ebdb,schizophrenia
65b15afd94153c1f50c92493,cancer
65b15afd94153c1f50c92493,diabetes
65b15afd94153c1f50c92493,infertility
65b15afd94153c1f50c92493,asthma
65b15afd94153c1f50c92493,eczema
65b15afd94153c1f50c92493,migraine
65b15afd94153c1f50c92493,scoliosis
65b15afd94153c1f50c92493,stroke
65b15afd94153c1f50c92493,hypertension
65b15afd94153c1f50c92493,acne
61363ce02e6022a741d63a6e,schizophrenia
61363ce02e6022a741d63a6e,parkinson's
61363ce02e6022a741d63a6e,alzheimer's
61363ce02e6022a741d63a6e,diabetes
5885f97f41da4500014d3645,cancer
5885f97f41da4500014d3645,arthritis
5885f97f41da4500014d3645,osteoporosis
5885f97f41da4500014d3645,gingivitis
610c59ee34cc312d7ca55e45,diabetes
610c59ee34cc312d7ca55e45,alzheimer's
610c59ee34cc312d7ca55e45,depression
610c59ee34cc312d7ca55e45,anemia
610c59ee34cc312d7ca55e45,parkinson's
610c59ee34cc312d7ca55e45,autism
610c59ee34cc312d7ca55e45,epilepsy
65cb63e160bb47fbf9349269,diabetes
65cb63e160bb47fbf9349269,anemia
65cb63e160bb47fbf9349269,cancer
65cb63e160bb47fbf9349269,alzheimer's
65cb63e160bb47fbf9349269,migraine
60d731567049e5132e3cc4d4,diabetes
60d731567049e5132e3cc4d4,diabetes
60d731567049e5132e3cc4d4,cancer
60d731567049e5132e3cc4d4,anemia
60d731567049e5132e3cc4d4,asthma
60d731567049e5132e3cc4d4,psoriasis
60d731567049e5132e3cc4d4,eczema
60d731567049e5132e3cc4d4,migraine
60d731567049e5132e3cc4d4,epilepsy
65e862f844f1b7a803bb3c5a,asthma
65e862f844f1b7a803bb3c5a,influenza
65e862f844f1b7a803bb3c5a,tuberculosis
65e862f844f1b7a803bb3c5a,diabetes
65e862f844f1b7a803bb3c5a,cancer
65e862f844f1b7a803bb3c5a,leukemia
65e862f844f1b7a803bb3c5a,arthritis
65e862f844f1b7a803bb3c5a,stroke
65e862f844f1b7a803bb3c5a,epilepsy
65d54b3b524fcafb543d1b23,multiple sclerosis
65d54b3b524fcafb543d1b23,heart disease
65d54b3b524fcafb543d1b23,anxiety
65d54b3b524fcafb543d1b23,depression
65d54b3b524fcafb543d1b23,schizophrenia
65d54b3b524fcafb543d1b23,schizophrenia
5f5aa60bef062519ff711fe6,cancer
5f5aa60bef062519ff711fe6,cancer
5f5aa60bef062519ff711fe6,cancer
5f5aa60bef062519ff711fe6,osteoporosis
5f5aa60bef062519ff711fe6,arthritis
5f5aa60bef062519ff711fe6,parkinson's
5f5aa60bef062519ff711fe6,lymphoma
5f5aa60bef062519ff711fe6,autism
5f5aa60bef062519ff711fe6,anemia
6554de7d91c1b1bf51104fda,cancer
6554de7d91c1b1bf51104fda,epilepsy
6554de7d91c1b1bf51104fda,parkinson's
6554de7d91c1b1bf51104fda,stroke
6554de7d91c1b1bf51104fda,diabetes
6554de7d91c1b1bf51104fda,influenza
6554de7d91c1b1bf51104fda,alzheimer's
6554de7d91c1b1bf51104fda,cancer
6554de7d91c1b1bf51104fda,cancer
6073e0d481953bbd2cd61145,migraine
6073e0d481953bbd2cd61145,autism
656e3caa43f1f7f0615252ff,anemia
656e3caa43f1f7f0615252ff,anxiety
656e3caa43f1f7f0615252ff,depression
656e3caa43f1f7f0615252ff,schizophrenia
656e3caa43f1f7f0615252ff,hemophilia
63e802622f8052bd67d6c5f0,cancer
63e802622f8052bd67d6c5f0,autism
63e802622f8052bd67d6c5f0,diabetes
63e802622f8052bd67d6c5f0,depression
63e802622f8052bd67d6c5f0,anxiety
63e802622f8052bd67d6c5f0,asthma
60a48adfe091e410f4eaba34,diabetes
60a48adfe091e410f4eaba34,alzheimer's
60a48adfe091e410f4eaba34,parkinson's
60a48adfe091e410f4eaba34,depression
60a48adfe091e410f4eaba34,anxiety
60a48adfe091e410f4eaba34,anemia
60a48adfe091e410f4eaba34,obesity
60a48adfe091e410f4eaba34,epilepsy
60a48adfe091e410f4eaba34,cancer
63619eb02e5bd8f4f7bd138a,diabetes
63619eb02e5bd8f4f7bd138a,heart disease
63619eb02e5bd8f4f7bd138a,melanoma
63619eb02e5bd8f4f7bd138a,cancer
63619eb02e5bd8f4f7bd138a,alzheimer's
65e1f75ab3efd22e847cfbf0,diabetes
65e1f75ab3efd22e847cfbf0,cancer
65e1f75ab3efd22e847cfbf0,cancer
65e1f75ab3efd22e847cfbf0,cancer
65e1f75ab3efd22e847cfbf0,schizophrenia
65e1f75ab3efd22e847cfbf0,gastritis
65e1f75ab3efd22e847cfbf0,gastritis
65e1f75ab3efd22e847cfbf0,diverticulitis
65e1f75ab3efd22e847cfbf0,diverticulitis
65e1f75ab3efd22e847cfbf0,gout
65e1f75ab3efd22e847cfbf0,cancer
65e1f75ab3efd22e847cfbf0,gout
65e1f75ab3efd22e847cfbf0,eczema
65e1f75ab3efd22e847cfbf0,leukemia
65e1f75ab3efd22e847cfbf0,lymphoma
65e1f75ab3efd22e847cfbf0,cancer
65e1f75ab3efd22e847cfbf0,endometriosis
65e1f75ab3efd22e847cfbf0,asthma
65e1f75ab3efd22e847cfbf0,cancer
65e1f75ab3efd22e847cfbf0,cancer
65cc19b4b3d48a22dfc6756d,cancer
65cc19b4b3d48a22dfc6756d,endometriosis
65cc19b4b3d48a22dfc6756d,alzheimer's
65cc19b4b3d48a22dfc6756d,pneumonia
65e358d9c5e3ee026268b2a7,hypertension
65e358d9c5e3ee026268b2a7,hypertension
65e358d9c5e3ee026268b2a7,asthma
65e358d9c5e3ee026268b2a7,pneumonia
65e358d9c5e3ee026268b2a7,obesity
65e358d9c5e3ee026268b2a7,diabetes
65e358d9c5e3ee026268b2a7,heart disease
65e358d9c5e3ee026268b2a7,stroke
65e358d9c5e3ee026268b2a7,anemia
65e358d9c5e3ee026268b2a7,cancer
65e358d9c5e3ee026268b2a7,cancer
65e358d9c5e3ee026268b2a7,multiple sclerosis
65e358d9c5e3ee026268b2a7,osteoporosis
65e358d9c5e3ee026268b2a7,arthritis
5d7ff4aa50fda7001a863736,diabetes
5d7ff4aa50fda7001a863736,autism
5d7ff4aa50fda7001a863736,tuberculosis
5d7ff4aa50fda7001a863736,bronchitis
5d7ff4aa50fda7001a863736,anemia
5d7ff4aa50fda7001a863736,depression
5d7ff4aa50fda7001a863736,cancer
5d7ff4aa50fda7001a863736,cancer
5d7ff4aa50fda7001a863736,cancer
5d7ff4aa50fda7001a863736,arthritis
5d7ff4aa50fda7001a863736,acne
5d7ff4aa50fda7001a863736,lymphoma
6001487015e5f62961639e7d,asthma
6001487015e5f62961639e7d,depression
6001487015e5f62961639e7d,stroke
6001487015e5f62961639e7d,diabetes
6001487015e5f62961639e7d,cancer
6001487015e5f62961639e7d,muscular dystrophy
6081806ab383aa89f6c61940,cancer
6081806ab383aa89f6c61940,cancer
6081806ab383aa89f6c61940,cancer
6081806ab383aa89f6c61940,cancer
6081806ab383aa89f6c61940,cancer
6081806ab383aa89f6c61940,cancer
6081806ab383aa89f6c61940,heart disease
6081806ab383aa89f6c61940,obesity
6081806ab383aa89f6c61940,multiple sclerosis
6081806ab383aa89f6c61940,cancer
6081806ab383aa89f6c61940,hypothyroidism
6081806ab383aa89f6c61940,hyperthyroidism
5f1f3581b5cf3e103cc545c9,cancer
5f1f3581b5cf3e103cc545c9,cancer
601f6a2231a2904b79df1671,stroke
601f6a2231a2904b79df1671,cancer
63ea4ab1ce4168cbe9f63775,diabetes
63ea4ab1ce4168cbe9f63775,depression
63ea4ab1ce4168cbe9f63775,hepatitis
