SID,entry
65f36565fe88b95d6806e496,napkins
65f36565fe88b95d6806e496,bug spray
65f36565fe88b95d6806e496,pads
65f36565fe88b95d6806e496,toothbrushes
65f36565fe88b95d6806e496,toothpaste
65f36565fe88b95d6806e496,pads
65f36565fe88b95d6806e496,shoes
65f36565fe88b95d6806e496,shoes
65f36565fe88b95d6806e496,coolers
65f36565fe88b95d6806e496,shoes
65f36565fe88b95d6806e496,utensils
5ed9311e1a69d449577bb8cf,pads
5ed9311e1a69d449577bb8cf,toilet paper
5ed9311e1a69d449577bb8cf,diapers
5ed9311e1a69d449577bb8cf,diapers
5ed9311e1a69d449577bb8cf,pads
5ed9311e1a69d449577bb8cf,diapers
5ed9311e1a69d449577bb8cf,pads
5ed9311e1a69d449577bb8cf,coolers
5ed9311e1a69d449577bb8cf,kitchenware
65f3d5016e5acb0fd67df6ee,candles
65f3d5016e5acb0fd67df6ee,diapers
65f3d5016e5acb0fd67df6ee,pads
65f3d5016e5acb0fd67df6ee,plasticware
65f3d5016e5acb0fd67df6ee,paper towels
6595e3b4dc9090390e4edb5f,utensils
6595e3b4dc9090390e4edb5f,shampoo
6595e3b4dc9090390e4edb5f,conditioner
6595e3b4dc9090390e4edb5f,deodorant
6595e3b4dc9090390e4edb5f,toothpaste
6595e3b4dc9090390e4edb5f,toilet paper
6595e3b4dc9090390e4edb5f,tampons
6595e3b4dc9090390e4edb5f,diapers
6595e3b4dc9090390e4edb5f,diapers
6595e3b4dc9090390e4edb5f,candles
6595e3b4dc9090390e4edb5f,diapers
6595e3b4dc9090390e4edb5f,pads
6595e3b4dc9090390e4edb5f,bandages
6595e3b4dc9090390e4edb5f,bandages
5f6c102b6ec04317fc9a8127,sponges
5f6c102b6ec04317fc9a8127,pads
5f6c102b6ec04317fc9a8127,toothpaste
5f6c102b6ec04317fc9a8127,shampoo
5f6c102b6ec04317fc9a8127,deodorant
5f6c102b6ec04317fc9a8127,toilet paper
5f6c102b6ec04317fc9a8127,diapers
5f6c102b6ec04317fc9a8127,tissues
5f6c102b6ec04317fc9a8127,napkins
5f6c102b6ec04317fc9a8127,pads
5f6c102b6ec04317fc9a8127,candles
65e63b7fc845c96c2c2520bc,sponges
65e63b7fc845c96c2c2520bc,coolers
65e63b7fc845c96c2c2520bc,candles
65e63b7fc845c96c2c2520bc,pads
65e63b7fc845c96c2c2520bc,tissues
65e63b7fc845c96c2c2520bc,toiletries
65e63b7fc845c96c2c2520bc,diapers
65e63b7fc845c96c2c2520bc,napkins
65e63b7fc845c96c2c2520bc,pet supplies
65e63b7fc845c96c2c2520bc,toiletries
65e63b7fc845c96c2c2520bc,car seats
65e63b7fc845c96c2c2520bc,razors
65e63b7fc845c96c2c2520bc,tampons
65e63b7fc845c96c2c2520bc,pads
65e63b7fc845c96c2c2520bc,pads
65e63b7fc845c96c2c2520bc,strollers
65d6af2397543519d98f2498,toilet paper
65d6af2397543519d98f2498,shampoo
65d6af2397543519d98f2498,conditioner
65d6af2397543519d98f2498,pads
65d6af2397543519d98f2498,pads
65d6af2397543519d98f2498,sponges
65d6af2397543519d98f2498,sponges
65d6af2397543519d98f2498,diapers
5c1942e200849900010afdcd,bandages
5c1942e200849900010afdcd,bandages
5c1942e200849900010afdcd,utensils
5c1942e200849900010afdcd,sponges
5c1942e200849900010afdcd,tissues
5c1942e200849900010afdcd,diapers
5c1942e200849900010afdcd,toilet paper
5c1942e200849900010afdcd,pads
5c1942e200849900010afdcd,pads
5c1942e200849900010afdcd,plasticware
5c1942e200849900010afdcd,candles
5c1942e200849900010afdcd,candles
5c1942e200849900010afdcd,pet supplies
5c1942e200849900010afdcd,tissues
5c1942e200849900010afdcd,cookware
5c1942e200849900010afdcd,shoes
5c1942e200849900010afdcd,tampons
5e8a76b3939b3072dc76fb5c,batteries
5e8a76b3939b3072dc76fb5c,coolers
5e8a76b3939b3072dc76fb5c,electronics
5e8a76b3939b3072dc76fb5c,coolers
5e8a76b3939b3072dc76fb5c,candles
5e8a76b3939b3072dc76fb5c,tampons
5e8a76b3939b3072dc76fb5c,bandages
5e8a76b3939b3072dc76fb5c,kitchenware
5e8a76b3939b3072dc76fb5c,pet supplies
5e8a76b3939b3072dc76fb5c,sponges
5e8a76b3939b3072dc76fb5c,pads
65cc2139907d390e13480a97,shampoo
65cc2139907d390e13480a97,conditioner
65cc2139907d390e13480a97,toothpaste
65cc2139907d390e13480a97,toothbrushes
65cc2139907d390e13480a97,pads
65cc2139907d390e13480a97,pads
65cc2139907d390e13480a97,tissues
65cc2139907d390e13480a97,napkins
65cc2139907d390e13480a97,diapers
65cc2139907d390e13480a97,toilet paper
65cc2139907d390e13480a97,utensils
65cc2139907d390e13480a97,diapers
65cc2139907d390e13480a97,batteries
65cbcaaab9e2fae86452af73,bug spray
65cbcaaab9e2fae86452af73,sunscreen
65cbcaaab9e2fae86452af73,shoes
65cbcaaab9e2fae86452af73,sponges
65cbcaaab9e2fae86452af73,candles
65cbcaaab9e2fae86452af73,shoes
65cbcaaab9e2fae86452af73,coolers
65cbcaaab9e2fae86452af73,bandages
65ef726771fe85fd222416d1,shampoo
65ef726771fe85fd222416d1,conditioner
65ef726771fe85fd222416d1,toilet paper
65ef726771fe85fd222416d1,diapers
65ef726771fe85fd222416d1,diapers
65ef726771fe85fd222416d1,pads
65ef726771fe85fd222416d1,diapers
65ef726771fe85fd222416d1,diapers
65ef726771fe85fd222416d1,toothpaste
65ef726771fe85fd222416d1,toothbrushes
65ef726771fe85fd222416d1,mouthwash
65ef726771fe85fd222416d1,deodorant
65ef726771fe85fd222416d1,razors
65ef726771fe85fd222416d1,vitamins
65ef726771fe85fd222416d1,bandages
65ef726771fe85fd222416d1,sunscreen
65ef726771fe85fd222416d1,napkins
65ef726771fe85fd222416d1,plasticware
65ef726771fe85fd222416d1,plasticware
65ef726771fe85fd222416d1,napkins
65ef726771fe85fd222416d1,shoes
65ef726771fe85fd222416d1,tampons
65512e3cc12f463bc327b7c3,napkins
65512e3cc12f463bc327b7c3,shoes
65512e3cc12f463bc327b7c3,cookware
65512e3cc12f463bc327b7c3,batteries
65512e3cc12f463bc327b7c3,toothpaste
65512e3cc12f463bc327b7c3,diapers
65512e3cc12f463bc327b7c3,pads
65512e3cc12f463bc327b7c3,toilet paper
65512e3cc12f463bc327b7c3,pet supplies
65512e3cc12f463bc327b7c3,diapers
65512e3cc12f463bc327b7c3,stationery
65512e3cc12f463bc327b7c3,batteries
60fcf1a04c245326d05076e0,bandages
60fcf1a04c245326d05076e0,bug spray
60fcf1a04c245326d05076e0,sponges
65eeceee847314e8232923c9,toilet paper
65eeceee847314e8232923c9,coolers
65eeceee847314e8232923c9,toothbrushes
65eeceee847314e8232923c9,pet supplies
65eeceee847314e8232923c9,baby oil
65eeceee847314e8232923c9,diapers
65eeceee847314e8232923c9,cookware
65eeceee847314e8232923c9,candles
65778c02cde55736bb830eca,diapers
65778c02cde55736bb830eca,tampons
65778c02cde55736bb830eca,pads
65778c02cde55736bb830eca,utensils
65778c02cde55736bb830eca,napkins
65778c02cde55736bb830eca,pads
65778c02cde55736bb830eca,bandages
65778c02cde55736bb830eca,diapers
65778c02cde55736bb830eca,diapers
65778c02cde55736bb830eca,napkins
65778c02cde55736bb830eca,sponges
5d3cc9010e510a00013df6f6,toilet paper
5d3cc9010e510a00013df6f6,diapers
5d3cc9010e510a00013df6f6,apparel
5d3cc9010e510a00013df6f6,electronics
5d3cc9010e510a00013df6f6,toiletries
5d3cc9010e510a00013df6f6,shampoo
5d3cc9010e510a00013df6f6,conditioner
5d3cc9010e510a00013df6f6,kitchenware
5d3cc9010e510a00013df6f6,pet supplies
65d26dcd13d9c8026aa92c4a,sunscreen
65d26dcd13d9c8026aa92c4a,candles
65d26dcd13d9c8026aa92c4a,pads
65d26dcd13d9c8026aa92c4a,bug spray
65d26dcd13d9c8026aa92c4a,bandages
65d26dcd13d9c8026aa92c4a,plasticware
65d26dcd13d9c8026aa92c4a,candles
65d26dcd13d9c8026aa92c4a,pads
65d26dcd13d9c8026aa92c4a,plasticware
65d26dcd13d9c8026aa92c4a,candles
65d26dcd13d9c8026aa92c4a,pads
65d26dcd13d9c8026aa92c4a,plasticware
65d26dcd13d9c8026aa92c4a,plasticware
65d26dcd13d9c8026aa92c4a,sponges
65d26dcd13d9c8026aa92c4a,plasticware
65c10fdabd93bdc59f95835b,shoes
65c10fdabd93bdc59f95835b,vitamins
65c10fdabd93bdc59f95835b,shoes
65c10fdabd93bdc59f95835b,tampons
65c10fdabd93bdc59f95835b,diapers
65c10fdabd93bdc59f95835b,pads
65c10fdabd93bdc59f95835b,air fresheners
65c10fdabd93bdc59f95835b,air fresheners
612e6569f68929afb886fb5c,plasticware
612e6569f68929afb886fb5c,sponges
612e6569f68929afb886fb5c,plasticware
612e6569f68929afb886fb5c,utensils
612e6569f68929afb886fb5c,bandages
612e6569f68929afb886fb5c,paper goods
612e6569f68929afb886fb5c,plasticware
612e6569f68929afb886fb5c,bandages
612e6569f68929afb886fb5c,bandages
612e6569f68929afb886fb5c,vitamins
612e6569f68929afb886fb5c,shoes
612e6569f68929afb886fb5c,pads
612e6569f68929afb886fb5c,toiletries
612e6569f68929afb886fb5c,shoes
612e6569f68929afb886fb5c,toilet paper
612e6569f68929afb886fb5c,diapers
65cb586172a8853f26cc8eec,toothbrushes
65cb586172a8853f26cc8eec,toothpaste
65cb586172a8853f26cc8eec,batteries
65cb586172a8853f26cc8eec,cookware
65cb586172a8853f26cc8eec,shoes
65cb586172a8853f26cc8eec,sponges
65cb586172a8853f26cc8eec,pads
65cb586172a8853f26cc8eec,pads
65cb586172a8853f26cc8eec,pads
65cb586172a8853f26cc8eec,pads
65cb586172a8853f26cc8eec,shoes
65c18079d4f634d2c8a0728c,diapers
65c18079d4f634d2c8a0728c,tissues
65c18079d4f634d2c8a0728c,air fresheners
65c18079d4f634d2c8a0728c,candles
65c18079d4f634d2c8a0728c,diapers
65c18079d4f634d2c8a0728c,diapers
65c18079d4f634d2c8a0728c,pads
65c18079d4f634d2c8a0728c,sponges
65c18079d4f634d2c8a0728c,napkins
65c18079d4f634d2c8a0728c,shoes
65c18079d4f634d2c8a0728c,bug spray
65c18079d4f634d2c8a0728c,pads
65c18079d4f634d2c8a0728c,tissues
65c18079d4f634d2c8a0728c,pads
5e7fefe06c12706d47e35211,bandages
5e7fefe06c12706d47e35211,diapers
5e7fefe06c12706d47e35211,toilet paper
5e7fefe06c12706d47e35211,vitamins
5e7fefe06c12706d47e35211,tampons
5e7fefe06c12706d47e35211,pads
5e7fefe06c12706d47e35211,allergy medications
5e7fefe06c12706d47e35211,shampoo
5e7fefe06c12706d47e35211,conditioner
5e7fefe06c12706d47e35211,plasticware
5e7fefe06c12706d47e35211,bandages
5e7fefe06c12706d47e35211,bandages
5e7fefe06c12706d47e35211,toothbrushes
5e7fefe06c12706d47e35211,toothpaste
5e7fefe06c12706d47e35211,mouthwash
5e7fefe06c12706d47e35211,sunscreen
61035836646fb6ee2152f950,candles
61035836646fb6ee2152f950,bandages
61035836646fb6ee2152f950,candles
61035836646fb6ee2152f950,paper towels
61035836646fb6ee2152f950,pads
61035836646fb6ee2152f950,deodorant
61035836646fb6ee2152f950,toothpaste
61035836646fb6ee2152f950,toothbrushes
61035836646fb6ee2152f950,mouthwash
61035836646fb6ee2152f950,diapers
60da4f9aa1ced7efeecca18a,toilet paper
60da4f9aa1ced7efeecca18a,diapers
60da4f9aa1ced7efeecca18a,napkins
60da4f9aa1ced7efeecca18a,toothpaste
60da4f9aa1ced7efeecca18a,shampoo
60da4f9aa1ced7efeecca18a,conditioner
60da4f9aa1ced7efeecca18a,toothbrushes
60da4f9aa1ced7efeecca18a,mouthwash
60da4f9aa1ced7efeecca18a,diapers
60da4f9aa1ced7efeecca18a,baby oil
60da4f9aa1ced7efeecca18a,baby food
60da4f9aa1ced7efeecca18a,sponges
5c4a428161c51f0001e96b3f,vitamins
5c4a428161c51f0001e96b3f,plasticware
5c4a428161c51f0001e96b3f,bandages
5c4a428161c51f0001e96b3f,plasticware
5c4a428161c51f0001e96b3f,bug spray
5c4a428161c51f0001e96b3f,candles
5c4a428161c51f0001e96b3f,pet supplies
5c4a428161c51f0001e96b3f,diapers
5c4a428161c51f0001e96b3f,pet supplies
5c4a428161c51f0001e96b3f,pet supplies
5c4a428161c51f0001e96b3f,pads
5c4a428161c51f0001e96b3f,batteries
5c4a428161c51f0001e96b3f,shoes
5c4a428161c51f0001e96b3f,toothpaste
5c4a428161c51f0001e96b3f,toothpaste
5c4a428161c51f0001e96b3f,toothbrushes
5c4a428161c51f0001e96b3f,pet supplies
65f1ec7ae5a09035345db62e,toilet paper
65f1ec7ae5a09035345db62e,tissues
65f1ec7ae5a09035345db62e,plasticware
65f1ec7ae5a09035345db62e,bandages
65f1ec7ae5a09035345db62e,bandages
65f1ec7ae5a09035345db62e,bandages
65f1ec7ae5a09035345db62e,pads
65f1ec7ae5a09035345db62e,baby oil
65f1ec7ae5a09035345db62e,diapers
65f1ec7ae5a09035345db62e,diapers
65f1ec7ae5a09035345db62e,tissues
65f1ec7ae5a09035345db62e,napkins
65f1ec7ae5a09035345db62e,sponges
65f1ec7ae5a09035345db62e,diapers
65f1ec7ae5a09035345db62e,utensils
65f1ec7ae5a09035345db62e,razors
65f1ec7ae5a09035345db62e,pads
65f1ec7ae5a09035345db62e,diapers
65f1ec7ae5a09035345db62e,napkins
65f1ec7ae5a09035345db62e,diapers
65f1ec7ae5a09035345db62e,diapers
65f1ec7ae5a09035345db62e,paper goods
65f1ec7ae5a09035345db62e,shoes
65f1ec7ae5a09035345db62e,shoes
65f1ec7ae5a09035345db62e,batteries
5fc6df58f380620a09116434,pads
5fc6df58f380620a09116434,napkins
5fc6df58f380620a09116434,utensils
5fc6df58f380620a09116434,plasticware
5fc6df58f380620a09116434,shoes
5fc6df58f380620a09116434,candles
5fc6df58f380620a09116434,shoes
5fc6df58f380620a09116434,bandages
5fc6df58f380620a09116434,sponges
5fc6df58f380620a09116434,coolers
5fc6df58f380620a09116434,pads
5fc6df58f380620a09116434,pads
5fc6df58f380620a09116434,toothbrushes
5fc6df58f380620a09116434,toothpaste
5fc6df58f380620a09116434,pads
5fc6df58f380620a09116434,tampons
5fc6df58f380620a09116434,shampoo
5fc6df58f380620a09116434,conditioner
