SID,entry
65e862f844f1b7a803bb3c5a,axe
65e862f844f1b7a803bb3c5a,screwdriver
65e862f844f1b7a803bb3c5a,chisel
65e862f844f1b7a803bb3c5a,sander
65e862f844f1b7a803bb3c5a,drill
65e862f844f1b7a803bb3c5a,fork
65e862f844f1b7a803bb3c5a,pliers
65e862f844f1b7a803bb3c5a,shovel
65e862f844f1b7a803bb3c5a,trowel
65e862f844f1b7a803bb3c5a,saw
65e862f844f1b7a803bb3c5a,soldering iron
65e862f844f1b7a803bb3c5a,chainsaw
65e862f844f1b7a803bb3c5a,nail punch
65e862f844f1b7a803bb3c5a,wrench
65e862f844f1b7a803bb3c5a,pliers
65e862f844f1b7a803bb3c5a,mallet
65e862f844f1b7a803bb3c5a,scraper
65e862f844f1b7a803bb3c5a,ratchet
65e862f844f1b7a803bb3c5a,scriber
65e862f844f1b7a803bb3c5a,pencil
65e862f844f1b7a803bb3c5a,spade
65e862f844f1b7a803bb3c5a,shovel
65e862f844f1b7a803bb3c5a,step ladder
63ea4ab1ce4168cbe9f63775,hammer
63ea4ab1ce4168cbe9f63775,hand saw
63ea4ab1ce4168cbe9f63775,wrench
63ea4ab1ce4168cbe9f63775,ratchet
63ea4ab1ce4168cbe9f63775,allen wrench
63ea4ab1ce4168cbe9f63775,screwdriver
63ea4ab1ce4168cbe9f63775,drill
63ea4ab1ce4168cbe9f63775,nail punch
63ea4ab1ce4168cbe9f63775,nail punch
63ea4ab1ce4168cbe9f63775,table saw
63ea4ab1ce4168cbe9f63775,jigsaw
63ea4ab1ce4168cbe9f63775,circular saw
63ea4ab1ce4168cbe9f63775,pliers
63ea4ab1ce4168cbe9f63775,wire cutter
63ea4ab1ce4168cbe9f63775,bolt cutter
63ea4ab1ce4168cbe9f63775,level
63ea4ab1ce4168cbe9f63775,laser level
63ea4ab1ce4168cbe9f63775,putty knife
65d6a09286a0c99e632a46dd,wrench
65d6a09286a0c99e632a46dd,screwdriver
65d6a09286a0c99e632a46dd,saw
65d6a09286a0c99e632a46dd,ladder
65d6a09286a0c99e632a46dd,hammer
65d6a09286a0c99e632a46dd,tape measure
65d6a09286a0c99e632a46dd,ladder
65d6a09286a0c99e632a46dd,mallet
65d6a09286a0c99e632a46dd,paintbrush
65d6a09286a0c99e632a46dd,ratchet
65d6a09286a0c99e632a46dd,pliers
60a48adfe091e410f4eaba34,hammer
60a48adfe091e410f4eaba34,drill
60a48adfe091e410f4eaba34,chisel
60a48adfe091e410f4eaba34,screwdriver
60a48adfe091e410f4eaba34,drill
60a48adfe091e410f4eaba34,mallet
60a48adfe091e410f4eaba34,shovel
60a48adfe091e410f4eaba34,file
60a48adfe091e410f4eaba34,chainsaw
60a48adfe091e410f4eaba34,axe
63e802622f8052bd67d6c5f0,hammer
63e802622f8052bd67d6c5f0,screwdriver
63e802622f8052bd67d6c5f0,drill
63e802622f8052bd67d6c5f0,die wrench
63e802622f8052bd67d6c5f0,tape measure
63e802622f8052bd67d6c5f0,hand saw
63e802622f8052bd67d6c5f0,ladder
60d731567049e5132e3cc4d4,hammer
60d731567049e5132e3cc4d4,screwdriver
60d731567049e5132e3cc4d4,wrench
60d731567049e5132e3cc4d4,router
60d731567049e5132e3cc4d4,t-square
60d731567049e5132e3cc4d4,clamp
60d731567049e5132e3cc4d4,vice
60d731567049e5132e3cc4d4,saw
60d731567049e5132e3cc4d4,file
60d731567049e5132e3cc4d4,sander
60d731567049e5132e3cc4d4,rasp
60d731567049e5132e3cc4d4,staple gun
60d731567049e5132e3cc4d4,drill
60d731567049e5132e3cc4d4,level
60d731567049e5132e3cc4d4,pencil
60d731567049e5132e3cc4d4,scriber
60d731567049e5132e3cc4d4,shovel
60d731567049e5132e3cc4d4,rake
60d731567049e5132e3cc4d4,hoe
60d731567049e5132e3cc4d4,tiller
60d731567049e5132e3cc4d4,pliers
60d731567049e5132e3cc4d4,trowel
60d731567049e5132e3cc4d4,nail punch
60d731567049e5132e3cc4d4,stapler
60d731567049e5132e3cc4d4,soldering iron
65cb63e160bb47fbf9349269,hammer
65cb63e160bb47fbf9349269,drill
65cb63e160bb47fbf9349269,wrench
65cb63e160bb47fbf9349269,shovel
65cb63e160bb47fbf9349269,ladder
65cb63e160bb47fbf9349269,fork
65cb63e160bb47fbf9349269,brush
65cb63e160bb47fbf9349269,level
65cb63e160bb47fbf9349269,tape measure
65cb63e160bb47fbf9349269,pencil
65cb63e160bb47fbf9349269,pliers
65cb63e160bb47fbf9349269,router
5f5aa60bef062519ff711fe6,shovel
5f5aa60bef062519ff711fe6,rake
5f5aa60bef062519ff711fe6,screwdriver
5f5aa60bef062519ff711fe6,wrench
5f5aa60bef062519ff711fe6,hammer
5f5aa60bef062519ff711fe6,mallet
5f5aa60bef062519ff711fe6,pickaxe
5f5aa60bef062519ff711fe6,axe
5f5aa60bef062519ff711fe6,pliers
65e358d9c5e3ee026268b2a7,hammer
65e358d9c5e3ee026268b2a7,screwdriver
65e358d9c5e3ee026268b2a7,wrench
65e358d9c5e3ee026268b2a7,allen wrench
65e358d9c5e3ee026268b2a7,table saw
65e358d9c5e3ee026268b2a7,drill
65e358d9c5e3ee026268b2a7,circular saw
65e358d9c5e3ee026268b2a7,allen wrench
65e358d9c5e3ee026268b2a7,wrench
65e358d9c5e3ee026268b2a7,mallet
65e358d9c5e3ee026268b2a7,hacksaw
65e358d9c5e3ee026268b2a7,tape measure
65e358d9c5e3ee026268b2a7,pliers
65e358d9c5e3ee026268b2a7,table saw
65e358d9c5e3ee026268b2a7,nail punch
65e358d9c5e3ee026268b2a7,level
65e358d9c5e3ee026268b2a7,utility knife
65c25cf77dca9d7ca7d9ebdb,hammer
65c25cf77dca9d7ca7d9ebdb,saw
65c25cf77dca9d7ca7d9ebdb,chisel
65c25cf77dca9d7ca7d9ebdb,crowbar
65c25cf77dca9d7ca7d9ebdb,axe
65c25cf77dca9d7ca7d9ebdb,axe
65c25cf77dca9d7ca7d9ebdb,screwdriver
65c25cf77dca9d7ca7d9ebdb,pliers
65c25cf77dca9d7ca7d9ebdb,nail punch
65b15afd94153c1f50c92493,wrench
65b15afd94153c1f50c92493,screwdriver
65b15afd94153c1f50c92493,hammer
65b15afd94153c1f50c92493,mallet
65b15afd94153c1f50c92493,drill
65b15afd94153c1f50c92493,axe
65b15afd94153c1f50c92493,saw
65b15afd94153c1f50c92493,tape measure
65b15afd94153c1f50c92493,stapler
65b15afd94153c1f50c92493,pliers
65b15afd94153c1f50c92493,chisel
65b15afd94153c1f50c92493,clamp
65b15afd94153c1f50c92493,file
65b15afd94153c1f50c92493,saw
65b15afd94153c1f50c92493,chainsaw
65b15afd94153c1f50c92493,ladder
65b15afd94153c1f50c92493,paintbrush
65b15afd94153c1f50c92493,paint roller
65b15afd94153c1f50c92493,utility knife
65b15afd94153c1f50c92493,level
65b15afd94153c1f50c92493,nail punch
5d7ff4aa50fda7001a863736,hammer
5d7ff4aa50fda7001a863736,screwdriver
5d7ff4aa50fda7001a863736,drill
5d7ff4aa50fda7001a863736,saw
5d7ff4aa50fda7001a863736,chainsaw
5d7ff4aa50fda7001a863736,axe
5d7ff4aa50fda7001a863736,pliers
5d7ff4aa50fda7001a863736,wrench
5d7ff4aa50fda7001a863736,crowbar
65cc19b4b3d48a22dfc6756d,screwdriver
65cc19b4b3d48a22dfc6756d,wrench
65cc19b4b3d48a22dfc6756d,hammer
65cc19b4b3d48a22dfc6756d,drill
65cc19b4b3d48a22dfc6756d,nail punch
65cc19b4b3d48a22dfc6756d,saw
65d54b3b524fcafb543d1b23,hammer
65d54b3b524fcafb543d1b23,wrench
65d54b3b524fcafb543d1b23,pliers
65d54b3b524fcafb543d1b23,saw
65d54b3b524fcafb543d1b23,screwdriver
65d54b3b524fcafb543d1b23,router
65e1f75ab3efd22e847cfbf0,wrench
65e1f75ab3efd22e847cfbf0,sickle
65e1f75ab3efd22e847cfbf0,drill
65e1f75ab3efd22e847cfbf0,hammer
65e1f75ab3efd22e847cfbf0,axe
65e1f75ab3efd22e847cfbf0,pliers
