SID,entry
65d26dcd13d9c8026aa92c4a,ethiopia
65d26dcd13d9c8026aa92c4a,united states of america
65d26dcd13d9c8026aa92c4a,brazil
65d26dcd13d9c8026aa92c4a,cuba
65d26dcd13d9c8026aa92c4a,china
65d26dcd13d9c8026aa92c4a,japan
65d26dcd13d9c8026aa92c4a,india
65d26dcd13d9c8026aa92c4a,south korea
65d26dcd13d9c8026aa92c4a,north korea
65d26dcd13d9c8026aa92c4a,russia
65d26dcd13d9c8026aa92c4a,kazakhstan
65d26dcd13d9c8026aa92c4a,turkmenistan
65d26dcd13d9c8026aa92c4a,turkey
65d26dcd13d9c8026aa92c4a,pakistan
65d26dcd13d9c8026aa92c4a,israel
65d26dcd13d9c8026aa92c4a,peru
65d26dcd13d9c8026aa92c4a,mongolia
65d26dcd13d9c8026aa92c4a,indonesia
65d26dcd13d9c8026aa92c4a,canada
65d26dcd13d9c8026aa92c4a,mexico
65d26dcd13d9c8026aa92c4a,ghana
65d26dcd13d9c8026aa92c4a,denmark
65d26dcd13d9c8026aa92c4a,sweden
65d26dcd13d9c8026aa92c4a,iceland
65d26dcd13d9c8026aa92c4a,greenland
65d26dcd13d9c8026aa92c4a,norway
65d26dcd13d9c8026aa92c4a,france
65d26dcd13d9c8026aa92c4a,england
65d26dcd13d9c8026aa92c4a,spain
65d26dcd13d9c8026aa92c4a,portugal
5e8a76b3939b3072dc76fb5c,united states
5e8a76b3939b3072dc76fb5c,canada
5e8a76b3939b3072dc76fb5c,mexico
5e8a76b3939b3072dc76fb5c,brazil
5e8a76b3939b3072dc76fb5c,chile
5e8a76b3939b3072dc76fb5c,argentina
5e8a76b3939b3072dc76fb5c,venezuela
5e8a76b3939b3072dc76fb5c,el salvador
5e8a76b3939b3072dc76fb5c,honduras
5e8a76b3939b3072dc76fb5c,greenland
5e8a76b3939b3072dc76fb5c,iceland
5e8a76b3939b3072dc76fb5c,uganda
5e8a76b3939b3072dc76fb5c,latvia
5e8a76b3939b3072dc76fb5c,australia
5e8a76b3939b3072dc76fb5c,england
5e8a76b3939b3072dc76fb5c,germany
5e8a76b3939b3072dc76fb5c,france
5e8a76b3939b3072dc76fb5c,italy
5e8a76b3939b3072dc76fb5c,spain
5e8a76b3939b3072dc76fb5c,ireland
5e8a76b3939b3072dc76fb5c,scotland
5e8a76b3939b3072dc76fb5c,egypt
5e8a76b3939b3072dc76fb5c,nigeria
5e8a76b3939b3072dc76fb5c,chad
5e8a76b3939b3072dc76fb5c,south africa
5e8a76b3939b3072dc76fb5c,madagascar
5e8a76b3939b3072dc76fb5c,japan
5e8a76b3939b3072dc76fb5c,china
5e8a76b3939b3072dc76fb5c,vietnam
5e8a76b3939b3072dc76fb5c,south korea
5e8a76b3939b3072dc76fb5c,north korea
5e8a76b3939b3072dc76fb5c,thailand
5e8a76b3939b3072dc76fb5c,russia
5e8a76b3939b3072dc76fb5c,ukraine
5e8a76b3939b3072dc76fb5c,czech
5e8a76b3939b3072dc76fb5c,dominican republic
65cb586172a8853f26cc8eec,iran
65cb586172a8853f26cc8eec,united states of america
65cb586172a8853f26cc8eec,canada
65cb586172a8853f26cc8eec,ireland
65cb586172a8853f26cc8eec,portugal
65cb586172a8853f26cc8eec,spain
65cb586172a8853f26cc8eec,bolivia
65cb586172a8853f26cc8eec,argentina
65cb586172a8853f26cc8eec,brazil
65cb586172a8853f26cc8eec,chile
65cb586172a8853f26cc8eec,mexico
65cb586172a8853f26cc8eec,venezuela
65cb586172a8853f26cc8eec,france
65cb586172a8853f26cc8eec,greece
65cb586172a8853f26cc8eec,egypt
65cb586172a8853f26cc8eec,south africa
65cb586172a8853f26cc8eec,germany
65cb586172a8853f26cc8eec,switzerland
65cb586172a8853f26cc8eec,scotland
65cb586172a8853f26cc8eec,russia
65cb586172a8853f26cc8eec,china
65cb586172a8853f26cc8eec,japan
65cb586172a8853f26cc8eec,north korea
65cb586172a8853f26cc8eec,south korea
65cb586172a8853f26cc8eec,philippines
65cb586172a8853f26cc8eec,malaysia
65cb586172a8853f26cc8eec,iran
65cb586172a8853f26cc8eec,greenland
65cb586172a8853f26cc8eec,russia
61035836646fb6ee2152f950,canada
61035836646fb6ee2152f950,iraq
61035836646fb6ee2152f950,iran
61035836646fb6ee2152f950,saudi arabia
61035836646fb6ee2152f950,germany
61035836646fb6ee2152f950,peru
61035836646fb6ee2152f950,ecuador
61035836646fb6ee2152f950,guatemala
61035836646fb6ee2152f950,south africa
61035836646fb6ee2152f950,belgium
61035836646fb6ee2152f950,netherlands
61035836646fb6ee2152f950,greenland
61035836646fb6ee2152f950,ireland
61035836646fb6ee2152f950,china
61035836646fb6ee2152f950,russia
61035836646fb6ee2152f950,ukraine
61035836646fb6ee2152f950,japan
61035836646fb6ee2152f950,colombia
61035836646fb6ee2152f950,uruguay
61035836646fb6ee2152f950,mexico
61035836646fb6ee2152f950,thailand
61035836646fb6ee2152f950,taiwan
61035836646fb6ee2152f950,cuba
65778c02cde55736bb830eca,united states
65778c02cde55736bb830eca,mexico
65778c02cde55736bb830eca,canada
65778c02cde55736bb830eca,russia
65778c02cde55736bb830eca,ukraine
65778c02cde55736bb830eca,france
65778c02cde55736bb830eca,germany
65778c02cde55736bb830eca,bulgaria
65778c02cde55736bb830eca,hungary
65778c02cde55736bb830eca,sweden
65778c02cde55736bb830eca,denmark
65778c02cde55736bb830eca,iceland
65778c02cde55736bb830eca,greenland
65778c02cde55736bb830eca,netherlands
65778c02cde55736bb830eca,india
65778c02cde55736bb830eca,thailand
65778c02cde55736bb830eca,greece
65778c02cde55736bb830eca,saudi arabia
65778c02cde55736bb830eca,nigeria
65778c02cde55736bb830eca,morocco
65778c02cde55736bb830eca,uganda
65778c02cde55736bb830eca,somalia
65778c02cde55736bb830eca,niger
65778c02cde55736bb830eca,libya
65778c02cde55736bb830eca,liberia
65778c02cde55736bb830eca,sudan
65778c02cde55736bb830eca,south africa
65778c02cde55736bb830eca,ethiopia
65c18079d4f634d2c8a0728c,united states
65c18079d4f634d2c8a0728c,canada
65c18079d4f634d2c8a0728c,cuba
65c18079d4f634d2c8a0728c,nicaragua
65c18079d4f634d2c8a0728c,peru
65c18079d4f634d2c8a0728c,haiti
65c18079d4f634d2c8a0728c,panama
65c18079d4f634d2c8a0728c,brazil
65c18079d4f634d2c8a0728c,chile
65c18079d4f634d2c8a0728c,argentina
65c18079d4f634d2c8a0728c,el salvador
65c18079d4f634d2c8a0728c,papua
65c18079d4f634d2c8a0728c,guinea
65c18079d4f634d2c8a0728c,dominican republic
65c18079d4f634d2c8a0728c,jamaica
65c18079d4f634d2c8a0728c,bahamas
65c18079d4f634d2c8a0728c,bahamas
65c18079d4f634d2c8a0728c,uganda
65c18079d4f634d2c8a0728c,laos
65c18079d4f634d2c8a0728c,england
65c18079d4f634d2c8a0728c,spain
65c18079d4f634d2c8a0728c,oman
65c18079d4f634d2c8a0728c,france
65c18079d4f634d2c8a0728c,germany
65c18079d4f634d2c8a0728c,romania
65c18079d4f634d2c8a0728c,hungary
65c18079d4f634d2c8a0728c,sweden
65c18079d4f634d2c8a0728c,norway
65c18079d4f634d2c8a0728c,iran
65c18079d4f634d2c8a0728c,denmark
65c18079d4f634d2c8a0728c,china
65c18079d4f634d2c8a0728c,russia
65c18079d4f634d2c8a0728c,ukraine
65c18079d4f634d2c8a0728c,india
65c18079d4f634d2c8a0728c,japan
65c18079d4f634d2c8a0728c,south korea
65c18079d4f634d2c8a0728c,north korea
65c18079d4f634d2c8a0728c,mongolia
65c18079d4f634d2c8a0728c,bangladesh
65c18079d4f634d2c8a0728c,iran
65c18079d4f634d2c8a0728c,iraq
65c18079d4f634d2c8a0728c,israel
65c18079d4f634d2c8a0728c,pakistan
65c18079d4f634d2c8a0728c,south africa
5d3cc9010e510a00013df6f6,canada
5d3cc9010e510a00013df6f6,mexico
5d3cc9010e510a00013df6f6,panama
5d3cc9010e510a00013df6f6,peru
5d3cc9010e510a00013df6f6,brazil
5d3cc9010e510a00013df6f6,russia
5d3cc9010e510a00013df6f6,china
5d3cc9010e510a00013df6f6,japan
5d3cc9010e510a00013df6f6,north korea
5d3cc9010e510a00013df6f6,south korea
5d3cc9010e510a00013df6f6,india
5d3cc9010e510a00013df6f6,south africa
5d3cc9010e510a00013df6f6,nigeria
5d3cc9010e510a00013df6f6,tonga
5d3cc9010e510a00013df6f6,somalia
5d3cc9010e510a00013df6f6,ireland
5d3cc9010e510a00013df6f6,england
5d3cc9010e510a00013df6f6,netherlands
5d3cc9010e510a00013df6f6,spain
5d3cc9010e510a00013df6f6,germany
5d3cc9010e510a00013df6f6,thailand
5d3cc9010e510a00013df6f6,taiwan
5d3cc9010e510a00013df6f6,us
5d3cc9010e510a00013df6f6,kazakhstan
5d3cc9010e510a00013df6f6,iraq
5d3cc9010e510a00013df6f6,iran
5d3cc9010e510a00013df6f6,pakistan
65ef726771fe85fd222416d1,united states
65ef726771fe85fd222416d1,canada
65ef726771fe85fd222416d1,japan
65ef726771fe85fd222416d1,ireland
65ef726771fe85fd222416d1,finland
65ef726771fe85fd222416d1,china
65ef726771fe85fd222416d1,germany
65ef726771fe85fd222416d1,italy
65ef726771fe85fd222416d1,france
65ef726771fe85fd222416d1,russia
65ef726771fe85fd222416d1,netherlands
65ef726771fe85fd222416d1,turkey
65ef726771fe85fd222416d1,australia
65ef726771fe85fd222416d1,ireland
65ef726771fe85fd222416d1,mexico
65ef726771fe85fd222416d1,switzerland
65ef726771fe85fd222416d1,sweden
65ef726771fe85fd222416d1,iceland
65ef726771fe85fd222416d1,greece
65ef726771fe85fd222416d1,iraq
65ef726771fe85fd222416d1,brazil
65ef726771fe85fd222416d1,romania
65ef726771fe85fd222416d1,belize
65ef726771fe85fd222416d1,chile
65ef726771fe85fd222416d1,croatia
65ef726771fe85fd222416d1,belgium
65ef726771fe85fd222416d1,austria
65512e3cc12f463bc327b7c3,united states
65512e3cc12f463bc327b7c3,canada
65512e3cc12f463bc327b7c3,mexico
65512e3cc12f463bc327b7c3,finland
65512e3cc12f463bc327b7c3,germany
65512e3cc12f463bc327b7c3,russia
65512e3cc12f463bc327b7c3,spain
65512e3cc12f463bc327b7c3,honduras
65512e3cc12f463bc327b7c3,england
65512e3cc12f463bc327b7c3,brazil
65512e3cc12f463bc327b7c3,argentina
65512e3cc12f463bc327b7c3,ireland
65512e3cc12f463bc327b7c3,estonia
65512e3cc12f463bc327b7c3,china
65512e3cc12f463bc327b7c3,japan
65512e3cc12f463bc327b7c3,the philippines
65512e3cc12f463bc327b7c3,south korea
65512e3cc12f463bc327b7c3,north korea
65512e3cc12f463bc327b7c3,iran
65512e3cc12f463bc327b7c3,saudi arabia
65512e3cc12f463bc327b7c3,yemen
65512e3cc12f463bc327b7c3,south africa
65512e3cc12f463bc327b7c3,uganda
65512e3cc12f463bc327b7c3,bulgaria
65512e3cc12f463bc327b7c3,qatar
5f6c102b6ec04317fc9a8127,united states
5f6c102b6ec04317fc9a8127,japan
5f6c102b6ec04317fc9a8127,albania
5f6c102b6ec04317fc9a8127,germany
5f6c102b6ec04317fc9a8127,canada
5f6c102b6ec04317fc9a8127,italy
5f6c102b6ec04317fc9a8127,france
5f6c102b6ec04317fc9a8127,turkey
5f6c102b6ec04317fc9a8127,russia
5f6c102b6ec04317fc9a8127,mexico
5f6c102b6ec04317fc9a8127,belgium
5f6c102b6ec04317fc9a8127,brazil
5f6c102b6ec04317fc9a8127,croatia
5f6c102b6ec04317fc9a8127,india
5f6c102b6ec04317fc9a8127,china
5f6c102b6ec04317fc9a8127,iraq
5f6c102b6ec04317fc9a8127,laos
5f6c102b6ec04317fc9a8127,argentina
5f6c102b6ec04317fc9a8127,australia
5f6c102b6ec04317fc9a8127,italy
5f6c102b6ec04317fc9a8127,iraq
5f6c102b6ec04317fc9a8127,austria
5f6c102b6ec04317fc9a8127,ireland
5f6c102b6ec04317fc9a8127,bolivia
5f6c102b6ec04317fc9a8127,bulgaria
5f6c102b6ec04317fc9a8127,kazakhstan
5f6c102b6ec04317fc9a8127,morocco
5f6c102b6ec04317fc9a8127,mongolia
5f6c102b6ec04317fc9a8127,philippines
5f6c102b6ec04317fc9a8127,vietnam
5f6c102b6ec04317fc9a8127,pakistan
5f6c102b6ec04317fc9a8127,qatar
5f6c102b6ec04317fc9a8127,sweden
612e6569f68929afb886fb5c,canada
612e6569f68929afb886fb5c,mexico
612e6569f68929afb886fb5c,cuba
612e6569f68929afb886fb5c,guatemala
612e6569f68929afb886fb5c,uganda
612e6569f68929afb886fb5c,nicaragua
612e6569f68929afb886fb5c,el salvador
612e6569f68929afb886fb5c,honduras
612e6569f68929afb886fb5c,colombia
612e6569f68929afb886fb5c,venezuela
612e6569f68929afb886fb5c,spain
612e6569f68929afb886fb5c,brazil
612e6569f68929afb886fb5c,uganda
612e6569f68929afb886fb5c,uruguay
612e6569f68929afb886fb5c,ecuador
612e6569f68929afb886fb5c,peru
612e6569f68929afb886fb5c,argentina
612e6569f68929afb886fb5c,bolivia
612e6569f68929afb886fb5c,guiana
612e6569f68929afb886fb5c,liechtenstein
612e6569f68929afb886fb5c,luxembourg
612e6569f68929afb886fb5c,netherlands
612e6569f68929afb886fb5c,belgium
612e6569f68929afb886fb5c,ireland
612e6569f68929afb886fb5c,germany
612e6569f68929afb886fb5c,poland
612e6569f68929afb886fb5c,italy
612e6569f68929afb886fb5c,france
612e6569f68929afb886fb5c,spain
612e6569f68929afb886fb5c,uganda
612e6569f68929afb886fb5c,norway
612e6569f68929afb886fb5c,portugal
612e6569f68929afb886fb5c,switzerland
612e6569f68929afb886fb5c,austria
612e6569f68929afb886fb5c,russia
612e6569f68929afb886fb5c,estonia
612e6569f68929afb886fb5c,latvia
612e6569f68929afb886fb5c,lithuania
612e6569f68929afb886fb5c,finland
612e6569f68929afb886fb5c,norway
612e6569f68929afb886fb5c,morocco
612e6569f68929afb886fb5c,china
612e6569f68929afb886fb5c,japan
612e6569f68929afb886fb5c,indonesia
612e6569f68929afb886fb5c,malaysia
612e6569f68929afb886fb5c,egypt
612e6569f68929afb886fb5c,israel
612e6569f68929afb886fb5c,palestine
612e6569f68929afb886fb5c,lebanon
612e6569f68929afb886fb5c,cambodia
612e6569f68929afb886fb5c,vietnam
612e6569f68929afb886fb5c,burundi
612e6569f68929afb886fb5c,botswana
612e6569f68929afb886fb5c,south africa
612e6569f68929afb886fb5c,serbia
612e6569f68929afb886fb5c,bulgaria
612e6569f68929afb886fb5c,belarus
612e6569f68929afb886fb5c,bosnia
612e6569f68929afb886fb5c,uganda
612e6569f68929afb886fb5c,herzegovina
612e6569f68929afb886fb5c,croatia
612e6569f68929afb886fb5c,albania
612e6569f68929afb886fb5c,kosovo
612e6569f68929afb886fb5c,montenegro
612e6569f68929afb886fb5c,greece
612e6569f68929afb886fb5c,armenia
612e6569f68929afb886fb5c,namibia
612e6569f68929afb886fb5c,uganda
612e6569f68929afb886fb5c,angola
612e6569f68929afb886fb5c,zimbabwe
612e6569f68929afb886fb5c,zambia
612e6569f68929afb886fb5c,australia
612e6569f68929afb886fb5c,ireland
5fc6df58f380620a09116434,canada
5fc6df58f380620a09116434,united states
5fc6df58f380620a09116434,mexico
5fc6df58f380620a09116434,jamaica
5fc6df58f380620a09116434,haiti
5fc6df58f380620a09116434,somalia
5fc6df58f380620a09116434,nicaragua
5fc6df58f380620a09116434,belize
5fc6df58f380620a09116434,panama
5fc6df58f380620a09116434,andorra
5fc6df58f380620a09116434,argentina
5fc6df58f380620a09116434,brazil
5fc6df58f380620a09116434,panama
5fc6df58f380620a09116434,venezuela
5fc6df58f380620a09116434,colombia
5fc6df58f380620a09116434,uruguay
5fc6df58f380620a09116434,paraguay
5fc6df58f380620a09116434,ireland
5fc6df58f380620a09116434,wales
5fc6df58f380620a09116434,scotland
5fc6df58f380620a09116434,great britain
5fc6df58f380620a09116434,france
5fc6df58f380620a09116434,germany
5fc6df58f380620a09116434,sweden
5fc6df58f380620a09116434,norway
5fc6df58f380620a09116434,greece
5fc6df58f380620a09116434,italy
5fc6df58f380620a09116434,switzerland
5fc6df58f380620a09116434,netherlands
5fc6df58f380620a09116434,china
5fc6df58f380620a09116434,north korea
5fc6df58f380620a09116434,south korea
5fc6df58f380620a09116434,japan
5fc6df58f380620a09116434,russia
5fc6df58f380620a09116434,estonia
5fc6df58f380620a09116434,thailand
5fc6df58f380620a09116434,india
5fc6df58f380620a09116434,vietnam
5fc6df58f380620a09116434,philippines
5fc6df58f380620a09116434,australia
5fc6df58f380620a09116434,south africa
5fc6df58f380620a09116434,kenya
5fc6df58f380620a09116434,uganda
5fc6df58f380620a09116434,madagascar
5fc6df58f380620a09116434,egypt
5fc6df58f380620a09116434,zimbabwe
5fc6df58f380620a09116434,kazakhstan
5fc6df58f380620a09116434,pakistan
5fc6df58f380620a09116434,afghanistan
5fc6df58f380620a09116434,iraq
5fc6df58f380620a09116434,iran
5fc6df58f380620a09116434,austria
5fc6df58f380620a09116434,czech
5fc6df58f380620a09116434,cuba
5fc6df58f380620a09116434,japan
5fc6df58f380620a09116434,guinea
65c10fdabd93bdc59f95835b,canada
65c10fdabd93bdc59f95835b,australia
65c10fdabd93bdc59f95835b,japan
65c10fdabd93bdc59f95835b,ireland
65c10fdabd93bdc59f95835b,afghanistan
65c10fdabd93bdc59f95835b,gambia
65c10fdabd93bdc59f95835b,italy
65c10fdabd93bdc59f95835b,india
65c10fdabd93bdc59f95835b,qatar
65c10fdabd93bdc59f95835b,palau
65c10fdabd93bdc59f95835b,ireland
65c10fdabd93bdc59f95835b,oman
65c10fdabd93bdc59f95835b,iraq
65c10fdabd93bdc59f95835b,romania
65c10fdabd93bdc59f95835b,mexico
65c10fdabd93bdc59f95835b,dominican republic
65c10fdabd93bdc59f95835b,jamaica
65c10fdabd93bdc59f95835b,barbados
65c10fdabd93bdc59f95835b,belize
65c10fdabd93bdc59f95835b,belize
65c10fdabd93bdc59f95835b,brazil
65c10fdabd93bdc59f95835b,oman
60da4f9aa1ced7efeecca18a,canada
60da4f9aa1ced7efeecca18a,argentina
60da4f9aa1ced7efeecca18a,peru
60da4f9aa1ced7efeecca18a,ecuador
60da4f9aa1ced7efeecca18a,el salvador
60da4f9aa1ced7efeecca18a,brazil
60da4f9aa1ced7efeecca18a,chile
60da4f9aa1ced7efeecca18a,paraguay
60da4f9aa1ced7efeecca18a,china
60da4f9aa1ced7efeecca18a,india
60da4f9aa1ced7efeecca18a,england
60da4f9aa1ced7efeecca18a,france
60da4f9aa1ced7efeecca18a,germany
60da4f9aa1ced7efeecca18a,poland
60da4f9aa1ced7efeecca18a,russia
60da4f9aa1ced7efeecca18a,ukraine
60da4f9aa1ced7efeecca18a,montenegro
60da4f9aa1ced7efeecca18a,moldova
60da4f9aa1ced7efeecca18a,bosnia
60da4f9aa1ced7efeecca18a,uganda
60da4f9aa1ced7efeecca18a,herzegovina
60da4f9aa1ced7efeecca18a,kazakhstan
60da4f9aa1ced7efeecca18a,pakistan
60da4f9aa1ced7efeecca18a,bangladesh
60da4f9aa1ced7efeecca18a,south korea
60da4f9aa1ced7efeecca18a,north korea
60da4f9aa1ced7efeecca18a,japan
60da4f9aa1ced7efeecca18a,vietnam
60da4f9aa1ced7efeecca18a,thailand
60da4f9aa1ced7efeecca18a,philippines
60da4f9aa1ced7efeecca18a,switzerland
60da4f9aa1ced7efeecca18a,austria
60da4f9aa1ced7efeecca18a,hungary
60da4f9aa1ced7efeecca18a,italy
60da4f9aa1ced7efeecca18a,greece
60da4f9aa1ced7efeecca18a,spain
60da4f9aa1ced7efeecca18a,portugal
60da4f9aa1ced7efeecca18a,ireland
60da4f9aa1ced7efeecca18a,andorra
60da4f9aa1ced7efeecca18a,luxembourg
60da4f9aa1ced7efeecca18a,vatican
60da4f9aa1ced7efeecca18a,italy
60da4f9aa1ced7efeecca18a,iceland
60da4f9aa1ced7efeecca18a,norway
60da4f9aa1ced7efeecca18a,finland
60da4f9aa1ced7efeecca18a,sweden
60da4f9aa1ced7efeecca18a,denmark
60da4f9aa1ced7efeecca18a,australia
60da4f9aa1ced7efeecca18a,ireland
6595e3b4dc9090390e4edb5f,denmark
6595e3b4dc9090390e4edb5f,italy
6595e3b4dc9090390e4edb5f,portugal
6595e3b4dc9090390e4edb5f,thailand
6595e3b4dc9090390e4edb5f,laos
6595e3b4dc9090390e4edb5f,cambodia
6595e3b4dc9090390e4edb5f,philippines
6595e3b4dc9090390e4edb5f,india
6595e3b4dc9090390e4edb5f,australia
6595e3b4dc9090390e4edb5f,belgium
6595e3b4dc9090390e4edb5f,poland
6595e3b4dc9090390e4edb5f,germany
6595e3b4dc9090390e4edb5f,ireland
6595e3b4dc9090390e4edb5f,singapore
6595e3b4dc9090390e4edb5f,netherlands
6595e3b4dc9090390e4edb5f,canada
6595e3b4dc9090390e4edb5f,mexico
6595e3b4dc9090390e4edb5f,egypt
6595e3b4dc9090390e4edb5f,south africa
6595e3b4dc9090390e4edb5f,afghanistan
6595e3b4dc9090390e4edb5f,serbia
6595e3b4dc9090390e4edb5f,indonesia
6595e3b4dc9090390e4edb5f,nigeria
6595e3b4dc9090390e4edb5f,turkey
6595e3b4dc9090390e4edb5f,greece
65eeceee847314e8232923c9,china
65eeceee847314e8232923c9,algeria
65eeceee847314e8232923c9,united states of america
65eeceee847314e8232923c9,japan
65eeceee847314e8232923c9,zimbabwe
65eeceee847314e8232923c9,the congo
65eeceee847314e8232923c9,japan
65eeceee847314e8232923c9,andorra
65eeceee847314e8232923c9,hungary
65eeceee847314e8232923c9,czech
65eeceee847314e8232923c9,israel
65eeceee847314e8232923c9,tonga
65eeceee847314e8232923c9,finland
65eeceee847314e8232923c9,scotland
65eeceee847314e8232923c9,honduras
65eeceee847314e8232923c9,estonia
65eeceee847314e8232923c9,azerbaijan
65eeceee847314e8232923c9,afghanistan
65eeceee847314e8232923c9,kenya
65eeceee847314e8232923c9,russia
65eeceee847314e8232923c9,australia
65eeceee847314e8232923c9,china
65eeceee847314e8232923c9,germany
65eeceee847314e8232923c9,sweden
65eeceee847314e8232923c9,switzerland
65eeceee847314e8232923c9,india
65eeceee847314e8232923c9,albania
65eeceee847314e8232923c9,armenia
5e7fefe06c12706d47e35211,united states
5e7fefe06c12706d47e35211,canada
5e7fefe06c12706d47e35211,mexico
5e7fefe06c12706d47e35211,greenland
5e7fefe06c12706d47e35211,iceland
5e7fefe06c12706d47e35211,finland
5e7fefe06c12706d47e35211,south africa
5e7fefe06c12706d47e35211,kenya
5e7fefe06c12706d47e35211,niger
5e7fefe06c12706d47e35211,egypt
5e7fefe06c12706d47e35211,congo
5e7fefe06c12706d47e35211,chad
5e7fefe06c12706d47e35211,spain
5e7fefe06c12706d47e35211,italy
5e7fefe06c12706d47e35211,england
5e7fefe06c12706d47e35211,ireland
5e7fefe06c12706d47e35211,france
5e7fefe06c12706d47e35211,singapore
5e7fefe06c12706d47e35211,japan
5e7fefe06c12706d47e35211,china
5e7fefe06c12706d47e35211,thailand
5e7fefe06c12706d47e35211,russia
5e7fefe06c12706d47e35211,australia
5e7fefe06c12706d47e35211,chile
5e7fefe06c12706d47e35211,argentina
5e7fefe06c12706d47e35211,peru
5e7fefe06c12706d47e35211,colombia
5e7fefe06c12706d47e35211,brazil
5e7fefe06c12706d47e35211,jamaica
5e7fefe06c12706d47e35211,dominican republic
5e7fefe06c12706d47e35211,haiti
5e7fefe06c12706d47e35211,czechoslovakia
5e7fefe06c12706d47e35211,romania
5e7fefe06c12706d47e35211,turkey
5e7fefe06c12706d47e35211,iraq
5e7fefe06c12706d47e35211,iran
5e7fefe06c12706d47e35211,uzbekistan
5e7fefe06c12706d47e35211,qatar
5e7fefe06c12706d47e35211,india
5c1942e200849900010afdcd,america
5c1942e200849900010afdcd,canada
5c1942e200849900010afdcd,mexico
5c1942e200849900010afdcd,haiti
5c1942e200849900010afdcd,cuba
5c1942e200849900010afdcd,dominican republic
5c1942e200849900010afdcd,brazil
5c1942e200849900010afdcd,argentina
5c1942e200849900010afdcd,chile
5c1942e200849900010afdcd,ecuador
5c1942e200849900010afdcd,colombia
5c1942e200849900010afdcd,ireland
5c1942e200849900010afdcd,france
5c1942e200849900010afdcd,portugal
5c1942e200849900010afdcd,spain
5c1942e200849900010afdcd,germany
5c1942e200849900010afdcd,luxembourg
5c1942e200849900010afdcd,austria
5c1942e200849900010afdcd,norway
5c1942e200849900010afdcd,sweden
5c1942e200849900010afdcd,finland
5c1942e200849900010afdcd,iceland
5c1942e200849900010afdcd,denmark
5c1942e200849900010afdcd,netherlands
5c1942e200849900010afdcd,belgium
5c1942e200849900010afdcd,morocco
5c1942e200849900010afdcd,egypt
5c1942e200849900010afdcd,south africa
5c1942e200849900010afdcd,nigeria
5c1942e200849900010afdcd,ethiopia
5c1942e200849900010afdcd,zimbabwe
5c1942e200849900010afdcd,oman
5c1942e200849900010afdcd,india
5c1942e200849900010afdcd,ghana
5c1942e200849900010afdcd,thailand
5c1942e200849900010afdcd,vietnam
5c1942e200849900010afdcd,myanmar
5c1942e200849900010afdcd,burma
5c1942e200849900010afdcd,japan
5c1942e200849900010afdcd,china
5c1942e200849900010afdcd,north korea
5c1942e200849900010afdcd,south korea
5c1942e200849900010afdcd,indonesia
5c1942e200849900010afdcd,malaysia
5c1942e200849900010afdcd,papua
5c1942e200849900010afdcd,guinea
5c1942e200849900010afdcd,australia
5c1942e200849900010afdcd,ireland
5c1942e200849900010afdcd,russia
5c1942e200849900010afdcd,ukraine
5c1942e200849900010afdcd,armenia
5c1942e200849900010afdcd,turkey
5c1942e200849900010afdcd,georgia
5c1942e200849900010afdcd,lebanon
5c1942e200849900010afdcd,jordan
5c1942e200849900010afdcd,saudi arabia
5c1942e200849900010afdcd,afghanistan
5c1942e200849900010afdcd,iran
5c1942e200849900010afdcd,nepal
65f3d5016e5acb0fd67df6ee,haiti
65f3d5016e5acb0fd67df6ee,yemen
65f3d5016e5acb0fd67df6ee,afghanistan
65f3d5016e5acb0fd67df6ee,hungary
65f3d5016e5acb0fd67df6ee,albania
65f3d5016e5acb0fd67df6ee,armenia
65f3d5016e5acb0fd67df6ee,austria
65f3d5016e5acb0fd67df6ee,iraq
65f3d5016e5acb0fd67df6ee,iran
65f3d5016e5acb0fd67df6ee,mexico
65f3d5016e5acb0fd67df6ee,syria
65f3d5016e5acb0fd67df6ee,ireland
65f36565fe88b95d6806e496,america
65f36565fe88b95d6806e496,united states
65f36565fe88b95d6806e496,canada
65f36565fe88b95d6806e496,mexico
65f36565fe88b95d6806e496,australia
65f36565fe88b95d6806e496,egypt
65f36565fe88b95d6806e496,turkey
65f36565fe88b95d6806e496,uruguay
65f36565fe88b95d6806e496,china
65f36565fe88b95d6806e496,russia
65f36565fe88b95d6806e496,japan
65f36565fe88b95d6806e496,north korea
65f36565fe88b95d6806e496,south korea
65f36565fe88b95d6806e496,taiwan
65f36565fe88b95d6806e496,singapore
65f36565fe88b95d6806e496,philippines
65f36565fe88b95d6806e496,greenland
65f36565fe88b95d6806e496,iceland
65f36565fe88b95d6806e496,norway
65f36565fe88b95d6806e496,sweden
65f36565fe88b95d6806e496,netherlands
65f36565fe88b95d6806e496,zimbabwe
65f36565fe88b95d6806e496,madagascar
65f36565fe88b95d6806e496,brazil
65f36565fe88b95d6806e496,chile
65f36565fe88b95d6806e496,cuba
65f36565fe88b95d6806e496,finland
65f36565fe88b95d6806e496,czech
65f36565fe88b95d6806e496,ukraine
65f36565fe88b95d6806e496,iraq
65f36565fe88b95d6806e496,iran
65f36565fe88b95d6806e496,ireland
65f36565fe88b95d6806e496,ireland
65f36565fe88b95d6806e496,india
65f36565fe88b95d6806e496,panama
65f36565fe88b95d6806e496,haiti
65f36565fe88b95d6806e496,jamaica
65f36565fe88b95d6806e496,turkey
65f36565fe88b95d6806e496,dominican republic
5c4a428161c51f0001e96b3f,us
5c4a428161c51f0001e96b3f,mexico
5c4a428161c51f0001e96b3f,spain
5c4a428161c51f0001e96b3f,france
5c4a428161c51f0001e96b3f,germany
5c4a428161c51f0001e96b3f,canada
5c4a428161c51f0001e96b3f,russia
5c4a428161c51f0001e96b3f,guatemala
5c4a428161c51f0001e96b3f,uganda
5c4a428161c51f0001e96b3f,belize
5c4a428161c51f0001e96b3f,el salvador
5c4a428161c51f0001e96b3f,honduras
5c4a428161c51f0001e96b3f,nicaragua
5c4a428161c51f0001e96b3f,togo
5c4a428161c51f0001e96b3f,panama
5c4a428161c51f0001e96b3f,colombia
5c4a428161c51f0001e96b3f,venezuela
5c4a428161c51f0001e96b3f,guyana
5c4a428161c51f0001e96b3f,togo
5c4a428161c51f0001e96b3f,suriname
5c4a428161c51f0001e96b3f,guiana
5c4a428161c51f0001e96b3f,bolivia
5c4a428161c51f0001e96b3f,chile
5c4a428161c51f0001e96b3f,argentina
5c4a428161c51f0001e96b3f,paraguay
5c4a428161c51f0001e96b3f,uruguay
5c4a428161c51f0001e96b3f,china
5c4a428161c51f0001e96b3f,north korea
5c4a428161c51f0001e96b3f,south korea
5c4a428161c51f0001e96b3f,japan
5c4a428161c51f0001e96b3f,taiwan
5c4a428161c51f0001e96b3f,philippines
5c4a428161c51f0001e96b3f,indonesia
5c4a428161c51f0001e96b3f,singapore
5c4a428161c51f0001e96b3f,malaysia
5c4a428161c51f0001e96b3f,vietnam
5c4a428161c51f0001e96b3f,cambodia
5c4a428161c51f0001e96b3f,thailand
5c4a428161c51f0001e96b3f,laos
5c4a428161c51f0001e96b3f,myanmar
5c4a428161c51f0001e96b3f,bhutan
5c4a428161c51f0001e96b3f,bangladesh
5c4a428161c51f0001e96b3f,nepal
5c4a428161c51f0001e96b3f,india
5c4a428161c51f0001e96b3f,pakistan
5c4a428161c51f0001e96b3f,tajikistan
5c4a428161c51f0001e96b3f,uganda
5c4a428161c51f0001e96b3f,kyrgyzstan
5c4a428161c51f0001e96b3f,pakistan
5c4a428161c51f0001e96b3f,turkmenistan
5c4a428161c51f0001e96b3f,afghanistan
5c4a428161c51f0001e96b3f,iran
5c4a428161c51f0001e96b3f,kazakhstan
5c4a428161c51f0001e96b3f,iraq
5c4a428161c51f0001e96b3f,kuwait
5c4a428161c51f0001e96b3f,qatar
5c4a428161c51f0001e96b3f,emirates
5c4a428161c51f0001e96b3f,oman
5c4a428161c51f0001e96b3f,yemen
5c4a428161c51f0001e96b3f,saudi arabia
5c4a428161c51f0001e96b3f,jordan
5c4a428161c51f0001e96b3f,israel
5c4a428161c51f0001e96b3f,palestine
5c4a428161c51f0001e96b3f,egypt
5c4a428161c51f0001e96b3f,cyprus
5c4a428161c51f0001e96b3f,turkey
5c4a428161c51f0001e96b3f,greece
5c4a428161c51f0001e96b3f,bulgaria
5c4a428161c51f0001e96b3f,romania
5c4a428161c51f0001e96b3f,moldova
5c4a428161c51f0001e96b3f,ukraine
5c4a428161c51f0001e96b3f,belarus
5c4a428161c51f0001e96b3f,lithuania
5c4a428161c51f0001e96b3f,latvia
5ed9311e1a69d449577bb8cf,ecuador
5ed9311e1a69d449577bb8cf,united states
5ed9311e1a69d449577bb8cf,mexico
5ed9311e1a69d449577bb8cf,canada
5ed9311e1a69d449577bb8cf,brazil
5ed9311e1a69d449577bb8cf,colombia
5ed9311e1a69d449577bb8cf,peru
5ed9311e1a69d449577bb8cf,argentina
5ed9311e1a69d449577bb8cf,bolivia
5ed9311e1a69d449577bb8cf,chile
5ed9311e1a69d449577bb8cf,japan
5ed9311e1a69d449577bb8cf,spain
5ed9311e1a69d449577bb8cf,portugal
5ed9311e1a69d449577bb8cf,belgium
5ed9311e1a69d449577bb8cf,italy
5ed9311e1a69d449577bb8cf,france
5ed9311e1a69d449577bb8cf,denmark
5ed9311e1a69d449577bb8cf,england
5ed9311e1a69d449577bb8cf,china
5ed9311e1a69d449577bb8cf,russia
5ed9311e1a69d449577bb8cf,turkey
5ed9311e1a69d449577bb8cf,morocco
5ed9311e1a69d449577bb8cf,egypt
5ed9311e1a69d449577bb8cf,canada
5ed9311e1a69d449577bb8cf,germany
5ed9311e1a69d449577bb8cf,south africa
5ed9311e1a69d449577bb8cf,guiana
5ed9311e1a69d449577bb8cf,sudan
5ed9311e1a69d449577bb8cf,nigeria
5ed9311e1a69d449577bb8cf,ghana
5ed9311e1a69d449577bb8cf,cameroon
5ed9311e1a69d449577bb8cf,australia
5ed9311e1a69d449577bb8cf,ireland
5ed9311e1a69d449577bb8cf,cambodia
5ed9311e1a69d449577bb8cf,india
5ed9311e1a69d449577bb8cf,fiji
60fcf1a04c245326d05076e0,america
60fcf1a04c245326d05076e0,england
60fcf1a04c245326d05076e0,wales
60fcf1a04c245326d05076e0,canada
60fcf1a04c245326d05076e0,mexico
60fcf1a04c245326d05076e0,guatemala
60fcf1a04c245326d05076e0,south africa
60fcf1a04c245326d05076e0,ethiopia
60fcf1a04c245326d05076e0,croatia
60fcf1a04c245326d05076e0,france
60fcf1a04c245326d05076e0,belgium
60fcf1a04c245326d05076e0,germany
60fcf1a04c245326d05076e0,italy
60fcf1a04c245326d05076e0,china
60fcf1a04c245326d05076e0,russia
60fcf1a04c245326d05076e0,ukraine
60fcf1a04c245326d05076e0,south korea
60fcf1a04c245326d05076e0,north korea
60fcf1a04c245326d05076e0,kenya
60fcf1a04c245326d05076e0,sweden
60fcf1a04c245326d05076e0,switzerland
60fcf1a04c245326d05076e0,denmark
60fcf1a04c245326d05076e0,norway
60fcf1a04c245326d05076e0,iceland
60fcf1a04c245326d05076e0,greenland
60fcf1a04c245326d05076e0,japan
60fcf1a04c245326d05076e0,singapore
65f1ec7ae5a09035345db62e,united states
65f1ec7ae5a09035345db62e,qatar
65f1ec7ae5a09035345db62e,yemen
65f1ec7ae5a09035345db62e,israel
65f1ec7ae5a09035345db62e,zimbabwe
65f1ec7ae5a09035345db62e,russia
65f1ec7ae5a09035345db62e,denmark
65f1ec7ae5a09035345db62e,hungary
65f1ec7ae5a09035345db62e,finland
65f1ec7ae5a09035345db62e,japan
65f1ec7ae5a09035345db62e,uganda
65f1ec7ae5a09035345db62e,norway
65f1ec7ae5a09035345db62e,portugal
65f1ec7ae5a09035345db62e,lithuania
65f1ec7ae5a09035345db62e,ireland
65f1ec7ae5a09035345db62e,china
65f1ec7ae5a09035345db62e,bahamas
65f1ec7ae5a09035345db62e,belgium
65f1ec7ae5a09035345db62e,luxembourg
65f1ec7ae5a09035345db62e,germany
65f1ec7ae5a09035345db62e,france
65f1ec7ae5a09035345db62e,burundi
65f1ec7ae5a09035345db62e,brazil
65f1ec7ae5a09035345db62e,djibouti
65f1ec7ae5a09035345db62e,netherlands
65f1ec7ae5a09035345db62e,estonia
65f1ec7ae5a09035345db62e,belgium
65f1ec7ae5a09035345db62e,australia
65f1ec7ae5a09035345db62e,poland
65f1ec7ae5a09035345db62e,spain
65f1ec7ae5a09035345db62e,morocco
65f1ec7ae5a09035345db62e,sweden
65f1ec7ae5a09035345db62e,south africa
65f1ec7ae5a09035345db62e,chile
65f1ec7ae5a09035345db62e,italy
65f1ec7ae5a09035345db62e,turkey
65f1ec7ae5a09035345db62e,argentina
65f1ec7ae5a09035345db62e,norway
65f1ec7ae5a09035345db62e,singapore
65f1ec7ae5a09035345db62e,bulgaria
65f1ec7ae5a09035345db62e,cypress
65f1ec7ae5a09035345db62e,afghanistan
65f1ec7ae5a09035345db62e,cambodia
65f1ec7ae5a09035345db62e,cameroon
65f1ec7ae5a09035345db62e,taiwan
65f1ec7ae5a09035345db62e,russia
65f1ec7ae5a09035345db62e,algeria
65f1ec7ae5a09035345db62e,china
65f1ec7ae5a09035345db62e,india
65f1ec7ae5a09035345db62e,brazil
65f1ec7ae5a09035345db62e,canada
65f1ec7ae5a09035345db62e,cuba
65f1ec7ae5a09035345db62e,bahamas
65f1ec7ae5a09035345db62e,bangladesh
65f1ec7ae5a09035345db62e,barbados
65f1ec7ae5a09035345db62e,vietnam
65f1ec7ae5a09035345db62e,japan
65f1ec7ae5a09035345db62e,taiwan
65e63b7fc845c96c2c2520bc,united states
65e63b7fc845c96c2c2520bc,canada
65e63b7fc845c96c2c2520bc,mexico
65e63b7fc845c96c2c2520bc,panama
65e63b7fc845c96c2c2520bc,brazil
65e63b7fc845c96c2c2520bc,peru
65e63b7fc845c96c2c2520bc,argentina
65e63b7fc845c96c2c2520bc,guiana
65e63b7fc845c96c2c2520bc,bolivia
65e63b7fc845c96c2c2520bc,uruguay
65e63b7fc845c96c2c2520bc,haiti
65e63b7fc845c96c2c2520bc,dominican republic
65e63b7fc845c96c2c2520bc,cuba
65e63b7fc845c96c2c2520bc,russia
65e63b7fc845c96c2c2520bc,kazakhstan
65e63b7fc845c96c2c2520bc,uganda
65e63b7fc845c96c2c2520bc,kazakhstan
65e63b7fc845c96c2c2520bc,india
65e63b7fc845c96c2c2520bc,pakistan
65e63b7fc845c96c2c2520bc,bangladesh
65e63b7fc845c96c2c2520bc,ghana
65e63b7fc845c96c2c2520bc,ireland
65e63b7fc845c96c2c2520bc,uae
65e63b7fc845c96c2c2520bc,vietnam
65e63b7fc845c96c2c2520bc,japan
65e63b7fc845c96c2c2520bc,taiwan
65e63b7fc845c96c2c2520bc,china
65e63b7fc845c96c2c2520bc,mongolia
65e63b7fc845c96c2c2520bc,yemen
65e63b7fc845c96c2c2520bc,saudi arabia
65e63b7fc845c96c2c2520bc,oman
65e63b7fc845c96c2c2520bc,emirates
65e63b7fc845c96c2c2520bc,qatar
65e63b7fc845c96c2c2520bc,germany
65e63b7fc845c96c2c2520bc,france
65e63b7fc845c96c2c2520bc,italy
65e63b7fc845c96c2c2520bc,greece
65e63b7fc845c96c2c2520bc,turkey
65e63b7fc845c96c2c2520bc,albania
65e63b7fc845c96c2c2520bc,latvia
65e63b7fc845c96c2c2520bc,belarus
65e63b7fc845c96c2c2520bc,ukraine
65e63b7fc845c96c2c2520bc,norway
65e63b7fc845c96c2c2520bc,finland
65e63b7fc845c96c2c2520bc,sweden
65e63b7fc845c96c2c2520bc,scotland
65e63b7fc845c96c2c2520bc,england
65e63b7fc845c96c2c2520bc,ireland
65e63b7fc845c96c2c2520bc,portugal
65e63b7fc845c96c2c2520bc,spain
65e63b7fc845c96c2c2520bc,morocco
65e63b7fc845c96c2c2520bc,algeria
65e63b7fc845c96c2c2520bc,ghana
65e63b7fc845c96c2c2520bc,nigeria
65e63b7fc845c96c2c2520bc,south africa
65e63b7fc845c96c2c2520bc,botswana
65e63b7fc845c96c2c2520bc,uganda
65e63b7fc845c96c2c2520bc,zimbabwe
65e63b7fc845c96c2c2520bc,liberia
65e63b7fc845c96c2c2520bc,congo
65e63b7fc845c96c2c2520bc,lesotho
65e63b7fc845c96c2c2520bc,kenya
65e63b7fc845c96c2c2520bc,madagascar
65e63b7fc845c96c2c2520bc,indonesia
65e63b7fc845c96c2c2520bc,malaysia
65d6af2397543519d98f2498,united states
65d6af2397543519d98f2498,mexico
65d6af2397543519d98f2498,canada
65d6af2397543519d98f2498,guatemala
65d6af2397543519d98f2498,ecuador
65d6af2397543519d98f2498,brazil
65d6af2397543519d98f2498,peru
65d6af2397543519d98f2498,china
65d6af2397543519d98f2498,russia
65d6af2397543519d98f2498,philippines
65d6af2397543519d98f2498,japan
65d6af2397543519d98f2498,south korea
65d6af2397543519d98f2498,qatar
65d6af2397543519d98f2498,yemen
65d6af2397543519d98f2498,germany
65d6af2397543519d98f2498,hungary
65d6af2397543519d98f2498,portugal
65d6af2397543519d98f2498,ireland
65d6af2397543519d98f2498,japan
65d6af2397543519d98f2498,ghana
65d6af2397543519d98f2498,nigeria
65d6af2397543519d98f2498,egypt
65d6af2397543519d98f2498,finland
65d6af2397543519d98f2498,argentina
65d6af2397543519d98f2498,afghanistan
65d6af2397543519d98f2498,iraq
65d6af2397543519d98f2498,iran
65d6af2397543519d98f2498,algeria
65d6af2397543519d98f2498,albania
65d6af2397543519d98f2498,luxembourg
65d6af2397543519d98f2498,australia
65d6af2397543519d98f2498,netherlands
65d6af2397543519d98f2498,chile
65d6af2397543519d98f2498,spain
65d6af2397543519d98f2498,belgium
65d6af2397543519d98f2498,sweden
65d6af2397543519d98f2498,ireland
65d6af2397543519d98f2498,south africa
65d6af2397543519d98f2498,morocco
65d6af2397543519d98f2498,norway
65d6af2397543519d98f2498,estonia
65d6af2397543519d98f2498,armenia
65d6af2397543519d98f2498,algeria
65d6af2397543519d98f2498,angola
65d6af2397543519d98f2498,uganda
65d6af2397543519d98f2498,norway
65d6af2397543519d98f2498,wales
65d6af2397543519d98f2498,pakistan
65cc2139907d390e13480a97,united states of america
65cc2139907d390e13480a97,mexico
65cc2139907d390e13480a97,canada
65cc2139907d390e13480a97,peru
65cc2139907d390e13480a97,brasil
65cc2139907d390e13480a97,singapore
65cc2139907d390e13480a97,japan
65cc2139907d390e13480a97,china
65cc2139907d390e13480a97,thailand
65cc2139907d390e13480a97,malaysia
65cc2139907d390e13480a97,vietnam
65cc2139907d390e13480a97,laos
65cc2139907d390e13480a97,cambodia
65cc2139907d390e13480a97,philippines
65cc2139907d390e13480a97,czech
65cc2139907d390e13480a97,russia
65cc2139907d390e13480a97,ukraine
65cc2139907d390e13480a97,denmark
65cc2139907d390e13480a97,finland
65cc2139907d390e13480a97,england
65cc2139907d390e13480a97,ireland
65cc2139907d390e13480a97,portugal
65cc2139907d390e13480a97,argentina
65cc2139907d390e13480a97,australia
65cc2139907d390e13480a97,armenia
65cc2139907d390e13480a97,india
65cc2139907d390e13480a97,germany
65cc2139907d390e13480a97,italy
65cc2139907d390e13480a97,france
65cc2139907d390e13480a97,belgium
65cc2139907d390e13480a97,ireland
65cc2139907d390e13480a97,iceland
65cbcaaab9e2fae86452af73,america
65cbcaaab9e2fae86452af73,mexico
65cbcaaab9e2fae86452af73,brazil
65cbcaaab9e2fae86452af73,guatemala
65cbcaaab9e2fae86452af73,honduras
65cbcaaab9e2fae86452af73,yemen
65cbcaaab9e2fae86452af73,oman
65cbcaaab9e2fae86452af73,guyana
65cbcaaab9e2fae86452af73,bolivia
65cbcaaab9e2fae86452af73,portugal
65cbcaaab9e2fae86452af73,chile
65cbcaaab9e2fae86452af73,el salvador
65cbcaaab9e2fae86452af73,cuba
65cbcaaab9e2fae86452af73,canada
65cbcaaab9e2fae86452af73,india
65cbcaaab9e2fae86452af73,nepal
65cbcaaab9e2fae86452af73,pakistan
65cbcaaab9e2fae86452af73,iran
65cbcaaab9e2fae86452af73,iraq
65cbcaaab9e2fae86452af73,afghanistan
65cbcaaab9e2fae86452af73,kazakhstan
65cbcaaab9e2fae86452af73,italy
65cbcaaab9e2fae86452af73,france
65cbcaaab9e2fae86452af73,russia
65cbcaaab9e2fae86452af73,china
65cbcaaab9e2fae86452af73,japan
65cbcaaab9e2fae86452af73,south korea
65cbcaaab9e2fae86452af73,north korea
65cbcaaab9e2fae86452af73,singapore
65cbcaaab9e2fae86452af73,malaysia
65cbcaaab9e2fae86452af73,philippines
65cbcaaab9e2fae86452af73,south africa
65cbcaaab9e2fae86452af73,tanzania
65cbcaaab9e2fae86452af73,niger
65cbcaaab9e2fae86452af73,egypt
65cbcaaab9e2fae86452af73,albania
65cbcaaab9e2fae86452af73,algeria
65cbcaaab9e2fae86452af73,greenland
65cbcaaab9e2fae86452af73,iceland
65cbcaaab9e2fae86452af73,finland
65cbcaaab9e2fae86452af73,switzerland
65cbcaaab9e2fae86452af73,china
65cbcaaab9e2fae86452af73,germany
65cbcaaab9e2fae86452af73,belize
65cbcaaab9e2fae86452af73,dominican republic
65cbcaaab9e2fae86452af73,yugoslavia
65cbcaaab9e2fae86452af73,georgia
65cbcaaab9e2fae86452af73,saudi arabia
65cbcaaab9e2fae86452af73,emirates
65cbcaaab9e2fae86452af73,qatar
65cbcaaab9e2fae86452af73,bangladesh
