Subject,Fluency_Item,Switch_Value,Switch_Method
5c1942e200849900010afdcd,america,2,simdrop
5c1942e200849900010afdcd,canada,0,simdrop
5c1942e200849900010afdcd,mexico,0,simdrop
5c1942e200849900010afdcd,haiti,1,simdrop
5c1942e200849900010afdcd,cuba,0,simdrop
5c1942e200849900010afdcd,dominican republic,0,simdrop
5c1942e200849900010afdcd,brazil,1,simdrop
5c1942e200849900010afdcd,argentina,0,simdrop
5c1942e200849900010afdcd,chile,1,simdrop
5c1942e200849900010afdcd,ecuador,0,simdrop
5c1942e200849900010afdcd,colombia,0,simdrop
5c1942e200849900010afdcd,ireland,1,simdrop
5c1942e200849900010afdcd,france,0,simdrop
5c1942e200849900010afdcd,portugal,1,simdrop
5c1942e200849900010afdcd,spain,0,simdrop
5c1942e200849900010afdcd,germany,0,simdrop
5c1942e200849900010afdcd,luxembourg,0,simdrop
5c1942e200849900010afdcd,austria,1,simdrop
5c1942e200849900010afdcd,norway,0,simdrop
5c1942e200849900010afdcd,sweden,0,simdrop
5c1942e200849900010afdcd,finland,0,simdrop
5c1942e200849900010afdcd,iceland,1,simdrop
5c1942e200849900010afdcd,denmark,0,simdrop
5c1942e200849900010afdcd,netherlands,0,simdrop
5c1942e200849900010afdcd,belgium,0,simdrop
5c1942e200849900010afdcd,morocco,0,simdrop
5c1942e200849900010afdcd,egypt,1,simdrop
5c1942e200849900010afdcd,south africa,0,simdrop
5c1942e200849900010afdcd,nigeria,0,simdrop
5c1942e200849900010afdcd,ethiopia,0,simdrop
5c1942e200849900010afdcd,zimbabwe,0,simdrop
5c1942e200849900010afdcd,oman,0,simdrop
5c1942e200849900010afdcd,india,1,simdrop
5c1942e200849900010afdcd,ghana,0,simdrop
5c1942e200849900010afdcd,thailand,1,simdrop
5c1942e200849900010afdcd,vietnam,0,simdrop
5c1942e200849900010afdcd,myanmar,1,simdrop
5c1942e200849900010afdcd,burma,0,simdrop
5c1942e200849900010afdcd,japan,1,simdrop
5c1942e200849900010afdcd,china,0,simdrop
5c1942e200849900010afdcd,north korea,1,simdrop
5c1942e200849900010afdcd,south korea,0,simdrop
5c1942e200849900010afdcd,indonesia,1,simdrop
5c1942e200849900010afdcd,malaysia,0,simdrop
5c1942e200849900010afdcd,papua,0,simdrop
5c1942e200849900010afdcd,guinea,0,simdrop
5c1942e200849900010afdcd,australia,1,simdrop
5c1942e200849900010afdcd,ireland,0,simdrop
5c1942e200849900010afdcd,russia,1,simdrop
5c1942e200849900010afdcd,ukraine,0,simdrop
5c1942e200849900010afdcd,armenia,1,simdrop
5c1942e200849900010afdcd,turkey,0,simdrop
5c1942e200849900010afdcd,georgia,0,simdrop
5c1942e200849900010afdcd,lebanon,0,simdrop
5c1942e200849900010afdcd,jordan,1,simdrop
5c1942e200849900010afdcd,saudi arabia,0,simdrop
5c1942e200849900010afdcd,afghanistan,0,simdrop
5c1942e200849900010afdcd,iran,0,simdrop
5c1942e200849900010afdcd,nepal,2,simdrop
5c4a428161c51f0001e96b3f,us,2,simdrop
5c4a428161c51f0001e96b3f,mexico,0,simdrop
5c4a428161c51f0001e96b3f,spain,0,simdrop
5c4a428161c51f0001e96b3f,france,0,simdrop
5c4a428161c51f0001e96b3f,germany,0,simdrop
5c4a428161c51f0001e96b3f,canada,1,simdrop
5c4a428161c51f0001e96b3f,russia,0,simdrop
5c4a428161c51f0001e96b3f,guatemala,1,simdrop
5c4a428161c51f0001e96b3f,uganda,0,simdrop
5c4a428161c51f0001e96b3f,belize,1,simdrop
5c4a428161c51f0001e96b3f,el salvador,0,simdrop
5c4a428161c51f0001e96b3f,honduras,0,simdrop
5c4a428161c51f0001e96b3f,nicaragua,0,simdrop
5c4a428161c51f0001e96b3f,togo,0,simdrop
5c4a428161c51f0001e96b3f,panama,1,simdrop
5c4a428161c51f0001e96b3f,colombia,0,simdrop
5c4a428161c51f0001e96b3f,venezuela,0,simdrop
5c4a428161c51f0001e96b3f,guyana,0,simdrop
5c4a428161c51f0001e96b3f,togo,1,simdrop
5c4a428161c51f0001e96b3f,suriname,0,simdrop
5c4a428161c51f0001e96b3f,guiana,0,simdrop
5c4a428161c51f0001e96b3f,bolivia,1,simdrop
5c4a428161c51f0001e96b3f,chile,0,simdrop
5c4a428161c51f0001e96b3f,argentina,1,simdrop
5c4a428161c51f0001e96b3f,paraguay,0,simdrop
5c4a428161c51f0001e96b3f,uruguay,0,simdrop
5c4a428161c51f0001e96b3f,china,1,simdrop
5c4a428161c51f0001e96b3f,north korea,0,simdrop
5c4a428161c51f0001e96b3f,south korea,0,simdrop
5c4a428161c51f0001e96b3f,japan,0,simdrop
5c4a428161c51f0001e96b3f,taiwan,0,simdrop
5c4a428161c51f0001e96b3f,philippines,1,simdrop
5c4a428161c51f0001e96b3f,indonesia,0,simdrop
5c4a428161c51f0001e96b3f,singapore,1,simdrop
5c4a428161c51f0001e96b3f,malaysia,0,simdrop
5c4a428161c51f0001e96b3f,vietnam,1,simdrop
5c4a428161c51f0001e96b3f,cambodia,0,simdrop
5c4a428161c51f0001e96b3f,thailand,0,simdrop
5c4a428161c51f0001e96b3f,laos,0,simdrop
5c4a428161c51f0001e96b3f,myanmar,0,simdrop
5c4a428161c51f0001e96b3f,bhutan,0,simdrop
5c4a428161c51f0001e96b3f,bangladesh,0,simdrop
5c4a428161c51f0001e96b3f,nepal,1,simdrop
5c4a428161c51f0001e96b3f,india,0,simdrop
5c4a428161c51f0001e96b3f,pakistan,0,simdrop
5c4a428161c51f0001e96b3f,tajikistan,0,simdrop
5c4a428161c51f0001e96b3f,uganda,0,simdrop
5c4a428161c51f0001e96b3f,kyrgyzstan,1,simdrop
5c4a428161c51f0001e96b3f,pakistan,0,simdrop
5c4a428161c51f0001e96b3f,turkmenistan,0,simdrop
5c4a428161c51f0001e96b3f,afghanistan,1,simdrop
5c4a428161c51f0001e96b3f,iran,0,simdrop
5c4a428161c51f0001e96b3f,kazakhstan,0,simdrop
5c4a428161c51f0001e96b3f,iraq,1,simdrop
5c4a428161c51f0001e96b3f,kuwait,0,simdrop
5c4a428161c51f0001e96b3f,qatar,1,simdrop
5c4a428161c51f0001e96b3f,emirates,0,simdrop
5c4a428161c51f0001e96b3f,oman,1,simdrop
5c4a428161c51f0001e96b3f,yemen,0,simdrop
5c4a428161c51f0001e96b3f,saudi arabia,0,simdrop
5c4a428161c51f0001e96b3f,jordan,1,simdrop
5c4a428161c51f0001e96b3f,israel,0,simdrop
5c4a428161c51f0001e96b3f,palestine,0,simdrop
5c4a428161c51f0001e96b3f,egypt,0,simdrop
5c4a428161c51f0001e96b3f,cyprus,1,simdrop
5c4a428161c51f0001e96b3f,turkey,0,simdrop
5c4a428161c51f0001e96b3f,greece,0,simdrop
5c4a428161c51f0001e96b3f,bulgaria,1,simdrop
5c4a428161c51f0001e96b3f,romania,0,simdrop
5c4a428161c51f0001e96b3f,moldova,0,simdrop
5c4a428161c51f0001e96b3f,ukraine,1,simdrop
5c4a428161c51f0001e96b3f,belarus,0,simdrop
5c4a428161c51f0001e96b3f,lithuania,0,simdrop
5c4a428161c51f0001e96b3f,latvia,2,simdrop
5d3cc9010e510a00013df6f6,canada,2,simdrop
5d3cc9010e510a00013df6f6,mexico,0,simdrop
5d3cc9010e510a00013df6f6,panama,1,simdrop
5d3cc9010e510a00013df6f6,peru,0,simdrop
5d3cc9010e510a00013df6f6,brazil,0,simdrop
5d3cc9010e510a00013df6f6,russia,1,simdrop
5d3cc9010e510a00013df6f6,china,0,simdrop
5d3cc9010e510a00013df6f6,japan,0,simdrop
5d3cc9010e510a00013df6f6,north korea,1,simdrop
5d3cc9010e510a00013df6f6,south korea,0,simdrop
5d3cc9010e510a00013df6f6,india,1,simdrop
5d3cc9010e510a00013df6f6,south africa,0,simdrop
5d3cc9010e510a00013df6f6,nigeria,0,simdrop
5d3cc9010e510a00013df6f6,tonga,0,simdrop
5d3cc9010e510a00013df6f6,somalia,1,simdrop
5d3cc9010e510a00013df6f6,ireland,0,simdrop
5d3cc9010e510a00013df6f6,england,0,simdrop
5d3cc9010e510a00013df6f6,netherlands,1,simdrop
5d3cc9010e510a00013df6f6,spain,0,simdrop
5d3cc9010e510a00013df6f6,germany,0,simdrop
5d3cc9010e510a00013df6f6,thailand,1,simdrop
5d3cc9010e510a00013df6f6,taiwan,0,simdrop
5d3cc9010e510a00013df6f6,us,0,simdrop
5d3cc9010e510a00013df6f6,kazakhstan,1,simdrop
5d3cc9010e510a00013df6f6,iraq,0,simdrop
5d3cc9010e510a00013df6f6,iran,0,simdrop
5d3cc9010e510a00013df6f6,pakistan,2,simdrop
5e7fefe06c12706d47e35211,united states,2,simdrop
5e7fefe06c12706d47e35211,canada,0,simdrop
5e7fefe06c12706d47e35211,mexico,0,simdrop
5e7fefe06c12706d47e35211,greenland,1,simdrop
5e7fefe06c12706d47e35211,iceland,0,simdrop
5e7fefe06c12706d47e35211,finland,0,simdrop
5e7fefe06c12706d47e35211,south africa,1,simdrop
5e7fefe06c12706d47e35211,kenya,0,simdrop
5e7fefe06c12706d47e35211,niger,0,simdrop
5e7fefe06c12706d47e35211,egypt,1,simdrop
5e7fefe06c12706d47e35211,congo,0,simdrop
5e7fefe06c12706d47e35211,chad,0,simdrop
5e7fefe06c12706d47e35211,spain,1,simdrop
5e7fefe06c12706d47e35211,italy,0,simdrop
5e7fefe06c12706d47e35211,england,1,simdrop
5e7fefe06c12706d47e35211,ireland,0,simdrop
5e7fefe06c12706d47e35211,france,0,simdrop
5e7fefe06c12706d47e35211,singapore,1,simdrop
5e7fefe06c12706d47e35211,japan,0,simdrop
5e7fefe06c12706d47e35211,china,0,simdrop
5e7fefe06c12706d47e35211,thailand,0,simdrop
5e7fefe06c12706d47e35211,russia,1,simdrop
5e7fefe06c12706d47e35211,australia,0,simdrop
5e7fefe06c12706d47e35211,chile,1,simdrop
5e7fefe06c12706d47e35211,argentina,0,simdrop
5e7fefe06c12706d47e35211,peru,1,simdrop
5e7fefe06c12706d47e35211,colombia,0,simdrop
5e7fefe06c12706d47e35211,brazil,0,simdrop
5e7fefe06c12706d47e35211,jamaica,1,simdrop
5e7fefe06c12706d47e35211,dominican republic,0,simdrop
5e7fefe06c12706d47e35211,haiti,0,simdrop
5e7fefe06c12706d47e35211,czechoslovakia,1,simdrop
5e7fefe06c12706d47e35211,romania,0,simdrop
5e7fefe06c12706d47e35211,turkey,1,simdrop
5e7fefe06c12706d47e35211,iraq,0,simdrop
5e7fefe06c12706d47e35211,iran,0,simdrop
5e7fefe06c12706d47e35211,uzbekistan,1,simdrop
5e7fefe06c12706d47e35211,qatar,0,simdrop
5e7fefe06c12706d47e35211,india,2,simdrop
5e8a76b3939b3072dc76fb5c,united states,2,simdrop
5e8a76b3939b3072dc76fb5c,canada,0,simdrop
5e8a76b3939b3072dc76fb5c,mexico,0,simdrop
5e8a76b3939b3072dc76fb5c,brazil,0,simdrop
5e8a76b3939b3072dc76fb5c,chile,1,simdrop
5e8a76b3939b3072dc76fb5c,argentina,0,simdrop
5e8a76b3939b3072dc76fb5c,venezuela,1,simdrop
5e8a76b3939b3072dc76fb5c,el salvador,0,simdrop
5e8a76b3939b3072dc76fb5c,honduras,0,simdrop
5e8a76b3939b3072dc76fb5c,greenland,1,simdrop
5e8a76b3939b3072dc76fb5c,iceland,0,simdrop
5e8a76b3939b3072dc76fb5c,uganda,0,simdrop
5e8a76b3939b3072dc76fb5c,latvia,1,simdrop
5e8a76b3939b3072dc76fb5c,australia,0,simdrop
5e8a76b3939b3072dc76fb5c,england,0,simdrop
5e8a76b3939b3072dc76fb5c,germany,0,simdrop
5e8a76b3939b3072dc76fb5c,france,0,simdrop
5e8a76b3939b3072dc76fb5c,italy,0,simdrop
5e8a76b3939b3072dc76fb5c,spain,0,simdrop
5e8a76b3939b3072dc76fb5c,ireland,1,simdrop
5e8a76b3939b3072dc76fb5c,scotland,0,simdrop
5e8a76b3939b3072dc76fb5c,egypt,1,simdrop
5e8a76b3939b3072dc76fb5c,nigeria,0,simdrop
5e8a76b3939b3072dc76fb5c,chad,0,simdrop
5e8a76b3939b3072dc76fb5c,south africa,1,simdrop
5e8a76b3939b3072dc76fb5c,madagascar,0,simdrop
5e8a76b3939b3072dc76fb5c,japan,1,simdrop
5e8a76b3939b3072dc76fb5c,china,0,simdrop
5e8a76b3939b3072dc76fb5c,vietnam,0,simdrop
5e8a76b3939b3072dc76fb5c,south korea,1,simdrop
5e8a76b3939b3072dc76fb5c,north korea,0,simdrop
5e8a76b3939b3072dc76fb5c,thailand,1,simdrop
5e8a76b3939b3072dc76fb5c,russia,0,simdrop
5e8a76b3939b3072dc76fb5c,ukraine,0,simdrop
5e8a76b3939b3072dc76fb5c,czech,0,simdrop
5e8a76b3939b3072dc76fb5c,dominican republic,2,simdrop
5ed9311e1a69d449577bb8cf,ecuador,2,simdrop
5ed9311e1a69d449577bb8cf,united states,0,simdrop
5ed9311e1a69d449577bb8cf,mexico,0,simdrop
5ed9311e1a69d449577bb8cf,canada,0,simdrop
5ed9311e1a69d449577bb8cf,brazil,1,simdrop
5ed9311e1a69d449577bb8cf,colombia,0,simdrop
5ed9311e1a69d449577bb8cf,peru,0,simdrop
5ed9311e1a69d449577bb8cf,argentina,1,simdrop
5ed9311e1a69d449577bb8cf,bolivia,0,simdrop
5ed9311e1a69d449577bb8cf,chile,0,simdrop
5ed9311e1a69d449577bb8cf,japan,1,simdrop
5ed9311e1a69d449577bb8cf,spain,0,simdrop
5ed9311e1a69d449577bb8cf,portugal,0,simdrop
5ed9311e1a69d449577bb8cf,belgium,1,simdrop
5ed9311e1a69d449577bb8cf,italy,0,simdrop
5ed9311e1a69d449577bb8cf,france,0,simdrop
5ed9311e1a69d449577bb8cf,denmark,1,simdrop
5ed9311e1a69d449577bb8cf,england,0,simdrop
5ed9311e1a69d449577bb8cf,china,0,simdrop
5ed9311e1a69d449577bb8cf,russia,0,simdrop
5ed9311e1a69d449577bb8cf,turkey,0,simdrop
5ed9311e1a69d449577bb8cf,morocco,0,simdrop
5ed9311e1a69d449577bb8cf,egypt,0,simdrop
5ed9311e1a69d449577bb8cf,canada,1,simdrop
5ed9311e1a69d449577bb8cf,germany,0,simdrop
5ed9311e1a69d449577bb8cf,south africa,0,simdrop
5ed9311e1a69d449577bb8cf,guiana,1,simdrop
5ed9311e1a69d449577bb8cf,sudan,0,simdrop
5ed9311e1a69d449577bb8cf,nigeria,0,simdrop
5ed9311e1a69d449577bb8cf,ghana,0,simdrop
5ed9311e1a69d449577bb8cf,cameroon,0,simdrop
5ed9311e1a69d449577bb8cf,australia,1,simdrop
5ed9311e1a69d449577bb8cf,ireland,0,simdrop
5ed9311e1a69d449577bb8cf,cambodia,1,simdrop
5ed9311e1a69d449577bb8cf,india,0,simdrop
5ed9311e1a69d449577bb8cf,fiji,2,simdrop
5f6c102b6ec04317fc9a8127,united states,2,simdrop
5f6c102b6ec04317fc9a8127,japan,0,simdrop
5f6c102b6ec04317fc9a8127,albania,1,simdrop
5f6c102b6ec04317fc9a8127,germany,0,simdrop
5f6c102b6ec04317fc9a8127,canada,0,simdrop
5f6c102b6ec04317fc9a8127,italy,1,simdrop
5f6c102b6ec04317fc9a8127,france,0,simdrop
5f6c102b6ec04317fc9a8127,turkey,1,simdrop
5f6c102b6ec04317fc9a8127,russia,0,simdrop
5f6c102b6ec04317fc9a8127,mexico,1,simdrop
5f6c102b6ec04317fc9a8127,belgium,0,simdrop
5f6c102b6ec04317fc9a8127,brazil,0,simdrop
5f6c102b6ec04317fc9a8127,croatia,1,simdrop
5f6c102b6ec04317fc9a8127,india,0,simdrop
5f6c102b6ec04317fc9a8127,china,0,simdrop
5f6c102b6ec04317fc9a8127,iraq,0,simdrop
5f6c102b6ec04317fc9a8127,laos,0,simdrop
5f6c102b6ec04317fc9a8127,argentina,1,simdrop
5f6c102b6ec04317fc9a8127,australia,0,simdrop
5f6c102b6ec04317fc9a8127,italy,0,simdrop
5f6c102b6ec04317fc9a8127,iraq,1,simdrop
5f6c102b6ec04317fc9a8127,austria,0,simdrop
5f6c102b6ec04317fc9a8127,ireland,0,simdrop
5f6c102b6ec04317fc9a8127,bolivia,1,simdrop
5f6c102b6ec04317fc9a8127,bulgaria,0,simdrop
5f6c102b6ec04317fc9a8127,kazakhstan,0,simdrop
5f6c102b6ec04317fc9a8127,morocco,1,simdrop
5f6c102b6ec04317fc9a8127,mongolia,0,simdrop
5f6c102b6ec04317fc9a8127,philippines,1,simdrop
5f6c102b6ec04317fc9a8127,vietnam,0,simdrop
5f6c102b6ec04317fc9a8127,pakistan,1,simdrop
5f6c102b6ec04317fc9a8127,qatar,0,simdrop
5f6c102b6ec04317fc9a8127,sweden,2,simdrop
5fc6df58f380620a09116434,canada,2,simdrop
5fc6df58f380620a09116434,united states,0,simdrop
5fc6df58f380620a09116434,mexico,0,simdrop
5fc6df58f380620a09116434,jamaica,1,simdrop
5fc6df58f380620a09116434,haiti,0,simdrop
5fc6df58f380620a09116434,somalia,0,simdrop
5fc6df58f380620a09116434,nicaragua,1,simdrop
5fc6df58f380620a09116434,belize,0,simdrop
5fc6df58f380620a09116434,panama,0,simdrop
5fc6df58f380620a09116434,andorra,1,simdrop
5fc6df58f380620a09116434,argentina,0,simdrop
5fc6df58f380620a09116434,brazil,0,simdrop
5fc6df58f380620a09116434,panama,1,simdrop
5fc6df58f380620a09116434,venezuela,0,simdrop
5fc6df58f380620a09116434,colombia,0,simdrop
5fc6df58f380620a09116434,uruguay,1,simdrop
5fc6df58f380620a09116434,paraguay,0,simdrop
5fc6df58f380620a09116434,ireland,1,simdrop
5fc6df58f380620a09116434,wales,0,simdrop
5fc6df58f380620a09116434,scotland,0,simdrop
5fc6df58f380620a09116434,great britain,1,simdrop
5fc6df58f380620a09116434,france,0,simdrop
5fc6df58f380620a09116434,germany,0,simdrop
5fc6df58f380620a09116434,sweden,1,simdrop
5fc6df58f380620a09116434,norway,0,simdrop
5fc6df58f380620a09116434,greece,1,simdrop
5fc6df58f380620a09116434,italy,0,simdrop
5fc6df58f380620a09116434,switzerland,0,simdrop
5fc6df58f380620a09116434,netherlands,0,simdrop
5fc6df58f380620a09116434,china,1,simdrop
5fc6df58f380620a09116434,north korea,0,simdrop
5fc6df58f380620a09116434,south korea,0,simdrop
5fc6df58f380620a09116434,japan,0,simdrop
5fc6df58f380620a09116434,russia,1,simdrop
5fc6df58f380620a09116434,estonia,0,simdrop
5fc6df58f380620a09116434,thailand,1,simdrop
5fc6df58f380620a09116434,india,0,simdrop
5fc6df58f380620a09116434,vietnam,0,simdrop
5fc6df58f380620a09116434,philippines,1,simdrop
5fc6df58f380620a09116434,australia,0,simdrop
5fc6df58f380620a09116434,south africa,0,simdrop
5fc6df58f380620a09116434,kenya,1,simdrop
5fc6df58f380620a09116434,uganda,0,simdrop
5fc6df58f380620a09116434,madagascar,0,simdrop
5fc6df58f380620a09116434,egypt,1,simdrop
5fc6df58f380620a09116434,zimbabwe,0,simdrop
5fc6df58f380620a09116434,kazakhstan,1,simdrop
5fc6df58f380620a09116434,pakistan,0,simdrop
5fc6df58f380620a09116434,afghanistan,0,simdrop
5fc6df58f380620a09116434,iraq,1,simdrop
5fc6df58f380620a09116434,iran,0,simdrop
5fc6df58f380620a09116434,austria,1,simdrop
5fc6df58f380620a09116434,czech,0,simdrop
5fc6df58f380620a09116434,cuba,1,simdrop
5fc6df58f380620a09116434,japan,0,simdrop
5fc6df58f380620a09116434,guinea,2,simdrop
60da4f9aa1ced7efeecca18a,canada,2,simdrop
60da4f9aa1ced7efeecca18a,argentina,0,simdrop
60da4f9aa1ced7efeecca18a,peru,0,simdrop
60da4f9aa1ced7efeecca18a,ecuador,0,simdrop
60da4f9aa1ced7efeecca18a,el salvador,1,simdrop
60da4f9aa1ced7efeecca18a,brazil,0,simdrop
60da4f9aa1ced7efeecca18a,chile,1,simdrop
60da4f9aa1ced7efeecca18a,paraguay,0,simdrop
60da4f9aa1ced7efeecca18a,china,1,simdrop
60da4f9aa1ced7efeecca18a,india,0,simdrop
60da4f9aa1ced7efeecca18a,england,0,simdrop
60da4f9aa1ced7efeecca18a,france,0,simdrop
60da4f9aa1ced7efeecca18a,germany,0,simdrop
60da4f9aa1ced7efeecca18a,poland,0,simdrop
60da4f9aa1ced7efeecca18a,russia,1,simdrop
60da4f9aa1ced7efeecca18a,ukraine,0,simdrop
60da4f9aa1ced7efeecca18a,montenegro,1,simdrop
60da4f9aa1ced7efeecca18a,moldova,0,simdrop
60da4f9aa1ced7efeecca18a,bosnia,0,simdrop
60da4f9aa1ced7efeecca18a,uganda,0,simdrop
60da4f9aa1ced7efeecca18a,herzegovina,1,simdrop
60da4f9aa1ced7efeecca18a,kazakhstan,0,simdrop
60da4f9aa1ced7efeecca18a,pakistan,0,simdrop
60da4f9aa1ced7efeecca18a,bangladesh,0,simdrop
60da4f9aa1ced7efeecca18a,south korea,1,simdrop
60da4f9aa1ced7efeecca18a,north korea,0,simdrop
60da4f9aa1ced7efeecca18a,japan,0,simdrop
60da4f9aa1ced7efeecca18a,vietnam,1,simdrop
60da4f9aa1ced7efeecca18a,thailand,0,simdrop
60da4f9aa1ced7efeecca18a,philippines,0,simdrop
60da4f9aa1ced7efeecca18a,switzerland,1,simdrop
60da4f9aa1ced7efeecca18a,austria,0,simdrop
60da4f9aa1ced7efeecca18a,hungary,0,simdrop
60da4f9aa1ced7efeecca18a,italy,1,simdrop
60da4f9aa1ced7efeecca18a,greece,0,simdrop
60da4f9aa1ced7efeecca18a,spain,1,simdrop
60da4f9aa1ced7efeecca18a,portugal,0,simdrop
60da4f9aa1ced7efeecca18a,ireland,0,simdrop
60da4f9aa1ced7efeecca18a,andorra,1,simdrop
60da4f9aa1ced7efeecca18a,luxembourg,0,simdrop
60da4f9aa1ced7efeecca18a,vatican,1,simdrop
60da4f9aa1ced7efeecca18a,italy,0,simdrop
60da4f9aa1ced7efeecca18a,iceland,1,simdrop
60da4f9aa1ced7efeecca18a,norway,0,simdrop
60da4f9aa1ced7efeecca18a,finland,0,simdrop
60da4f9aa1ced7efeecca18a,sweden,0,simdrop
60da4f9aa1ced7efeecca18a,denmark,0,simdrop
60da4f9aa1ced7efeecca18a,australia,1,simdrop
60da4f9aa1ced7efeecca18a,ireland,2,simdrop
60fcf1a04c245326d05076e0,america,2,simdrop
60fcf1a04c245326d05076e0,england,0,simdrop
60fcf1a04c245326d05076e0,wales,0,simdrop
60fcf1a04c245326d05076e0,canada,1,simdrop
60fcf1a04c245326d05076e0,mexico,0,simdrop
60fcf1a04c245326d05076e0,guatemala,0,simdrop
60fcf1a04c245326d05076e0,south africa,1,simdrop
60fcf1a04c245326d05076e0,ethiopia,0,simdrop
60fcf1a04c245326d05076e0,croatia,1,simdrop
60fcf1a04c245326d05076e0,france,0,simdrop
60fcf1a04c245326d05076e0,belgium,0,simdrop
60fcf1a04c245326d05076e0,germany,1,simdrop
60fcf1a04c245326d05076e0,italy,0,simdrop
60fcf1a04c245326d05076e0,china,1,simdrop
60fcf1a04c245326d05076e0,russia,0,simdrop
60fcf1a04c245326d05076e0,ukraine,0,simdrop
60fcf1a04c245326d05076e0,south korea,1,simdrop
60fcf1a04c245326d05076e0,north korea,0,simdrop
60fcf1a04c245326d05076e0,kenya,0,simdrop
60fcf1a04c245326d05076e0,sweden,1,simdrop
60fcf1a04c245326d05076e0,switzerland,0,simdrop
60fcf1a04c245326d05076e0,denmark,1,simdrop
60fcf1a04c245326d05076e0,norway,0,simdrop
60fcf1a04c245326d05076e0,iceland,1,simdrop
60fcf1a04c245326d05076e0,greenland,0,simdrop
60fcf1a04c245326d05076e0,japan,1,simdrop
60fcf1a04c245326d05076e0,singapore,2,simdrop
61035836646fb6ee2152f950,canada,2,simdrop
61035836646fb6ee2152f950,iraq,0,simdrop
61035836646fb6ee2152f950,iran,0,simdrop
61035836646fb6ee2152f950,saudi arabia,0,simdrop
61035836646fb6ee2152f950,germany,0,simdrop
61035836646fb6ee2152f950,peru,1,simdrop
61035836646fb6ee2152f950,ecuador,0,simdrop
61035836646fb6ee2152f950,guatemala,0,simdrop
61035836646fb6ee2152f950,south africa,1,simdrop
61035836646fb6ee2152f950,belgium,0,simdrop
61035836646fb6ee2152f950,netherlands,0,simdrop
61035836646fb6ee2152f950,greenland,1,simdrop
61035836646fb6ee2152f950,ireland,0,simdrop
61035836646fb6ee2152f950,china,0,simdrop
61035836646fb6ee2152f950,russia,0,simdrop
61035836646fb6ee2152f950,ukraine,0,simdrop
61035836646fb6ee2152f950,japan,0,simdrop
61035836646fb6ee2152f950,colombia,1,simdrop
61035836646fb6ee2152f950,uruguay,0,simdrop
61035836646fb6ee2152f950,mexico,0,simdrop
61035836646fb6ee2152f950,thailand,1,simdrop
61035836646fb6ee2152f950,taiwan,0,simdrop
61035836646fb6ee2152f950,cuba,2,simdrop
612e6569f68929afb886fb5c,canada,2,simdrop
612e6569f68929afb886fb5c,mexico,0,simdrop
612e6569f68929afb886fb5c,cuba,0,simdrop
612e6569f68929afb886fb5c,guatemala,1,simdrop
612e6569f68929afb886fb5c,uganda,0,simdrop
612e6569f68929afb886fb5c,nicaragua,1,simdrop
612e6569f68929afb886fb5c,el salvador,0,simdrop
612e6569f68929afb886fb5c,honduras,0,simdrop
612e6569f68929afb886fb5c,colombia,1,simdrop
612e6569f68929afb886fb5c,venezuela,0,simdrop
612e6569f68929afb886fb5c,spain,1,simdrop
612e6569f68929afb886fb5c,brazil,0,simdrop
612e6569f68929afb886fb5c,uganda,1,simdrop
612e6569f68929afb886fb5c,uruguay,0,simdrop
612e6569f68929afb886fb5c,ecuador,0,simdrop
612e6569f68929afb886fb5c,peru,0,simdrop
612e6569f68929afb886fb5c,argentina,1,simdrop
612e6569f68929afb886fb5c,bolivia,0,simdrop
612e6569f68929afb886fb5c,guiana,0,simdrop
612e6569f68929afb886fb5c,liechtenstein,1,simdrop
612e6569f68929afb886fb5c,luxembourg,0,simdrop
612e6569f68929afb886fb5c,netherlands,0,simdrop
612e6569f68929afb886fb5c,belgium,0,simdrop
612e6569f68929afb886fb5c,ireland,0,simdrop
612e6569f68929afb886fb5c,germany,0,simdrop
612e6569f68929afb886fb5c,poland,0,simdrop
612e6569f68929afb886fb5c,italy,1,simdrop
612e6569f68929afb886fb5c,france,0,simdrop
612e6569f68929afb886fb5c,spain,0,simdrop
612e6569f68929afb886fb5c,uganda,1,simdrop
612e6569f68929afb886fb5c,norway,0,simdrop
612e6569f68929afb886fb5c,portugal,0,simdrop
612e6569f68929afb886fb5c,switzerland,0,simdrop
612e6569f68929afb886fb5c,austria,0,simdrop
612e6569f68929afb886fb5c,russia,1,simdrop
612e6569f68929afb886fb5c,estonia,0,simdrop
612e6569f68929afb886fb5c,latvia,0,simdrop
612e6569f68929afb886fb5c,lithuania,0,simdrop
612e6569f68929afb886fb5c,finland,1,simdrop
612e6569f68929afb886fb5c,norway,0,simdrop
612e6569f68929afb886fb5c,morocco,1,simdrop
612e6569f68929afb886fb5c,china,0,simdrop
612e6569f68929afb886fb5c,japan,0,simdrop
612e6569f68929afb886fb5c,indonesia,1,simdrop
612e6569f68929afb886fb5c,malaysia,0,simdrop
612e6569f68929afb886fb5c,egypt,0,simdrop
612e6569f68929afb886fb5c,israel,1,simdrop
612e6569f68929afb886fb5c,palestine,0,simdrop
612e6569f68929afb886fb5c,lebanon,0,simdrop
612e6569f68929afb886fb5c,cambodia,1,simdrop
612e6569f68929afb886fb5c,vietnam,0,simdrop
612e6569f68929afb886fb5c,burundi,1,simdrop
612e6569f68929afb886fb5c,botswana,0,simdrop
612e6569f68929afb886fb5c,south africa,0,simdrop
612e6569f68929afb886fb5c,serbia,1,simdrop
612e6569f68929afb886fb5c,bulgaria,0,simdrop
612e6569f68929afb886fb5c,belarus,0,simdrop
612e6569f68929afb886fb5c,bosnia,0,simdrop
612e6569f68929afb886fb5c,uganda,0,simdrop
612e6569f68929afb886fb5c,herzegovina,1,simdrop
612e6569f68929afb886fb5c,croatia,0,simdrop
612e6569f68929afb886fb5c,albania,0,simdrop
612e6569f68929afb886fb5c,kosovo,0,simdrop
612e6569f68929afb886fb5c,montenegro,0,simdrop
612e6569f68929afb886fb5c,greece,1,simdrop
612e6569f68929afb886fb5c,armenia,0,simdrop
612e6569f68929afb886fb5c,namibia,0,simdrop
612e6569f68929afb886fb5c,uganda,0,simdrop
612e6569f68929afb886fb5c,angola,1,simdrop
612e6569f68929afb886fb5c,zimbabwe,0,simdrop
612e6569f68929afb886fb5c,zambia,0,simdrop
612e6569f68929afb886fb5c,australia,1,simdrop
612e6569f68929afb886fb5c,ireland,2,simdrop
65512e3cc12f463bc327b7c3,united states,2,simdrop
65512e3cc12f463bc327b7c3,canada,0,simdrop
65512e3cc12f463bc327b7c3,mexico,0,simdrop
65512e3cc12f463bc327b7c3,finland,1,simdrop
65512e3cc12f463bc327b7c3,germany,0,simdrop
65512e3cc12f463bc327b7c3,russia,0,simdrop
65512e3cc12f463bc327b7c3,spain,0,simdrop
65512e3cc12f463bc327b7c3,honduras,0,simdrop
65512e3cc12f463bc327b7c3,england,1,simdrop
65512e3cc12f463bc327b7c3,brazil,0,simdrop
65512e3cc12f463bc327b7c3,argentina,0,simdrop
65512e3cc12f463bc327b7c3,ireland,0,simdrop
65512e3cc12f463bc327b7c3,estonia,0,simdrop
65512e3cc12f463bc327b7c3,china,1,simdrop
65512e3cc12f463bc327b7c3,japan,0,simdrop
65512e3cc12f463bc327b7c3,the philippines,0,simdrop
65512e3cc12f463bc327b7c3,south korea,1,simdrop
65512e3cc12f463bc327b7c3,north korea,0,simdrop
65512e3cc12f463bc327b7c3,iran,1,simdrop
65512e3cc12f463bc327b7c3,saudi arabia,0,simdrop
65512e3cc12f463bc327b7c3,yemen,0,simdrop
65512e3cc12f463bc327b7c3,south africa,1,simdrop
65512e3cc12f463bc327b7c3,uganda,0,simdrop
65512e3cc12f463bc327b7c3,bulgaria,1,simdrop
65512e3cc12f463bc327b7c3,qatar,2,simdrop
65778c02cde55736bb830eca,united states,2,simdrop
65778c02cde55736bb830eca,mexico,0,simdrop
65778c02cde55736bb830eca,canada,0,simdrop
65778c02cde55736bb830eca,russia,1,simdrop
65778c02cde55736bb830eca,ukraine,0,simdrop
65778c02cde55736bb830eca,france,1,simdrop
65778c02cde55736bb830eca,germany,0,simdrop
65778c02cde55736bb830eca,bulgaria,1,simdrop
65778c02cde55736bb830eca,hungary,0,simdrop
65778c02cde55736bb830eca,sweden,1,simdrop
65778c02cde55736bb830eca,denmark,0,simdrop
65778c02cde55736bb830eca,iceland,1,simdrop
65778c02cde55736bb830eca,greenland,0,simdrop
65778c02cde55736bb830eca,netherlands,1,simdrop
65778c02cde55736bb830eca,india,0,simdrop
65778c02cde55736bb830eca,thailand,0,simdrop
65778c02cde55736bb830eca,greece,0,simdrop
65778c02cde55736bb830eca,saudi arabia,1,simdrop
65778c02cde55736bb830eca,nigeria,0,simdrop
65778c02cde55736bb830eca,morocco,1,simdrop
65778c02cde55736bb830eca,uganda,0,simdrop
65778c02cde55736bb830eca,somalia,0,simdrop
65778c02cde55736bb830eca,niger,0,simdrop
65778c02cde55736bb830eca,libya,1,simdrop
65778c02cde55736bb830eca,liberia,0,simdrop
65778c02cde55736bb830eca,sudan,0,simdrop
65778c02cde55736bb830eca,south africa,0,simdrop
65778c02cde55736bb830eca,ethiopia,2,simdrop
6595e3b4dc9090390e4edb5f,denmark,2,simdrop
6595e3b4dc9090390e4edb5f,italy,0,simdrop
6595e3b4dc9090390e4edb5f,portugal,0,simdrop
6595e3b4dc9090390e4edb5f,thailand,1,simdrop
6595e3b4dc9090390e4edb5f,laos,0,simdrop
6595e3b4dc9090390e4edb5f,cambodia,0,simdrop
6595e3b4dc9090390e4edb5f,philippines,1,simdrop
6595e3b4dc9090390e4edb5f,india,0,simdrop
6595e3b4dc9090390e4edb5f,australia,0,simdrop
6595e3b4dc9090390e4edb5f,belgium,0,simdrop
6595e3b4dc9090390e4edb5f,poland,1,simdrop
6595e3b4dc9090390e4edb5f,germany,0,simdrop
6595e3b4dc9090390e4edb5f,ireland,0,simdrop
6595e3b4dc9090390e4edb5f,singapore,1,simdrop
6595e3b4dc9090390e4edb5f,netherlands,0,simdrop
6595e3b4dc9090390e4edb5f,canada,0,simdrop
6595e3b4dc9090390e4edb5f,mexico,0,simdrop
6595e3b4dc9090390e4edb5f,egypt,1,simdrop
6595e3b4dc9090390e4edb5f,south africa,0,simdrop
6595e3b4dc9090390e4edb5f,afghanistan,0,simdrop
6595e3b4dc9090390e4edb5f,serbia,0,simdrop
6595e3b4dc9090390e4edb5f,indonesia,1,simdrop
6595e3b4dc9090390e4edb5f,nigeria,0,simdrop
6595e3b4dc9090390e4edb5f,turkey,1,simdrop
6595e3b4dc9090390e4edb5f,greece,2,simdrop
65c10fdabd93bdc59f95835b,canada,2,simdrop
65c10fdabd93bdc59f95835b,australia,0,simdrop
65c10fdabd93bdc59f95835b,japan,0,simdrop
65c10fdabd93bdc59f95835b,ireland,0,simdrop
65c10fdabd93bdc59f95835b,afghanistan,0,simdrop
65c10fdabd93bdc59f95835b,gambia,1,simdrop
65c10fdabd93bdc59f95835b,italy,0,simdrop
65c10fdabd93bdc59f95835b,india,0,simdrop
65c10fdabd93bdc59f95835b,qatar,0,simdrop
65c10fdabd93bdc59f95835b,palau,0,simdrop
65c10fdabd93bdc59f95835b,ireland,0,simdrop
65c10fdabd93bdc59f95835b,oman,1,simdrop
65c10fdabd93bdc59f95835b,iraq,0,simdrop
65c10fdabd93bdc59f95835b,romania,1,simdrop
65c10fdabd93bdc59f95835b,mexico,0,simdrop
65c10fdabd93bdc59f95835b,dominican republic,0,simdrop
65c10fdabd93bdc59f95835b,jamaica,0,simdrop
65c10fdabd93bdc59f95835b,barbados,0,simdrop
65c10fdabd93bdc59f95835b,belize,1,simdrop
65c10fdabd93bdc59f95835b,belize,0,simdrop
65c10fdabd93bdc59f95835b,brazil,0,simdrop
65c10fdabd93bdc59f95835b,oman,2,simdrop
65c18079d4f634d2c8a0728c,united states,2,simdrop
65c18079d4f634d2c8a0728c,canada,0,simdrop
65c18079d4f634d2c8a0728c,cuba,1,simdrop
65c18079d4f634d2c8a0728c,nicaragua,0,simdrop
65c18079d4f634d2c8a0728c,peru,0,simdrop
65c18079d4f634d2c8a0728c,haiti,0,simdrop
65c18079d4f634d2c8a0728c,panama,0,simdrop
65c18079d4f634d2c8a0728c,brazil,1,simdrop
65c18079d4f634d2c8a0728c,chile,0,simdrop
65c18079d4f634d2c8a0728c,argentina,0,simdrop
65c18079d4f634d2c8a0728c,el salvador,0,simdrop
65c18079d4f634d2c8a0728c,papua,1,simdrop
65c18079d4f634d2c8a0728c,guinea,0,simdrop
65c18079d4f634d2c8a0728c,dominican republic,1,simdrop
65c18079d4f634d2c8a0728c,jamaica,0,simdrop
65c18079d4f634d2c8a0728c,bahamas,0,simdrop
65c18079d4f634d2c8a0728c,bahamas,0,simdrop
65c18079d4f634d2c8a0728c,uganda,1,simdrop
65c18079d4f634d2c8a0728c,laos,0,simdrop
65c18079d4f634d2c8a0728c,england,1,simdrop
65c18079d4f634d2c8a0728c,spain,0,simdrop
65c18079d4f634d2c8a0728c,oman,0,simdrop
65c18079d4f634d2c8a0728c,france,1,simdrop
65c18079d4f634d2c8a0728c,germany,0,simdrop
65c18079d4f634d2c8a0728c,romania,1,simdrop
65c18079d4f634d2c8a0728c,hungary,0,simdrop
65c18079d4f634d2c8a0728c,sweden,1,simdrop
65c18079d4f634d2c8a0728c,norway,0,simdrop
65c18079d4f634d2c8a0728c,iran,0,simdrop
65c18079d4f634d2c8a0728c,denmark,1,simdrop
65c18079d4f634d2c8a0728c,china,0,simdrop
65c18079d4f634d2c8a0728c,russia,0,simdrop
65c18079d4f634d2c8a0728c,ukraine,0,simdrop
65c18079d4f634d2c8a0728c,india,1,simdrop
65c18079d4f634d2c8a0728c,japan,0,simdrop
65c18079d4f634d2c8a0728c,south korea,0,simdrop
65c18079d4f634d2c8a0728c,north korea,0,simdrop
65c18079d4f634d2c8a0728c,mongolia,1,simdrop
65c18079d4f634d2c8a0728c,bangladesh,0,simdrop
65c18079d4f634d2c8a0728c,iran,1,simdrop
65c18079d4f634d2c8a0728c,iraq,0,simdrop
65c18079d4f634d2c8a0728c,israel,1,simdrop
65c18079d4f634d2c8a0728c,pakistan,0,simdrop
65c18079d4f634d2c8a0728c,south africa,2,simdrop
65cb586172a8853f26cc8eec,iran,2,simdrop
65cb586172a8853f26cc8eec,united states of america,0,simdrop
65cb586172a8853f26cc8eec,canada,0,simdrop
65cb586172a8853f26cc8eec,ireland,0,simdrop
65cb586172a8853f26cc8eec,portugal,1,simdrop
65cb586172a8853f26cc8eec,spain,0,simdrop
65cb586172a8853f26cc8eec,bolivia,1,simdrop
65cb586172a8853f26cc8eec,argentina,0,simdrop
65cb586172a8853f26cc8eec,brazil,0,simdrop
65cb586172a8853f26cc8eec,chile,0,simdrop
65cb586172a8853f26cc8eec,mexico,1,simdrop
65cb586172a8853f26cc8eec,venezuela,0,simdrop
65cb586172a8853f26cc8eec,france,1,simdrop
65cb586172a8853f26cc8eec,greece,0,simdrop
65cb586172a8853f26cc8eec,egypt,0,simdrop
65cb586172a8853f26cc8eec,south africa,1,simdrop
65cb586172a8853f26cc8eec,germany,0,simdrop
65cb586172a8853f26cc8eec,switzerland,0,simdrop
65cb586172a8853f26cc8eec,scotland,1,simdrop
65cb586172a8853f26cc8eec,russia,0,simdrop
65cb586172a8853f26cc8eec,china,0,simdrop
65cb586172a8853f26cc8eec,japan,0,simdrop
65cb586172a8853f26cc8eec,north korea,1,simdrop
65cb586172a8853f26cc8eec,south korea,0,simdrop
65cb586172a8853f26cc8eec,philippines,1,simdrop
65cb586172a8853f26cc8eec,malaysia,0,simdrop
65cb586172a8853f26cc8eec,iran,0,simdrop
65cb586172a8853f26cc8eec,greenland,1,simdrop
65cb586172a8853f26cc8eec,russia,2,simdrop
65cbcaaab9e2fae86452af73,america,2,simdrop
65cbcaaab9e2fae86452af73,mexico,0,simdrop
65cbcaaab9e2fae86452af73,brazil,0,simdrop
65cbcaaab9e2fae86452af73,guatemala,1,simdrop
65cbcaaab9e2fae86452af73,honduras,0,simdrop
65cbcaaab9e2fae86452af73,yemen,1,simdrop
65cbcaaab9e2fae86452af73,oman,0,simdrop
65cbcaaab9e2fae86452af73,guyana,1,simdrop
65cbcaaab9e2fae86452af73,bolivia,0,simdrop
65cbcaaab9e2fae86452af73,portugal,1,simdrop
65cbcaaab9e2fae86452af73,chile,0,simdrop
65cbcaaab9e2fae86452af73,el salvador,0,simdrop
65cbcaaab9e2fae86452af73,cuba,0,simdrop
65cbcaaab9e2fae86452af73,canada,1,simdrop
65cbcaaab9e2fae86452af73,india,0,simdrop
65cbcaaab9e2fae86452af73,nepal,0,simdrop
65cbcaaab9e2fae86452af73,pakistan,1,simdrop
65cbcaaab9e2fae86452af73,iran,0,simdrop
65cbcaaab9e2fae86452af73,iraq,0,simdrop
65cbcaaab9e2fae86452af73,afghanistan,0,simdrop
65cbcaaab9e2fae86452af73,kazakhstan,0,simdrop
65cbcaaab9e2fae86452af73,italy,1,simdrop
65cbcaaab9e2fae86452af73,france,0,simdrop
65cbcaaab9e2fae86452af73,russia,1,simdrop
65cbcaaab9e2fae86452af73,china,0,simdrop
65cbcaaab9e2fae86452af73,japan,0,simdrop
65cbcaaab9e2fae86452af73,south korea,1,simdrop
65cbcaaab9e2fae86452af73,north korea,0,simdrop
65cbcaaab9e2fae86452af73,singapore,1,simdrop
65cbcaaab9e2fae86452af73,malaysia,0,simdrop
65cbcaaab9e2fae86452af73,philippines,0,simdrop
65cbcaaab9e2fae86452af73,south africa,0,simdrop
65cbcaaab9e2fae86452af73,tanzania,0,simdrop
65cbcaaab9e2fae86452af73,niger,1,simdrop
65cbcaaab9e2fae86452af73,egypt,0,simdrop
65cbcaaab9e2fae86452af73,albania,0,simdrop
65cbcaaab9e2fae86452af73,algeria,0,simdrop
65cbcaaab9e2fae86452af73,greenland,1,simdrop
65cbcaaab9e2fae86452af73,iceland,0,simdrop
65cbcaaab9e2fae86452af73,finland,1,simdrop
65cbcaaab9e2fae86452af73,switzerland,0,simdrop
65cbcaaab9e2fae86452af73,china,1,simdrop
65cbcaaab9e2fae86452af73,germany,0,simdrop
65cbcaaab9e2fae86452af73,belize,1,simdrop
65cbcaaab9e2fae86452af73,dominican republic,0,simdrop
65cbcaaab9e2fae86452af73,yugoslavia,0,simdrop
65cbcaaab9e2fae86452af73,georgia,0,simdrop
65cbcaaab9e2fae86452af73,saudi arabia,1,simdrop
65cbcaaab9e2fae86452af73,emirates,0,simdrop
65cbcaaab9e2fae86452af73,qatar,0,simdrop
65cbcaaab9e2fae86452af73,bangladesh,2,simdrop
65cc2139907d390e13480a97,united states of america,2,simdrop
65cc2139907d390e13480a97,mexico,0,simdrop
65cc2139907d390e13480a97,canada,0,simdrop
65cc2139907d390e13480a97,peru,1,simdrop
65cc2139907d390e13480a97,brasil,0,simdrop
65cc2139907d390e13480a97,singapore,1,simdrop
65cc2139907d390e13480a97,japan,0,simdrop
65cc2139907d390e13480a97,china,0,simdrop
65cc2139907d390e13480a97,thailand,1,simdrop
65cc2139907d390e13480a97,malaysia,0,simdrop
65cc2139907d390e13480a97,vietnam,1,simdrop
65cc2139907d390e13480a97,laos,0,simdrop
65cc2139907d390e13480a97,cambodia,0,simdrop
65cc2139907d390e13480a97,philippines,0,simdrop
65cc2139907d390e13480a97,czech,1,simdrop
65cc2139907d390e13480a97,russia,0,simdrop
65cc2139907d390e13480a97,ukraine,0,simdrop
65cc2139907d390e13480a97,denmark,1,simdrop
65cc2139907d390e13480a97,finland,0,simdrop
65cc2139907d390e13480a97,england,1,simdrop
65cc2139907d390e13480a97,ireland,0,simdrop
65cc2139907d390e13480a97,portugal,0,simdrop
65cc2139907d390e13480a97,argentina,1,simdrop
65cc2139907d390e13480a97,australia,0,simdrop
65cc2139907d390e13480a97,armenia,1,simdrop
65cc2139907d390e13480a97,india,0,simdrop
65cc2139907d390e13480a97,germany,0,simdrop
65cc2139907d390e13480a97,italy,0,simdrop
65cc2139907d390e13480a97,france,1,simdrop
65cc2139907d390e13480a97,belgium,0,simdrop
65cc2139907d390e13480a97,ireland,0,simdrop
65cc2139907d390e13480a97,iceland,2,simdrop
65d26dcd13d9c8026aa92c4a,ethiopia,2,simdrop
65d26dcd13d9c8026aa92c4a,united states of america,0,simdrop
65d26dcd13d9c8026aa92c4a,brazil,0,simdrop
65d26dcd13d9c8026aa92c4a,cuba,0,simdrop
65d26dcd13d9c8026aa92c4a,china,1,simdrop
65d26dcd13d9c8026aa92c4a,japan,0,simdrop
65d26dcd13d9c8026aa92c4a,india,0,simdrop
65d26dcd13d9c8026aa92c4a,south korea,1,simdrop
65d26dcd13d9c8026aa92c4a,north korea,0,simdrop
65d26dcd13d9c8026aa92c4a,russia,1,simdrop
65d26dcd13d9c8026aa92c4a,kazakhstan,0,simdrop
65d26dcd13d9c8026aa92c4a,turkmenistan,0,simdrop
65d26dcd13d9c8026aa92c4a,turkey,0,simdrop
65d26dcd13d9c8026aa92c4a,pakistan,1,simdrop
65d26dcd13d9c8026aa92c4a,israel,0,simdrop
65d26dcd13d9c8026aa92c4a,peru,0,simdrop
65d26dcd13d9c8026aa92c4a,mongolia,1,simdrop
65d26dcd13d9c8026aa92c4a,indonesia,0,simdrop
65d26dcd13d9c8026aa92c4a,canada,0,simdrop
65d26dcd13d9c8026aa92c4a,mexico,0,simdrop
65d26dcd13d9c8026aa92c4a,ghana,0,simdrop
65d26dcd13d9c8026aa92c4a,denmark,1,simdrop
65d26dcd13d9c8026aa92c4a,sweden,0,simdrop
65d26dcd13d9c8026aa92c4a,iceland,1,simdrop
65d26dcd13d9c8026aa92c4a,greenland,0,simdrop
65d26dcd13d9c8026aa92c4a,norway,0,simdrop
65d26dcd13d9c8026aa92c4a,france,1,simdrop
65d26dcd13d9c8026aa92c4a,england,0,simdrop
65d26dcd13d9c8026aa92c4a,spain,1,simdrop
65d26dcd13d9c8026aa92c4a,portugal,2,simdrop
65d6af2397543519d98f2498,united states,2,simdrop
65d6af2397543519d98f2498,mexico,0,simdrop
65d6af2397543519d98f2498,canada,0,simdrop
65d6af2397543519d98f2498,guatemala,1,simdrop
65d6af2397543519d98f2498,ecuador,0,simdrop
65d6af2397543519d98f2498,brazil,0,simdrop
65d6af2397543519d98f2498,peru,0,simdrop
65d6af2397543519d98f2498,china,1,simdrop
65d6af2397543519d98f2498,russia,0,simdrop
65d6af2397543519d98f2498,philippines,1,simdrop
65d6af2397543519d98f2498,japan,0,simdrop
65d6af2397543519d98f2498,south korea,0,simdrop
65d6af2397543519d98f2498,qatar,1,simdrop
65d6af2397543519d98f2498,yemen,0,simdrop
65d6af2397543519d98f2498,germany,1,simdrop
65d6af2397543519d98f2498,hungary,0,simdrop
65d6af2397543519d98f2498,portugal,0,simdrop
65d6af2397543519d98f2498,ireland,0,simdrop
65d6af2397543519d98f2498,japan,0,simdrop
65d6af2397543519d98f2498,ghana,1,simdrop
65d6af2397543519d98f2498,nigeria,0,simdrop
65d6af2397543519d98f2498,egypt,0,simdrop
65d6af2397543519d98f2498,finland,1,simdrop
65d6af2397543519d98f2498,argentina,0,simdrop
65d6af2397543519d98f2498,afghanistan,1,simdrop
65d6af2397543519d98f2498,iraq,0,simdrop
65d6af2397543519d98f2498,iran,0,simdrop
65d6af2397543519d98f2498,algeria,0,simdrop
65d6af2397543519d98f2498,albania,0,simdrop
65d6af2397543519d98f2498,luxembourg,1,simdrop
65d6af2397543519d98f2498,australia,0,simdrop
65d6af2397543519d98f2498,netherlands,0,simdrop
65d6af2397543519d98f2498,chile,0,simdrop
65d6af2397543519d98f2498,spain,1,simdrop
65d6af2397543519d98f2498,belgium,0,simdrop
65d6af2397543519d98f2498,sweden,1,simdrop
65d6af2397543519d98f2498,ireland,0,simdrop
65d6af2397543519d98f2498,south africa,1,simdrop
65d6af2397543519d98f2498,morocco,0,simdrop
65d6af2397543519d98f2498,norway,1,simdrop
65d6af2397543519d98f2498,estonia,0,simdrop
65d6af2397543519d98f2498,armenia,0,simdrop
65d6af2397543519d98f2498,algeria,1,simdrop
65d6af2397543519d98f2498,angola,0,simdrop
65d6af2397543519d98f2498,uganda,0,simdrop
65d6af2397543519d98f2498,norway,1,simdrop
65d6af2397543519d98f2498,wales,0,simdrop
65d6af2397543519d98f2498,pakistan,2,simdrop
65e63b7fc845c96c2c2520bc,united states,2,simdrop
65e63b7fc845c96c2c2520bc,canada,0,simdrop
65e63b7fc845c96c2c2520bc,mexico,0,simdrop
65e63b7fc845c96c2c2520bc,panama,0,simdrop
65e63b7fc845c96c2c2520bc,brazil,1,simdrop
65e63b7fc845c96c2c2520bc,peru,0,simdrop
65e63b7fc845c96c2c2520bc,argentina,0,simdrop
65e63b7fc845c96c2c2520bc,guiana,1,simdrop
65e63b7fc845c96c2c2520bc,bolivia,0,simdrop
65e63b7fc845c96c2c2520bc,uruguay,0,simdrop
65e63b7fc845c96c2c2520bc,haiti,1,simdrop
65e63b7fc845c96c2c2520bc,dominican republic,0,simdrop
65e63b7fc845c96c2c2520bc,cuba,0,simdrop
65e63b7fc845c96c2c2520bc,russia,1,simdrop
65e63b7fc845c96c2c2520bc,kazakhstan,0,simdrop
65e63b7fc845c96c2c2520bc,uganda,0,simdrop
65e63b7fc845c96c2c2520bc,kazakhstan,0,simdrop
65e63b7fc845c96c2c2520bc,india,0,simdrop
65e63b7fc845c96c2c2520bc,pakistan,0,simdrop
65e63b7fc845c96c2c2520bc,bangladesh,0,simdrop
65e63b7fc845c96c2c2520bc,ghana,0,simdrop
65e63b7fc845c96c2c2520bc,ireland,0,simdrop
65e63b7fc845c96c2c2520bc,uae,0,simdrop
65e63b7fc845c96c2c2520bc,vietnam,1,simdrop
65e63b7fc845c96c2c2520bc,japan,0,simdrop
65e63b7fc845c96c2c2520bc,taiwan,0,simdrop
65e63b7fc845c96c2c2520bc,china,0,simdrop
65e63b7fc845c96c2c2520bc,mongolia,0,simdrop
65e63b7fc845c96c2c2520bc,yemen,1,simdrop
65e63b7fc845c96c2c2520bc,saudi arabia,0,simdrop
65e63b7fc845c96c2c2520bc,oman,0,simdrop
65e63b7fc845c96c2c2520bc,emirates,1,simdrop
65e63b7fc845c96c2c2520bc,qatar,0,simdrop
65e63b7fc845c96c2c2520bc,germany,1,simdrop
65e63b7fc845c96c2c2520bc,france,0,simdrop
65e63b7fc845c96c2c2520bc,italy,0,simdrop
65e63b7fc845c96c2c2520bc,greece,1,simdrop
65e63b7fc845c96c2c2520bc,turkey,0,simdrop
65e63b7fc845c96c2c2520bc,albania,0,simdrop
65e63b7fc845c96c2c2520bc,latvia,1,simdrop
65e63b7fc845c96c2c2520bc,belarus,0,simdrop
65e63b7fc845c96c2c2520bc,ukraine,0,simdrop
65e63b7fc845c96c2c2520bc,norway,1,simdrop
65e63b7fc845c96c2c2520bc,finland,0,simdrop
65e63b7fc845c96c2c2520bc,sweden,0,simdrop
65e63b7fc845c96c2c2520bc,scotland,1,simdrop
65e63b7fc845c96c2c2520bc,england,0,simdrop
65e63b7fc845c96c2c2520bc,ireland,0,simdrop
65e63b7fc845c96c2c2520bc,portugal,1,simdrop
65e63b7fc845c96c2c2520bc,spain,0,simdrop
65e63b7fc845c96c2c2520bc,morocco,1,simdrop
65e63b7fc845c96c2c2520bc,algeria,0,simdrop
65e63b7fc845c96c2c2520bc,ghana,1,simdrop
65e63b7fc845c96c2c2520bc,nigeria,0,simdrop
65e63b7fc845c96c2c2520bc,south africa,1,simdrop
65e63b7fc845c96c2c2520bc,botswana,0,simdrop
65e63b7fc845c96c2c2520bc,uganda,0,simdrop
65e63b7fc845c96c2c2520bc,zimbabwe,0,simdrop
65e63b7fc845c96c2c2520bc,liberia,1,simdrop
65e63b7fc845c96c2c2520bc,congo,0,simdrop
65e63b7fc845c96c2c2520bc,lesotho,0,simdrop
65e63b7fc845c96c2c2520bc,kenya,1,simdrop
65e63b7fc845c96c2c2520bc,madagascar,0,simdrop
65e63b7fc845c96c2c2520bc,indonesia,1,simdrop
65e63b7fc845c96c2c2520bc,malaysia,2,simdrop
65eeceee847314e8232923c9,china,2,simdrop
65eeceee847314e8232923c9,algeria,0,simdrop
65eeceee847314e8232923c9,united states of america,1,simdrop
65eeceee847314e8232923c9,japan,0,simdrop
65eeceee847314e8232923c9,zimbabwe,1,simdrop
65eeceee847314e8232923c9,the congo,0,simdrop
65eeceee847314e8232923c9,japan,0,simdrop
65eeceee847314e8232923c9,andorra,1,simdrop
65eeceee847314e8232923c9,hungary,0,simdrop
65eeceee847314e8232923c9,czech,0,simdrop
65eeceee847314e8232923c9,israel,0,simdrop
65eeceee847314e8232923c9,tonga,0,simdrop
65eeceee847314e8232923c9,finland,1,simdrop
65eeceee847314e8232923c9,scotland,0,simdrop
65eeceee847314e8232923c9,honduras,0,simdrop
65eeceee847314e8232923c9,estonia,1,simdrop
65eeceee847314e8232923c9,azerbaijan,0,simdrop
65eeceee847314e8232923c9,afghanistan,1,simdrop
65eeceee847314e8232923c9,kenya,0,simdrop
65eeceee847314e8232923c9,russia,1,simdrop
65eeceee847314e8232923c9,australia,0,simdrop
65eeceee847314e8232923c9,china,0,simdrop
65eeceee847314e8232923c9,germany,1,simdrop
65eeceee847314e8232923c9,sweden,0,simdrop
65eeceee847314e8232923c9,switzerland,0,simdrop
65eeceee847314e8232923c9,india,0,simdrop
65eeceee847314e8232923c9,albania,1,simdrop
65eeceee847314e8232923c9,armenia,2,simdrop
65ef726771fe85fd222416d1,united states,2,simdrop
65ef726771fe85fd222416d1,canada,0,simdrop
65ef726771fe85fd222416d1,japan,0,simdrop
65ef726771fe85fd222416d1,ireland,1,simdrop
65ef726771fe85fd222416d1,finland,0,simdrop
65ef726771fe85fd222416d1,china,1,simdrop
65ef726771fe85fd222416d1,germany,0,simdrop
65ef726771fe85fd222416d1,italy,0,simdrop
65ef726771fe85fd222416d1,france,0,simdrop
65ef726771fe85fd222416d1,russia,0,simdrop
65ef726771fe85fd222416d1,netherlands,0,simdrop
65ef726771fe85fd222416d1,turkey,0,simdrop
65ef726771fe85fd222416d1,australia,1,simdrop
65ef726771fe85fd222416d1,ireland,0,simdrop
65ef726771fe85fd222416d1,mexico,0,simdrop
65ef726771fe85fd222416d1,switzerland,1,simdrop
65ef726771fe85fd222416d1,sweden,0,simdrop
65ef726771fe85fd222416d1,iceland,0,simdrop
65ef726771fe85fd222416d1,greece,0,simdrop
65ef726771fe85fd222416d1,iraq,1,simdrop
65ef726771fe85fd222416d1,brazil,0,simdrop
65ef726771fe85fd222416d1,romania,0,simdrop
65ef726771fe85fd222416d1,belize,1,simdrop
65ef726771fe85fd222416d1,chile,0,simdrop
65ef726771fe85fd222416d1,croatia,1,simdrop
65ef726771fe85fd222416d1,belgium,0,simdrop
65ef726771fe85fd222416d1,austria,2,simdrop
65f1ec7ae5a09035345db62e,united states,2,simdrop
65f1ec7ae5a09035345db62e,qatar,0,simdrop
65f1ec7ae5a09035345db62e,yemen,0,simdrop
65f1ec7ae5a09035345db62e,israel,0,simdrop
65f1ec7ae5a09035345db62e,zimbabwe,0,simdrop
65f1ec7ae5a09035345db62e,russia,1,simdrop
65f1ec7ae5a09035345db62e,denmark,0,simdrop
65f1ec7ae5a09035345db62e,hungary,0,simdrop
65f1ec7ae5a09035345db62e,finland,1,simdrop
65f1ec7ae5a09035345db62e,japan,0,simdrop
65f1ec7ae5a09035345db62e,uganda,1,simdrop
65f1ec7ae5a09035345db62e,norway,0,simdrop
65f1ec7ae5a09035345db62e,portugal,0,simdrop
65f1ec7ae5a09035345db62e,lithuania,1,simdrop
65f1ec7ae5a09035345db62e,ireland,0,simdrop
65f1ec7ae5a09035345db62e,china,0,simdrop
65f1ec7ae5a09035345db62e,bahamas,0,simdrop
65f1ec7ae5a09035345db62e,belgium,1,simdrop
65f1ec7ae5a09035345db62e,luxembourg,0,simdrop
65f1ec7ae5a09035345db62e,germany,1,simdrop
65f1ec7ae5a09035345db62e,france,0,simdrop
65f1ec7ae5a09035345db62e,burundi,1,simdrop
65f1ec7ae5a09035345db62e,brazil,0,simdrop
65f1ec7ae5a09035345db62e,djibouti,0,simdrop
65f1ec7ae5a09035345db62e,netherlands,1,simdrop
65f1ec7ae5a09035345db62e,estonia,0,simdrop
65f1ec7ae5a09035345db62e,belgium,1,simdrop
65f1ec7ae5a09035345db62e,australia,0,simdrop
65f1ec7ae5a09035345db62e,poland,1,simdrop
65f1ec7ae5a09035345db62e,spain,0,simdrop
65f1ec7ae5a09035345db62e,morocco,0,simdrop
65f1ec7ae5a09035345db62e,sweden,1,simdrop
65f1ec7ae5a09035345db62e,south africa,0,simdrop
65f1ec7ae5a09035345db62e,chile,0,simdrop
65f1ec7ae5a09035345db62e,italy,1,simdrop
65f1ec7ae5a09035345db62e,turkey,0,simdrop
65f1ec7ae5a09035345db62e,argentina,0,simdrop
65f1ec7ae5a09035345db62e,norway,1,simdrop
65f1ec7ae5a09035345db62e,singapore,0,simdrop
65f1ec7ae5a09035345db62e,bulgaria,0,simdrop
65f1ec7ae5a09035345db62e,cypress,1,simdrop
65f1ec7ae5a09035345db62e,afghanistan,0,simdrop
65f1ec7ae5a09035345db62e,cambodia,0,simdrop
65f1ec7ae5a09035345db62e,cameroon,0,simdrop
65f1ec7ae5a09035345db62e,taiwan,1,simdrop
65f1ec7ae5a09035345db62e,russia,0,simdrop
65f1ec7ae5a09035345db62e,algeria,0,simdrop
65f1ec7ae5a09035345db62e,china,1,simdrop
65f1ec7ae5a09035345db62e,india,0,simdrop
65f1ec7ae5a09035345db62e,brazil,0,simdrop
65f1ec7ae5a09035345db62e,canada,0,simdrop
65f1ec7ae5a09035345db62e,cuba,1,simdrop
65f1ec7ae5a09035345db62e,bahamas,0,simdrop
65f1ec7ae5a09035345db62e,bangladesh,1,simdrop
65f1ec7ae5a09035345db62e,barbados,0,simdrop
65f1ec7ae5a09035345db62e,vietnam,1,simdrop
65f1ec7ae5a09035345db62e,japan,0,simdrop
65f1ec7ae5a09035345db62e,taiwan,2,simdrop
65f36565fe88b95d6806e496,america,2,simdrop
65f36565fe88b95d6806e496,united states,0,simdrop
65f36565fe88b95d6806e496,canada,0,simdrop
65f36565fe88b95d6806e496,mexico,0,simdrop
65f36565fe88b95d6806e496,australia,0,simdrop
65f36565fe88b95d6806e496,egypt,1,simdrop
65f36565fe88b95d6806e496,turkey,0,simdrop
65f36565fe88b95d6806e496,uruguay,0,simdrop
65f36565fe88b95d6806e496,china,1,simdrop
65f36565fe88b95d6806e496,russia,0,simdrop
65f36565fe88b95d6806e496,japan,0,simdrop
65f36565fe88b95d6806e496,north korea,1,simdrop
65f36565fe88b95d6806e496,south korea,0,simdrop
65f36565fe88b95d6806e496,taiwan,1,simdrop
65f36565fe88b95d6806e496,singapore,0,simdrop
65f36565fe88b95d6806e496,philippines,0,simdrop
65f36565fe88b95d6806e496,greenland,1,simdrop
65f36565fe88b95d6806e496,iceland,0,simdrop
65f36565fe88b95d6806e496,norway,1,simdrop
65f36565fe88b95d6806e496,sweden,0,simdrop
65f36565fe88b95d6806e496,netherlands,0,simdrop
65f36565fe88b95d6806e496,zimbabwe,1,simdrop
65f36565fe88b95d6806e496,madagascar,0,simdrop
65f36565fe88b95d6806e496,brazil,1,simdrop
65f36565fe88b95d6806e496,chile,0,simdrop
65f36565fe88b95d6806e496,cuba,0,simdrop
65f36565fe88b95d6806e496,finland,1,simdrop
65f36565fe88b95d6806e496,czech,0,simdrop
65f36565fe88b95d6806e496,ukraine,0,simdrop
65f36565fe88b95d6806e496,iraq,1,simdrop
65f36565fe88b95d6806e496,iran,0,simdrop
65f36565fe88b95d6806e496,ireland,1,simdrop
65f36565fe88b95d6806e496,ireland,0,simdrop
65f36565fe88b95d6806e496,india,0,simdrop
65f36565fe88b95d6806e496,panama,1,simdrop
65f36565fe88b95d6806e496,haiti,0,simdrop
65f36565fe88b95d6806e496,jamaica,0,simdrop
65f36565fe88b95d6806e496,turkey,0,simdrop
65f36565fe88b95d6806e496,dominican republic,2,simdrop
65f3d5016e5acb0fd67df6ee,haiti,2,simdrop
65f3d5016e5acb0fd67df6ee,yemen,0,simdrop
65f3d5016e5acb0fd67df6ee,afghanistan,0,simdrop
65f3d5016e5acb0fd67df6ee,hungary,1,simdrop
65f3d5016e5acb0fd67df6ee,albania,0,simdrop
65f3d5016e5acb0fd67df6ee,armenia,0,simdrop
65f3d5016e5acb0fd67df6ee,austria,1,simdrop
65f3d5016e5acb0fd67df6ee,iraq,0,simdrop
65f3d5016e5acb0fd67df6ee,iran,0,simdrop
65f3d5016e5acb0fd67df6ee,mexico,0,simdrop
65f3d5016e5acb0fd67df6ee,syria,0,simdrop
65f3d5016e5acb0fd67df6ee,ireland,2,simdrop
