SID,entry
51,cat
51,dog
51,mouse
51,rat
51,giraffe
51,lion
51,zebra
51,rhino
51,ostrich
51,meerkat
51,tiger
51,bear
51,bat
51,aardvark
51,elephant
51,flea
51,ferret
51,parrot
51,hippopotamus
51,alligator
51,crocodile
51,frog
51,whale
51,shark
51,clownfish
51,guppy
51,goldfish
51,snake
51,snail
51,deer
51,elk
51,buffalo
51,monkey
51,hyena
51,kangaroo
71,cheetah
71,panther
71,snake
71,shark
71,elephant
71,gazelle
71,deer
71,monkey
71,orangutan
71,mouse
71,hamster
71,sheep
71,horse
71,rabbit
71,squirrel
71,muskrat
71,loon
71,eagle
71,hawk
71,raven
71,bluebird
71,raptor
71,fox
71,cow
71,fisher
71,wolverine
71,badger
71,tiger
71,bronco
71,hare
71,turtle
71,crab
71,fish
71,bluegill
71,manta ray
71,caribou
71,polar bear
198,dog
198,cat
198,mouse
198,tiger
198,lion
198,bear
198,cheetah
198,skunk
198,raccoon
198,hamster
198,elephant
198,hippopotamus
198,alligator
198,crocodile
198,boa constrictor
198,viper
198,rattlesnake
198,opossum
198,fox
198,deer
198,bobcat
198,bird
198,beaver
198,groundhog
198,hyena
199,dog
199,cat
199,bear
199,monkey
199,pig
199,cow
199,horse
199,turkey
199,giraffe
199,elephant
199,hippopotamus
199,tiger
199,lion
199,penguin
199,mouse
199,rat
199,hamster
199,fish
199,chicken
199,rabbit
199,goose
199,turtle
199,bird
199,frog
199,wolf
199,raccoon
199,possum
199,squirrel
199,chipmunk
199,ferret
199,duck
199,swan
199,shark
199,dolphin
199,whale
199,mountain lion
199,gerbil
199,gorilla
199,chimpanzee
199,snake
285,deer
285,squirrel
285,rabbit
285,elk
285,moose
285,mule deer
285,white tailed deer
285,blacktail deer
285,grizzly
285,bear
285,bear
285,bear
285,mountain goat
285,billy goat
285,wolf
285,fox
285,coyote
285,dog
285,cat
285,rat
285,mouse
285,bird
285,cardinal
285,blue jay
285,robin
285,blackbird
285,crow
285,turkey
285,vulture
285,eagle
285,hawk
285,mountain lion
285,elephant
285,giraffe
285,lion
285,tiger
285,zebra
285,antelope
286,dog
286,cat
286,horse
286,cow
286,pig
286,dolphin
286,mouse
286,gerbil
286,chicken
286,goose
286,potbellied pig
286,hamster
286,ferret
286,raccoon
286,skunk
286,squirrel
286,polar bear
286,grizzly
286,penguin
286,seal
286,monkey
286,giraffe
286,buffalo
286,bison
286,lion
286,tiger
286,cheetah
286,gazelle
286,antelope
286,koala
286,sloth
287,dog
287,cat
287,bird
287,squirrel
287,chipmunk
287,elephant
287,lion
287,tiger
287,bear
287,mouse
287,rat
287,sheep
287,lamb
287,pig
287,donkey
287,goose
287,rooster
287,monkey
287,gorilla
287,giraffe
287,penguin
287,dolphin
287,whale
287,fish
287,crab
287,turtle
287,seahorse
287,fox
287,rabbit
287,bunny
287,gerbil
287,guinea pig
287,hamster
287,kangaroo
287,koala
287,crocodile
287,alligator
287,ant
287,bee
287,wasp
287,praying mantis
287,beetle
287,cockroach
287,fly
287,stingray
287,jellyfish
287,tortoise
288,cheetah
288,lion
288,deer
288,parrot
288,guinea pig
288,hamster
288,squirrel
288,chipmunk
288,dove
288,alligator
288,praying mantis
288,toucan
288,owl
288,pigeon
288,giraffe
288,hawk
288,tiger
288,elephant
288,rat
288,mouse
288,bear
288,moose
288,beaver
288,dog
288,cat
288,iguana
288,ferret
288,pig
288,chicken
288,rooster
288,cow
288,llama
288,rabbit
288,gazelle
288,antelope
288,snake
288,salamander
288,newt
288,ant
288,fly
288,gnat
288,mosquito
288,bee
288,ladybug
288,aardvark
288,anteater
289,cat
289,dog
289,mouse
289,bird
289,snake
289,hamster
289,kitten
289,cow
289,pig
289,sheep
289,horse
289,chicken
289,jaguar
289,cheetah
289,lion
289,lioness
289,cub
289,bear
289,zebra
289,elephant
289,hippopotamus
289,giraffe
289,fox
289,ostrich
289,koala
289,penguin
289,polar bear
289,rooster
289,monkey
289,panda
289,buffalo
289,bison
289,turkey
289,cougar
289,bull
289,tiger
289,wombat
290,mongoose
290,lemur
290,koala
290,dingo
290,dog
290,cat
290,bear
290,mouse
290,elephant
290,lion
290,tiger
290,polar bear
290,zebra
290,jellyfish
290,whale
290,meerkat
290,hog
290,warthog
290,chicken
290,rooster
290,cow
290,bull
290,cattle
290,horse
290,seahorse
290,penguin
290,shark
290,narwhal
290,duck
290,goose
290,swan
290,ocelot
290,rabbit
290,hamster
290,rat
291,horse
291,dog
291,cat
291,elephant
291,dolphin
291,squirrel
291,bird
291,chipmunk
291,mouse
291,rat
291,cheetah
291,lion
291,giraffe
291,hippopotamus
291,rhino
291,polar bear
291,walrus
291,elk
291,deer
291,snake
291,otter
291,fish
291,wolf
291,coyote
291,moose
291,bear
291,crow
291,pony
291,chinchilla
291,worm
291,beetle
291,cockroach
291,starfish
291,shark
291,whale
291,gorilla
291,monkey
291,penguin
291,coral
291,eagle
291,lizard
291,spider
291,bunny
292,dog
292,cat
292,lion
292,tiger
292,bear
292,monkey
292,panda
292,cheetah
292,jaguar
292,horse
292,coyote
292,bird
292,koala
292,flamingo
292,giraffe
292,elephant
292,emu
292,rhino
292,ostrich
292,yak
292,goat
292,lamb
292,sheep
292,cow
292,pig
292,llama
292,rabbit
292,skunk
292,anteater
292,alligator
292,crocodile
293,dog
293,cat
293,moose
293,buffalo
293,giraffe
293,monkey
293,lion
293,tiger
293,bear
293,labrador retriever
293,puggle
293,fish
293,salmon
293,whale
293,beluga
293,killer whale
293,shark
293,turtle
293,coral
293,jellyfish
293,snake
293,cheetah
293,jaguar
293,spider
293,human
293,guinea pig
293,hamster
293,betta
294,giraffe
294,lion
294,tiger
294,panther
294,bobcat
294,lynx
294,jaguar
294,bear
294,polar bear
294,moose
294,deer
294,elk
294,ram
294,eagle
294,hawk
294,cardinal
294,panda
294,squirrel
294,chipmunk
294,owl
294,fish
294,otter
294,seal
294,whale
294,dolphin
294,koala
294,kangaroo
294,fox
294,raccoon
294,bat
294,chimpanzee
294,ape
294,monkey
294,spider monkey
294,baboon
294,snake
294,crocodile
294,alligator
294,komodo dragon
295,bear
295,giraffe
295,horse
295,kangaroo
295,snake
295,lion
295,tiger
295,parakeet
295,penguin
295,parrot
295,cat
295,dog
295,chinchilla
295,guinea pig
295,rabbit
295,squirrel
295,mouse
295,rat
295,hamster
295,hyena
295,deer
295,bat
295,eagle
295,elephant
295,camel
295,emu
295,sloth
295,rhinoceros
295,monkey
295,gorilla
295,chimpanzee
295,baboon
295,cheetah
295,zebra
295,gazelle
295,crocodile
295,gecko
295,wildebeest
295,bison
295,antelope
295,polar bear
296,tiger
296,dog
296,cat
296,kitten
296,puppy
296,jaguar
296,mountain lion
296,cheetah
296,lion
296,cub
296,zebra
296,alligator
296,crocodile
296,octopus
296,muskrat
296,ferret
296,monkey
296,gorilla
296,squirrel
296,chipmunk
296,mouse
296,rat
296,guinea pig
296,pig
296,horse
296,donkey
296,hippopotamus
296,coyote
296,deer
296,giraffe
296,mammal
297,dog
297,cat
297,fish
297,monkey
297,cow
297,hippopotamus
297,pig
297,hog
297,squirrel
297,dolphin
297,sea urchin
297,snake
297,snail
297,slug
297,raccoon
297,chipmunk
297,skunk
297,kangaroo
297,koala
297,ferret
297,tiger
297,lion
297,bear
297,cheetah
297,polar bear
297,bear
297,jackrabbit
297,rabbit
297,bunny
297,penguin
297,iguana
297,lizard
297,mosquito
297,bee
297,wasp
297,ant
297,rattlesnake
297,ostrich
297,lemur
297,emu
297,shark
297,clownfish
297,catfish
297,tarantula
297,spider
297,turtle
297,parakeet
298,dog
298,turtle
298,lizard
298,fish
298,lion
298,giraffe
298,zebra
298,elephant
298,whale
298,fly
298,bee
298,worm
298,snake
298,kangaroo
298,bear
298,tiger
298,leopard
298,hawk
298,blue jay
298,robin
298,crocodile
298,monkey
298,gorilla
298,koala
298,panther
298,cougar
298,dolphin
298,horse
298,donkey
298,pig
298,sheep
298,chicken
298,frog
379,dog
379,cat
379,tiger
379,lion
379,wolf
379,bear
379,turtle
379,monkey
379,giraffe
379,hippopotamus
379,panda
379,shark
379,polar bear
379,elephant
379,platypus
379,bunny
379,snake
379,stingray
379,jellyfish
379,cheetah
379,leopard
379,meerkat
379,eagle
379,penguin
379,mouse
379,rat
379,toucan
379,pelican
379,dolphin
379,brine shrimp
379,whale
379,eel
380,bunny
380,bat
380,cat
380,dog
380,pig
380,horse
380,fish
380,turtle
380,dolphin
380,whale
380,shark
380,blowfish
380,alligator
380,crocodile
380,goat
380,sheep
380,wolf
380,coyote
380,hamster
380,opossum
380,tiger
380,lion
380,elephant
380,bear
380,octopus
380,squid
380,penguin
380,leopard
380,zebra
380,snake
381,dog
381,cat
381,snake
381,spider
381,goat
381,cow
381,horse
381,lizard
381,ladybug
381,pig
381,fish
381,whale
381,dolphin
381,seal
381,polar bear
381,grizzly
381,penguin
381,starfish
381,monkey
381,giraffe
381,zebra
381,lion
381,cheetah
381,leopard
381,panther
381,kangaroo
381,deer
381,raccoon
381,possum
381,coyote
381,fox
381,gazelle
381,pony
381,camel
381,hamster
381,gerbil
381,mouse
381,rat
381,eel
381,tarantula
381,groundhog
381,gopher
382,dog
382,cat
382,bat
382,rat
382,mouse
382,deer
382,bear
382,lion
382,tiger
382,whale
382,monkey
382,giraffe
382,hippopotamus
382,guinea pig
382,pig
382,horse
382,goat
382,cow
382,bull
382,sheep
382,chicken
382,elk
382,lizard
382,coyote
382,frog
382,ferret
382,bunny
382,squirrel
382,chipmunk
382,bird
382,donkey
382,walrus
382,ostrich
382,ape
382,llama
382,buffalo
382,alligator
382,duck
382,rooster
383,pig
383,cat
383,dog
383,snake
383,monkey
383,kangaroo
383,fish
383,salmon
383,elephant
383,lion
383,tiger
383,bear
383,eagle
383,robin
383,panda
383,pigeon
383,boar
383,goat
383,sheep
383,horse
383,pony
383,giraffe
383,ostrich
383,lamb
383,llama
383,whale
383,dolphin
383,squid
383,kitten
383,zebra
383,dove
383,jaguar
383,cheetah
383,cricket
383,spider
383,flamingo
384,bear
384,bird
384,zebra
384,leopard
384,lion
384,gorilla
384,monkey
384,alligator
384,crocodile
384,polar bear
384,grizzly
384,parrot
384,dog
384,cat
384,mouse
384,rat
384,ant
384,human
384,raccoon
384,hamster
384,gerbil
384,wombat
384,mink
384,muskrat
384,deer
384,moose
384,skunk
384,elk
384,lizard
384,whale
384,dolphin
384,goldfish
384,piranha
384,shark
384,snake
384,iguana
384,elephant
384,bison
384,buffalo
384,gazelle
384,pig
385,dog
385,cat
385,bird
385,snake
385,hamster
385,fish
385,chicken
385,cow
385,pig
385,sheep
385,horse
385,gerbil
385,mouse
385,ferret
385,turtle
385,shark
385,iguana
385,gecko
385,lizard
385,duck
385,goose
385,squirrel
385,chipmunk
385,lion
385,tiger
385,bear
385,elephant
385,zebra
385,polar bear
385,penguin
385,dolphin
385,whale
385,giraffe
385,antelope
385,hippopotamus
385,cheetah
385,gorilla
386,deer
386,bear
386,dog
386,cat
386,pigeon
386,bird
386,hamster
386,guinea pig
386,turtle
386,frog
386,worm
386,fish
386,trout
386,sheep
386,goat
386,donkey
386,horse
386,cow
386,ostrich
386,peacock
386,groundhog
386,prairie dog
386,bison
386,buffalo
386,giraffe
386,zebra
386,elephant
386,monkey
386,alligator
386,crocodile
386,snake
386,spider
386,mouse
386,rat
386,bat
387,dog
387,cat
387,monkey
387,elephant
387,zebra
387,bird
387,hippopotamus
387,squirrel
387,bunny
387,giraffe
387,snake
387,bat
387,polar bear
387,lion
387,tiger
387,bear
387,turtle
387,fish
387,starfish
387,jellyfish
387,shark
387,dolphin
387,whale
387,beluga
387,lobster
387,crab
387,chicken
387,cow
387,turkey
387,horse
387,hen
387,rooster
387,mouse
387,chipmunk
387,scorpion
387,ant
388,dog
388,cat
388,lion
388,bear
388,ant
388,spider
388,rabbit
388,moose
388,mongoose
388,antelope
388,canary
388,pelican
388,crow
388,seagull
388,coyote
388,otter
388,snake
388,ladybug
388,whale
388,fish
388,dolphin
388,jellyfish
388,giraffe
388,elephant
388,cheetah
388,mouse
388,tiger
388,liger
388,monkey
388,sloth
388,gorilla
388,ape
388,skunk
388,deer
388,turtle
388,squirrel
388,chipmunk
388,horse
388,pony
388,parrot
389,dog
389,cat
389,bird
389,fish
389,tiger
389,lion
389,giraffe
389,elk
389,caribou
389,seal
389,polar bear
389,whale
389,shark
389,brine shrimp
389,shrimp
389,lobster
389,crab
389,octopus
389,squid
389,barracuda
389,seahorse
389,dolphin
389,porpoise
389,tuna
389,salmon
389,bass
389,trout
389,tilapia
389,wolf
389,panther
389,jaguar
389,leopard
389,cheetah
389,elephant
389,camel
389,rhinoceros
389,hippopotamus
389,eagle
389,swan
389,alligator
389,crocodile
389,crow
389,hawk
389,deer
389,bear
389,bear
389,grizzly
389,chipmunk
389,groundhog
389,squirrel
389,mole
389,raccoon
389,rabbit
389,hare
389,pig
389,boar
389,cow
389,horse
389,chicken
390,dog
390,cat
390,parrot
390,mouse
390,hamster
390,alligator
390,anteater
390,owl
390,snake
390,frog
390,jaguar
390,leopard
390,tiger
390,cheetah
390,panther
390,zebra
390,giraffe
390,gazelle
390,lion
390,polar bear
390,penguin
390,tortoise
390,turtle
390,horse
390,sheep
390,pig
390,duck
390,chicken
390,cow
390,llama
390,bison
390,gerbil
390,sloth
390,elephant
390,wolf
390,moose
390,reindeer
390,gorilla
390,chimpanzee
390,kangaroo
390,koala
390,grizzly
390,panda
390,lemur
390,raccoon
390,opossum
390,chinchilla
391,dog
391,cat
391,bird
391,lion
391,tiger
391,monkey
391,ape
391,wolf
391,deer
391,squirrel
391,chipmunk
391,bear
391,zebra
391,giraffe
391,alligator
391,crocodile
391,cheetah
391,jaguar
391,cougar
391,coyote
391,snake
391,lizard
391,hippopotamus
391,rhinoceros
392,deer
392,snake
392,giraffe
392,turkey
392,dog
392,cat
392,owl
392,sheep
392,pig
392,horse
392,rat
392,mouse
392,lion
392,tiger
392,bear
392,alligator
392,crocodile
392,hippopotamus
392,wolf
392,fox
392,cow
392,pigeon
392,beetle
392,whale
392,shark
392,squid
392,octopus
392,bluegill
392,monkey
392,leopard
392,zebra
392,hamster
392,gerbil
392,fly
392,ant
392,bee
392,hornet
392,bronco
393,bear
393,cat
393,dog
393,tiger
393,lion
393,monkey
393,giraffe
393,elephant
393,turtle
393,fox
393,squirrel
393,chipmunk
393,deer
393,rabbit
393,bird
393,fish
393,dolphin
393,shark
393,raccoon
393,snake
393,hippopotamus
393,otter
393,horse
393,cow
393,groundhog
393,pig
393,mouse
394,cat
394,dog
394,fish
394,snake
394,lion
394,tiger
394,bear
394,turtle
394,moth
394,owl
394,frog
394,kitten
394,panther
394,polar bear
394,rabbit
394,hamster
394,toucan
394,bird
394,squirrel
394,rooster
394,crow
395,dog
395,cat
395,mouse
395,rat
395,hamster
395,rabbit
395,gerbil
395,alligator
395,giraffe
395,rhinoceros
395,elephant
395,woolly mammoth
395,zebra
395,lion
395,tiger
395,blackbird
395,hawk
395,pigeon
395,cardinal
395,cub
395,kangaroo
395,flamingo
395,pheasant
395,pig
395,sheep
395,cow
395,horse
395,bull
395,duck
395,goose
395,hippopotamus
395,cheetah
395,bird
395,parrot
395,parakeet
395,monkey
395,gorilla
395,butterfly
395,ant
395,spider
395,bee
395,wasp
395,tarantula
395,lizard
395,gecko
395,snake
395,garter snake
395,leopard
396,elephant
396,jaguar
396,panther
396,cat
396,dog
396,giraffe
396,lion
396,gazelle
396,rhino
396,bird
396,beetle
396,mongoose
396,platypus
396,kangaroo
396,buffalo
396,deer
396,turkey
396,mountain lion
396,goat
396,moose
396,cow
396,horse
396,wildebeest
396,ram
396,sheep
396,llama
396,alpaca
396,rat
396,mouse
396,caribou
396,zebra
396,koala
396,yak
396,gerbil
396,walrus
396,hippopotamus
396,tiger
396,bear
396,pony
397,mouse
397,dog
397,cat
397,fish
397,elephant
397,woolly mammoth
397,cougar
397,wildcat
397,lion
397,tiger
397,jaguar
397,bear
397,rabbit
397,wolf
397,duck
397,eagle
397,goose
397,swan
397,bird
397,crow
397,hawk
397,owl
397,squirrel
397,giraffe
397,monkey
397,ape
397,whale
397,shark
397,dolphin
397,bunny
397,turtle
397,snake
397,turkey
397,chicken
397,rooster
397,hen
397,hamster
397,elk
397,deer
397,pigeon
398,cat
398,dog
398,rat
398,hamster
398,rooster
398,rabbit
398,toad
398,frog
398,gecko
398,snake
398,lizard
398,alligator
398,wombat
398,bat
398,spider monkey
398,monkey
398,whale
398,zebra
398,cougar
398,lion
398,tiger
398,bear
398,squirrel
398,raccoon
398,crow
398,bird
398,jaguar
398,puma
398,black mamba
398,crocodile
398,meerkat
398,gorilla
398,flamingo
398,devil
398,rhinoceros
398,hippopotamus
398,shark
398,penguin
474,bird
474,dog
474,cat
474,horse
474,cow
474,pig
474,donkey
474,elephant
474,monkey
474,bear
474,gorilla
474,tiger
474,lion
474,rat
474,mouse
474,snake
474,lizard
474,frog
474,hamster
474,fish
474,guinea pig
474,rooster
474,chicken
474,turkey
474,ferret
474,parrot
474,shark
474,deer
474,moose
475,monkey
475,dog
475,cat
475,bird
475,lion
475,giraffe
475,pig
475,cow
475,seagull
475,fish
475,whale
475,shark
475,rat
475,mouse
475,worm
475,snake
475,spider
475,octopus
475,seal
475,dolphin
475,hawk
475,dinosaur
475,duck
475,quail
475,gerbil
475,hamster
475,turtle
475,frog
475,alligator
475,crocodile
475,bear
475,fox
475,wolf
475,rabbit
475,zebra
475,horse
475,hyena
475,tiger
475,elephant
475,chicken
475,possum
475,yak
475,tarantula
476,dog
476,cat
476,bird
476,fish
476,lion
476,giraffe
476,monkey
476,elephant
476,rat
476,mouse
476,guinea pig
476,badger
476,possum
476,raccoon
476,deer
476,turkey
476,pig
476,horse
476,buffalo
476,antelope
476,alligator
476,crocodile
476,panther
476,wolf
476,moose
476,caribou
476,reindeer
476,polar bear
476,bear
476,muskrat
477,dog
477,cat
477,rat
477,mouse
477,tiger
477,bear
477,lion
477,cheetah
477,python
477,panther
477,zebra
477,giraffe
477,elephant
477,penguin
477,polar bear
477,panda
477,snake
477,garter snake
477,snail
477,toad
477,frog
477,chameleon
477,lizard
477,slug
477,horse
477,camel
477,kangaroo
477,koala
477,shark
477,whale
477,goldfish
477,angelfish
477,salamander
477,spider
478,dog
478,cat
478,chicken
478,duck
478,elephant
478,mouse
478,hamster
478,sheep
478,moose
478,giraffe
478,monkey
478,fish
478,leopard
478,zebra
478,lizard
478,rabbit
478,chimpanzee
478,rat
478,tiger
478,bear
478,lion
478,gerbil
478,ferret
478,penguin
478,ostrich
478,polar bear
478,koala
478,deer
478,reindeer
478,goldfish
479,cat
479,dog
479,elephant
479,giraffe
479,monkey
479,gorilla
479,ape
479,chimpanzee
479,penguin
479,antelope
479,lion
479,tiger
479,grizzly
479,bear
479,seal
479,walrus
479,flamingo
479,peacock
479,squirrel
479,chipmunk
479,fish
479,starfish
479,seahorse
479,shark
479,killer whale
479,clownfish
479,dalmatian
479,sparrow
479,eagle
479,egret
479,bluefooted booby
479,muskrat
479,possum
479,mole
479,raccoon
479,goose
479,duck
479,gull
479,cow
479,horse
479,pig
479,sheep
479,ewe
479,lamb
479,wolf
479,leopard
480,dog
480,cat
480,ferret
480,lizard
480,panda
480,koala
480,seal
480,dolphin
480,fish
480,shark
480,whale
480,sealion
480,polar bear
480,bear
480,grizzly
480,fox
480,coyote
480,pig
480,cow
480,horse
480,duck
480,frog
480,snake
480,snail
480,turtle
480,fly
480,butterfly
480,tiger
480,groundhog
480,zebra
480,kangaroo
480,crab
480,lobster
480,possum
480,raccoon
480,squirrel
480,chipmunk
480,rabbit
480,jackrabbit
480,chinchilla
480,bat
480,gorilla
481,human
481,monkey
481,bird
481,frog
481,leopard
481,tiger
481,giraffe
481,elephant
481,gorilla
481,snake
481,fly
481,anteater
481,dog
481,cat
481,hamster
481,rat
481,mouse
481,turtle
481,guinea pig
481,kangaroo
481,koala
481,chipmunk
481,squirrel
481,crocodile
481,alligator
481,liger
481,flamingo
481,seal
481,whale
481,goldfish
481,betta
481,clownfish
481,polar bear
481,bear
481,bear
481,panda
482,monkey
482,turtle
482,fish
482,dog
482,cat
482,pig
482,horse
482,cow
482,bull
482,chicken
482,turkey
482,hen
482,rooster
482,whale
482,shark
482,rabbit
482,lizard
482,snake
482,chick
482,mouse
482,rat
482,bear
482,gorilla
482,zebra
482,giraffe
482,lion
483,labrador retriever
483,cat
483,lion
483,tiger
483,elephant
483,rhino
483,bird
483,whale
483,fish
483,shark
483,hippopotamus
483,oyster
483,dolphin
483,horse
483,bobcat
483,grizzly
483,bear
483,human
483,wolverine
483,badger
483,snake
483,mole
483,manatee
483,goat
484,dog
484,cat
484,bird
484,horse
484,dolphin
484,shark
484,goldfish
484,snake
484,rabbit
484,ox
484,sheep
484,goat
484,cow
484,llama
484,bee
484,butterfly
484,giraffe
484,elephant
484,monkey
484,penguin
484,blowfish
484,zebra
484,lion
484,tiger
484,bear
484,donkey
484,alligator
484,crocodile
484,whale
484,wolf
484,coyote
484,armadillo
484,spider
484,scorpion
485,bird
485,reptile
485,dinosaur
485,fish
485,bear
485,bee
485,insect
485,fly
485,cheetah
485,lion
485,leopard
485,mammal
485,whale
485,dolphin
485,elephant
485,chicken
485,horse
485,flamingo
485,eagle
485,ant
485,spider
485,zebra
486,zebra
486,wolf
486,duck
486,lion
486,rat
486,mole
486,giraffe
486,dog
486,labrador retriever
486,siberian husky
486,malamute
486,chihuahua
486,crow
486,raven
486,monkey
486,ape
486,gorilla
486,chimpanzee
486,bat
486,parrot
486,bird
486,snake
486,python
486,anaconda
486,yak
486,llama
486,whale
486,dolphin
486,cow
486,bull
486,chicken
486,penguin
486,polar bear
486,seal
486,walrus
486,lamb
486,sheep
486,fish
486,pike
487,horse
487,cat
487,dog
487,jaguar
487,cougar
487,mouse
487,rat
487,gerbil
487,monkey
487,ape
487,gorilla
487,orangutan
487,parakeet
487,rabbit
487,guinea pig
487,pig
487,spider
487,cow
487,donkey
487,squirrel
487,chipmunk
487,owl
487,deer
487,moose
487,elk
487,frog
487,toad
487,emu
487,elephant
487,woodpecker
487,woodchuck
487,quail
487,yak
488,dog
488,cat
488,bear
488,polar bear
488,monkey
488,fish
488,turtle
488,rabbit
488,ferret
488,bird
488,tiger
488,wolf
488,cheetah
488,moose
488,deer
488,goat
488,horse
488,lamb
488,llama
488,elephant
488,camel
488,gecko
488,bee
488,fly
488,bug
488,snake
488,worm
488,gopher
488,squirrel
488,crab
488,lobster
488,shrimp
488,tuna
488,lizard
488,whale
488,dolphin
488,shark
488,jellyfish
488,starfish
488,stingray
488,lion
488,zebra
488,mongoose
489,cat
489,squirrel
489,lion
489,zebra
489,giraffe
489,bear
489,tiger
489,hippopotamus
489,bird
489,lizard
489,snake
489,rabbit
489,raccoon
489,seal
489,penguin
489,dolphin
489,whale
489,shark
489,fish
489,goat
489,lamb
489,pig
489,chicken
489,cow
489,horse
489,donkey
489,octopus
489,starfish
489,monkey
490,pig
490,dog
490,cat
490,bird
490,turtle
490,hamster
490,crab
490,alligator
490,shark
490,tiger
490,bear
490,lizard
490,eagle
490,hyena
490,wolf
490,elephant
490,rhinoceros
490,giraffe
490,polar bear
490,grizzly
490,bear
490,boar
490,deer
490,hen
490,chicken
490,sheep
490,horse
490,coyote
490,opossum
490,monkey
490,ape
490,sloth
490,fish
490,frog
490,tadpole
490,octopus
490,treefrog
490,gerbil
491,cheetah
491,dog
491,lion
491,tiger
491,raccoon
491,squirrel
491,snake
491,bee
491,bug
491,fly
491,spider
491,mammal
491,monkey
491,whale
491,fish
491,crab
491,shark
491,elephant
491,anteater
491,dolphin
491,snake
491,bear
491,frog
491,hare
491,walrus
491,penguin
492,dog
492,cat
492,turtle
492,snake
492,bear
492,pig
492,cow
492,chicken
492,rat
492,mouse
492,hamster
492,kangaroo
492,giraffe
492,zebra
492,horse
492,gorilla
492,monkey
492,orangutan
492,whale
492,robin
492,blue jay
492,penguin
492,polar bear
492,flamingo
492,spider
492,bee
492,moth
492,fly
492,duck
492,swan
492,frog
492,lizard
492,komodo dragon
492,shark
492,goldfish
492,octopus
492,clownfish
492,starfish
492,coral
492,donkey
492,lion
493,dog
493,cat
493,rabbit
493,tiger
493,lion
493,bear
493,ostrich
493,giraffe
493,penguin
493,polar bear
493,raccoon
493,squirrel
493,monkey
493,chimpanzee
493,zebra
493,elephant
493,mongoose
493,goose
493,duck
493,pelican
493,fish
493,betta
493,dolphin
493,humpback whale
493,shark
493,coral
493,seahorse
493,octopus
493,horse
493,cow
493,pig
493,goat
493,sheep
493,woolly mammoth
493,mountain lion
493,bengal tiger
493,kangaroo
494,dog
494,cat
494,bird
494,rat
494,mouse
494,lizard
494,snake
494,lion
494,giraffe
494,tiger
494,eagle
494,groundhog
494,opossum
494,parrot
494,bear
494,owl
494,alligator
494,gerbil
494,fish
494,shark
494,whale
494,jellyfish
494,bat
494,hippopotamus
494,cow
494,pig
494,chicken
494,horse
494,labrador retriever
495,cow
495,cheetah
495,bird
495,goldfish
495,toucan
495,dog
495,cat
495,squirrel
495,bat
495,elephant
495,flamingo
495,rhino
495,goat
495,horse
495,shark
495,human
495,fish
495,bass
495,eagle
495,stallion
495,cardinal
495,tiger
495,lion
495,pony
495,wildcat
495,wolverine
495,gull
495,rat
495,mouse
495,pheasant
495,snake
496,dog
496,cat
496,rabbit
496,owl
496,eagle
496,horse
496,cow
496,chicken
496,butterfly
496,pig
496,squirrel
496,bear
496,moose
496,whale
496,dolphin
496,walrus
496,squid
496,sponge
496,stingray
496,blue jay
496,oriole
496,cardinal
496,cub
496,kangaroo
496,deer
496,crow
496,worm
496,fly
496,groundhog
496,possum
496,frog
496,fish
496,turtle
497,dog
497,cat
497,fox
497,wolf
497,bear
497,squirrel
497,chipmunk
497,rabbit
497,horse
497,tiger
497,lion
497,cheetah
497,hippopotamus
497,crocodile
497,alligator
497,wolverine
497,jaguar
497,snake
497,gerbil
497,cow
497,hen
497,rooster
497,pig
497,goose
497,dolphin
497,whale
497,polar bear
498,skunk
498,giraffe
498,dog
498,cat
498,monkey
498,kangaroo
498,zebra
498,dinosaur
498,spider
498,snake
498,ant
498,bee
498,mosquito
498,bird
498,eagle
498,tiger
498,lion
498,bear
498,lion
498,devil
498,bunny
498,raccoon
498,deer
498,tarantula
498,squirrel
498,hamster
575,dog
575,cat
575,bird
575,tiger
575,lion
575,monkey
575,alligator
575,crocodile
575,giraffe
575,elephant
575,human
575,rabbit
575,fish
575,hamster
575,guinea pig
575,mouse
575,raccoon
575,possum
575,squirrel
575,chipmunk
575,wolf
576,dog
576,cat
576,mouse
576,moose
576,cow
576,marmot
576,deer
576,stag
576,bull
576,frog
576,bird
576,eagle
576,sparrow
576,hawk
576,falcon
576,bear
576,wolverine
576,wolf
576,spider
576,grasshopper
576,fly
576,praying mantis
576,beetle
576,owl
576,crane
576,tiger
576,lion
576,leopard
576,caribou
576,ox
576,gorilla
576,chimpanzee
576,orangutan
576,insect
576,whale
576,dolphin
576,porpoise
576,manatee
576,stingray
576,eel
576,shark
576,mako shark
576,whale shark
576,goldfish
576,betta
576,bug
576,ladybug
576,lemur
576,otter
576,ostrich
576,kiwi
576,rat
576,worm
576,leech
576,piranha
576,rabbit
576,doe
577,cheetah
577,dog
577,cat
577,mountain lion
577,seal
577,manatee
577,chimpanzee
577,raccoon
577,squirrel
577,chipmunk
577,turtle
577,gorilla
577,giraffe
577,snake
577,lion
577,fish
577,seahorse
577,octopus
577,mouse
577,rat
577,gerbil
577,hamster
577,chinchilla
577,deer
577,fox
577,opossum
577,rabbit
577,dolphin
577,whale
577,shark
577,starfish
577,alligator
577,crocodile
577,bird
577,crane
577,koi
577,leopard
577,mink
577,gazelle
577,zebra
577,tiger
577,bear
577,horse
577,elephant
577,walrus
577,turkey
577,pig
577,cow
578,cat
578,dog
578,bird
578,horse
578,fish
578,dinosaur
578,zebra
578,monkey
578,seal
578,dolphin
578,elephant
578,giraffe
578,shark
578,toad
578,frog
578,bear
578,wolf
578,moose
578,elk
578,sheep
578,lamb
578,cow
578,pig
578,chicken
578,bobcat
578,snake
578,alligator
578,crocodile
578,starfish
578,lion
578,tiger
578,gopher
578,beaver
578,possum
578,raccoon
578,rat
578,mouse
578,hamster
579,dog
579,pig
579,cat
579,deer
579,cow
579,monkey
579,fish
579,squirrel
579,skunk
579,rat
579,mouse
579,chicken
579,bird
579,shark
579,whale
579,bear
579,kangaroo
579,rabbit
579,possum
579,anteater
579,hippopotamus
579,bunny
579,parrot
579,chipmunk
579,bat
579,tiger
580,cat
580,dog
580,bird
580,kangaroo
580,bunny
580,alligator
580,crocodile
580,monkey
580,dolphin
580,shark
580,ostrich
580,bug
580,elephant
580,koala
580,bear
580,lion
580,tiger
580,deer
580,elk
580,buffalo
580,horse
580,pig
580,cow
580,duck
580,flamingo
580,snake
580,worm
580,parrot
580,hamster
580,gerbil
580,guinea pig
580,whale
580,fish
580,rhinoceros
580,dinosaur
580,hippopotamus
580,lizard
581,cat
581,dog
581,opossum
581,deer
581,fish
581,raccoon
581,horse
581,skunk
581,shark
581,whale
581,dolphin
581,buffalo
581,chicken
581,cow
581,turkey
581,pig
581,goat
581,elephant
581,zebra
581,giraffe
581,penguin
581,monkey
581,cheetah
581,lion
581,tiger
581,bear
581,stingray
581,snake
581,lizard
581,gecko
581,chipmunk
581,squirrel
581,hawk
581,duck
581,goose
581,peacock
581,bat
582,cat
582,dog
582,fish
582,snake
582,snail
582,frog
582,bird
582,tiger
582,lion
582,puma
582,panther
582,zebra
582,crocodile
582,alligator
582,clam
582,slug
582,possum
582,raccoon
582,chipmunk
582,squirrel
582,skunk
582,deer
582,owl
582,bear
582,moose
582,anteater
582,muskrat
582,warthog
582,meerkat
582,hyena
582,buffalo
582,lemur
582,sloth
582,panda
582,koala
582,hamster
582,ferret
582,lizard
582,goose
583,dog
583,cat
583,fish
583,ferret
583,bird
583,gerbil
583,hamster
583,gorilla
583,monkey
583,snake
583,rat
583,rabbit
583,bunny
583,peacock
583,elephant
583,camel
583,alpaca
583,giraffe
583,okapi
583,hog
583,pig
583,horse
583,donkey
583,chicken
583,rooster
583,gecko
583,lizard
583,squirrel
583,chipmunk
583,mouse
583,chinchilla
583,rhinoceros
583,goat
583,sheep
583,hen
583,turtle
583,lion
583,tiger
583,bear
583,panther
584,dog
584,cat
584,puppy
584,colt
584,horse
584,kitten
584,cub
584,bear
584,spider
584,tarantula
584,widow spider
584,lizard
584,salamander
584,snake
584,zebra
584,jaguar
584,lion
584,dinosaur
584,fish
584,hamster
584,dolphin
584,shark
584,whale
584,manatee
584,monkey
584,alligator
584,elephant
584,frog
584,goat
584,cow
584,donkey
584,possum
584,rhino
584,panda
584,gorilla
585,llama
585,cat
585,dog
585,moose
585,mouse
585,bird
585,cow
585,horse
585,pig
585,deer
585,squirrel
585,beaver
585,rooster
585,goat
585,chick
585,hen
585,lion
585,bear
585,tiger
585,rabbit
585,turtle
585,fox
585,sloth
585,manatee
585,whale
585,dolphin
585,gazelle
585,koala
585,kangaroo
585,monkey
585,chimpanzee
585,ape
585,wolf
585,elk
585,emu
585,ostrich
585,elephant
586,cat
586,dog
586,rabbit
586,bird
586,bear
586,horse
586,cheetah
586,panda
586,polar bear
586,dolphin
586,chimpanzee
586,gorilla
586,bonobo
586,lemur
586,elephant
586,rhino
586,hippopotamus
586,jaguar
586,shark
586,whale
586,snake
586,iguana
586,frog
586,turtle
586,lizard
586,chicken
586,cow
586,pig
586,tiger
586,lion
586,kangaroo
586,koala
586,platypus
586,giraffe
586,zebra
586,bat
586,sloth
586,fish
586,octopus
586,squid
586,stingray
586,toucan
586,parrot
586,gazelle
586,deer
586,raccoon
586,squirrel
586,chipmunk
586,possum
586,peacock
587,dog
587,cat
587,bird
587,lion
587,walrus
587,otter
587,turtle
587,shark
587,lamb
587,goose
587,pig
587,sheep
587,tiger
587,leopard
587,iguana
587,hamster
587,giraffe
587,monkey
587,baboon
587,rabbit
587,parakeet
587,zebra
587,cheetah
587,elephant
587,gazelle
587,prairie dog
587,boar
587,cow
587,moose
587,wolf
587,owl
587,lizard
587,orangutan
587,wolverine
588,dog
588,cat
588,bird
588,mouse
588,rat
588,gorilla
588,fish
588,bear
588,giraffe
588,bee
588,rabbit
588,dolphin
588,gerbil
588,beaver
588,spider
588,monkey
588,snake
588,panda
588,baboon
588,walrus
588,elephant
588,zebra
588,stingray
589,dog
589,cat
589,bird
589,bear
589,lion
589,tiger
589,monkey
589,chipmunk
589,skunk
589,cheetah
589,jaguar
589,raccoon
589,squirrel
589,rat
589,mouse
589,snake
589,frog
589,koala
589,fish
589,bat
589,spider
589,worm
589,butterfly
590,dog
590,cat
590,mouse
590,rat
590,horse
590,mule
590,giraffe
590,elephant
590,hippopotamus
590,eel
590,snake
590,cow
590,pig
590,fish
590,bird
590,frog
590,squirrel
590,raccoon
590,ferret
590,beaver
590,deer
590,crocodile
590,alligator
590,komodo dragon
590,fox
590,mosquito
590,monkey
590,gorilla
590,orangutan
590,human
590,bear
590,swan
590,shark
590,hummingbird
590,anaconda
590,turtle
590,dolphin
590,whale
590,polar bear
590,seal
590,tortoise
590,mongoose
590,reptile
590,panda
591,pig
591,horse
591,cow
591,duck
591,chicken
591,sheep
591,rooster
591,dog
591,cat
591,fish
591,goose
591,bluebird
591,bird
591,whale
591,dolphin
591,shark
591,elephant
591,zebra
591,cheetah
591,jaguar
591,lion
591,tiger
591,bear
591,monkey
591,hippopotamus
591,leopard
591,panther
591,bengal tiger
591,labrador retriever
591,vulture
591,rhino
591,rat
591,mouse
591,turkey
591,panda
591,hedgehog
592,dog
592,cat
592,rat
592,sheep
592,lamb
592,bird
592,guinea pig
592,fish
592,shark
592,whale
592,emu
592,eel
592,pig
592,cow
592,spider
592,fly
592,mosquito
592,chicken
592,rooster
592,duck
592,goose
592,camel
592,monkey
592,chimpanzee
592,ostrich
592,elephant
592,lion
592,tiger
592,bear
592,deer
592,moose
592,cheetah
592,sponge
592,crow
592,horse
592,bull
592,ox
592,lizard
593,bear
593,lion
593,tiger
593,panda
593,polar bear
593,snake
593,eel
593,dolphin
593,whale
593,fish
593,bird
593,puma
593,dog
593,elephant
593,giraffe
593,okapi
593,gorilla
593,chimpanzee
593,bonobo
593,snow leopard
593,cheetah
593,sloth
593,wolf
593,fox
593,possum
593,raccoon
593,squirrel
593,groundhog
593,badger
593,chipmunk
593,rabbit
593,deer
593,swan
593,seal
593,sealion
593,manatee
593,alligator
593,crocodile
593,hippopotamus
593,zebra
593,gazelle
594,mouse
594,elephant
594,giraffe
594,frog
594,snake
594,hamster
594,gerbil
594,fish
594,turtle
594,lizard
594,squirrel
594,peacock
594,raccoon
594,possum
594,bird
594,lion
594,tiger
594,bear
594,deer
594,rabbit
594,monkey
594,hippopotamus
594,zebra
594,chipmunk
594,otter
594,seal
594,octopus
594,walrus
595,dog
595,cat
595,elephant
595,ant
595,gerbil
595,rabbit
595,pig
595,cow
595,chicken
595,flamingo
595,penguin
595,bird
595,squirrel
595,bear
595,lion
595,tiger
595,ostrich
595,chipmunk
595,bat
595,snail
595,mouse
595,rat
595,snake
595,grasshopper
595,anteater
595,hog
595,rhinoceros
595,giraffe
595,camel
595,donkey
595,horse
595,pigeon
595,cougar
595,leopard
595,zebra
595,seal
595,whale
595,dolphin
595,cricket
595,beetle
595,june bug
595,fox
595,goldfinch
595,bee
595,mosquito
595,lizard
595,chameleon
595,butterfly
595,moth
595,wasp
596,dolphin
596,cat
596,dog
596,lion
596,tiger
596,bear
596,giraffe
596,elephant
596,zebra
596,fish
596,whale
596,starfish
596,turtle
596,octopus
596,seahorse
596,bat
596,bird
596,bee
596,hamster
596,gerbil
596,seagull
596,mouse
596,rat
596,alligator
596,worm
596,snake
596,squirrel
596,chipmunk
596,horse
596,camel
597,lion
597,zebra
597,salamander
597,pig
597,cow
597,rooster
597,hen
597,duck
597,bird
597,hippopotamus
597,giraffe
597,monkey
597,gorilla
597,fly
597,dog
597,cat
597,parakeet
597,frog
597,snake
597,bobcat
597,cheetah
597,rhino
597,panther
597,hyena
597,turtle
597,rabbit
597,moth
597,butterfly
597,human
597,dolphin
597,polar bear
597,grizzly
597,bear
597,owl
597,orangutan
598,dog
598,cat
598,bear
598,lion
598,tiger
598,rabbit
598,fox
598,deer
598,flamingo
598,emu
598,bird
598,parrot
598,hamster
598,gerbil
598,parakeet
598,lizard
598,frog
598,snake
598,shark
598,dolphin
598,goldfish
598,fish
598,leopard
598,cheetah
598,zebra
598,hippopotamus
598,elephant
598,gorilla
598,turtle
598,snail
598,spider
598,crocodile
598,penguin
598,polar bear
598,giraffe
598,squirrel
598,chimpanzee
598,tarantula
598,seal
598,walrus
677,dog
677,cat
677,rabbit
677,mouse
677,bird
677,giraffe
677,elephant
677,lion
677,tiger
677,bear
677,pig
677,cow
677,horse
677,sheep
677,llama
677,possum
677,skunk
677,deer
677,monkey
677,parrot
677,bull
677,squirrel
678,dog
678,cat
678,cow
678,bird
678,ant
678,pig
678,crow
678,blue jay
678,cardinal
678,bear
678,bear
678,bear
678,lion
678,insect
678,fish
678,bluegill
678,turtle
678,frog
678,tiger
678,zebra
678,horse
678,donkey
678,spider
678,duckbill
678,salmon
678,hamster
679,dog
679,cat
679,bear
679,rat
679,monkey
679,tiger
679,elephant
679,cow
679,mule
679,horse
679,rabbit
679,kangaroo
679,chimpanzee
679,gorilla
679,rhino
679,deer
679,lion
679,baboon
679,pig
679,sheep
679,goat
679,buffalo
679,bull
680,cat
680,dog
680,fish
680,cow
680,pig
680,horse
680,bear
680,lamb
680,chicken
680,frog
680,cheetah
680,jaguar
680,platypus
680,kangaroo
680,wallaby
680,alligator
680,deer
680,moose
680,duck
680,wolf
680,fox
680,quail
680,finch
680,bacteria
680,whale
680,octopus
680,coral
680,lion
680,tiger
680,liger
681,dog
681,cat
681,bird
681,elephant
681,lion
681,tiger
681,pig
681,guinea pig
681,chick
681,cub
681,bear
681,dolphin
681,kangaroo
681,owl
681,robin
681,sparrow
681,falcon
681,eagle
681,pigeon
681,dove
681,duck
681,penguin
681,emu
681,ostrich
681,giraffe
681,wolf
681,cougar
681,panther
681,snake
681,boa constrictor
681,gecko
681,lizard
681,spider
681,ant
681,rabbit
681,hare
681,toad
681,frog
681,turtle
681,fish
681,clownfish
681,whale
681,walrus
681,dodo
681,koala
681,wallaby
681,rooster
681,chicken
681,turkey
681,platypus
681,porpoise
681,goose
681,moose
681,deer
681,doe
681,buck
682,dog
682,cat
682,mouse
682,giraffe
682,zebra
682,lion
682,antelope
682,tiger
682,bear
682,meerkat
682,baboon
682,gorilla
682,parrot
682,parakeet
682,dove
682,snake
682,rabbit
682,mongoose
682,penguin
682,polar bear
682,insect
682,squirrel
682,chipmunk
682,groundhog
682,shark
682,whale
682,fish
682,coral
682,horse
682,moose
682,deer
682,elk
682,reindeer
682,spider
683,dog
683,cat
683,elephant
683,capybara
683,aardvark
683,crocodile
683,alligator
683,rhinoceros
683,platypus
683,duck
683,goose
683,squirrel
683,peacock
683,macaw
683,spider monkey
683,monkey
683,gorilla
683,pony
683,horse
683,cow
683,chicken
683,salamander
683,whale
683,dolphin
683,komodo dragon
683,robin
683,grizzly
683,bear
683,bear
683,mink
683,leopard
683,panther
683,ocelot
683,bobcat
683,giraffe
683,polar bear
683,penguin
683,seal
683,walrus
683,narwhal
683,jaguar
683,tapir
683,agouti
684,dog
684,cat
684,parrot
684,parakeet
684,nightingale
684,blackbird
684,finch
684,woodpecker
684,cow
684,pig
684,horse
684,goat
684,sheep
684,duck
684,goose
684,mule
684,chicken
684,lion
684,tiger
684,bear
684,zebra
684,monkey
684,orangutan
684,anteater
684,meerkat
684,prairie dog
684,eagle
684,cheetah
684,antelope
684,ant
684,spider
684,snake
684,scorpion
684,ostrich
684,llama
684,goldfish
684,starfish
684,dolphin
684,whale
684,octopus
684,stingray
684,clownfish
684,turtle
684,koala
684,panda
684,crawfish
684,catfish
684,raccoon
684,possum
684,deer
684,turkey
684,hippopotamus
686,dog
686,cat
686,fish
686,sheep
686,cow
686,pig
686,horse
686,tiger
686,lion
686,bear
686,monkey
686,hippopotamus
686,giraffe
686,deer
686,elephant
686,whale
686,dolphin
686,seal
686,moose
686,zebra
686,bird
686,rabbit
687,bear
687,wolf
687,raccoon
687,starfish
687,clownfish
687,whale
687,shark
687,hammerhead shark
687,whale shark
687,piranha
687,cougar
687,jaguar
687,cheetah
687,panther
687,leopard
687,wasp
687,human
687,gorilla
687,chimpanzee
687,spider monkey
687,hornet
687,lemur
687,polar bear
687,bear
687,squirrel
687,turtle
687,tortoise
687,chipmunk
687,owl
687,sparrow
687,cardinal
687,oriole
687,kangaroo
687,zebra
687,mule
687,horse
687,pig
687,chicken
687,turkey
687,goat
687,sheep
687,grasshopper
687,praying mantis
687,tick
687,mosquito
687,flea
687,cat
687,corgi
687,caiman
688,dog
688,cat
688,fish
688,bird
688,flamingo
688,monkey
688,lion
688,tiger
688,bear
688,hawk
688,moose
688,deer
688,mongoose
688,platypus
688,lizard
688,frog
688,alligator
688,crocodile
688,lemur
688,sealion
688,walrus
688,whale
688,shark
688,eel
688,gazelle
688,cheetah
688,leopard
688,panther
688,mountain lion
688,puma
688,squirrel
688,chipmunk
688,rabbit
688,rat
688,mouse
688,hamster
688,guinea pig
688,pig
688,goat
688,sheep
688,lamb
688,horse
688,cow
688,chicken
688,turkey
688,rooster
688,spider
688,snake
688,scorpion
688,orangutan
688,polar bear
688,goose
689,bear
689,cat
689,dog
689,cougar
689,panther
689,tiger
689,wildcat
689,monkey
689,gorilla
689,snake
689,human
689,bird
689,pigeon
689,lion
689,jaguar
689,buck
689,horse
689,goat
689,chicken
689,cow
689,pig
689,duck
689,piglet
689,hog
689,hen
689,goose
689,squirrel
689,rooster
689,boar
689,mountain lion
690,cat
690,dog
690,bear
690,rabbit
690,elephant
690,beaver
690,cow
690,horse
690,fox
690,wolf
690,mouse
690,lamb
690,kitten
690,sheep
691,cat
691,dog
691,alligator
691,rabbit
691,pigeon
691,spider
691,lamb
691,cow
691,horse
691,pig
691,elephant
691,sheep
691,bull
691,chicken
691,rooster
691,hen
691,crocodile
691,ostrich
691,giraffe
691,penguin
691,tiger
691,lion
691,bear
691,polar bear
691,snow leopard
691,owl
691,bird
691,vulture
691,grasshopper
691,cricket
691,snake
691,snail
691,sponge
691,crab
691,shrimp
691,bass
691,clownfish
691,clam
691,oyster
691,monkey
691,iguana
691,lizard
691,chameleon
691,tarantula
691,mosquito
691,betta
691,rhino
691,hippopotamus
691,killer whale
691,shark
692,kangaroo
692,monkey
692,panda
692,bear
692,insect
692,fish
692,alligator
692,crocodile
692,shark
692,cat
692,dog
692,mouse
692,rat
692,tiger
692,lion
692,giraffe
692,bird
692,hawk
692,snake
692,hamster
692,gerbil
692,guinea pig
692,pig
692,goat
692,horse
692,chicken
692,turkey
692,cow
692,jaguar
692,panther
692,leopard
692,whale
692,vulture
692,quail
692,eagle
692,rattlesnake
692,tarantula
692,ostrich
693,dog
693,cat
693,ferret
693,mouse
693,rat
693,hamster
693,goat
693,chicken
693,cow
693,duck
693,goose
693,turkey
693,pig
693,lamb
693,sheep
693,fish
693,seal
693,shark
693,dolphin
693,penguin
693,monkey
693,turtle
693,tortoise
693,frog
693,gopher
693,tiger
693,mule
693,camel
693,giraffe
693,lion
693,groundhog
693,zebra
693,ostrich
693,bird
693,snake
693,chipmunk
693,squirrel
693,jaguar
693,platypus
693,crocodile
693,skunk
694,dog
694,cat
694,bird
694,fish
694,parrot
694,akita
694,great dane
694,shih tzu
694,greyhound
694,siamese cat
694,parakeet
694,cockatiel
694,shark
694,catfish
694,whale
694,elephant
694,monkey
694,walrus
694,jellyfish
694,crocodile
694,stingray
694,alligator
694,marmoset
694,mountain lion
694,lion
694,tiger
694,bear
694,colt
694,horse
694,antelope
694,polar bear
694,bear
694,bear
694,grizzly
694,panda
694,seal
694,ferret
694,gazelle
694,buffalo
694,hyena
694,rat
694,pig
694,cattle
695,dog
695,cat
695,lion
695,tiger
695,bear
695,zebra
695,ostrich
695,panda
695,monkey
695,ape
695,gorilla
695,chimpanzee
695,bird
695,bat
695,groundhog
695,dingo
695,elephant
695,giraffe
695,walrus
695,manatee
695,seal
695,whale
695,pelican
695,heron
695,turtle
695,fish
695,salmon
695,shrimp
695,crawfish
695,otter
695,beaver
695,deer
695,moose
695,goose
695,hummingbird
695,squirrel
695,chipmunk
695,ant
695,human
695,crab
695,lobster
695,eagle
695,crane
696,dog
696,cat
696,fish
696,bird
696,squirrel
696,penguin
696,mouse
696,rat
696,skunk
696,whale
696,dolphin
696,elephant
696,rhinoceros
696,peacock
696,pig
696,horse
696,cow
696,chicken
696,hamster
696,guinea pig
696,ferret
696,snake
696,frog
696,snail
696,octopus
696,giraffe
696,bear
696,lion
696,tiger
696,leopard
696,cheetah
696,alligator
696,cougar
696,duck
696,goose
696,fly
696,gerbil
696,polar bear
697,dog
697,cat
697,dolphin
697,bird
697,giraffe
697,bear
697,kangaroo
697,monkey
697,zebra
697,jaguar
697,lion
697,snake
697,whale
697,chimpanzee
697,buffalo
697,deer
697,mouse
698,dog
698,cat
698,fish
698,elephant
698,rhinoceros
698,squirrel
698,rabbit
698,chipmunk
698,labrador retriever
698,bloodhound
698,bird
698,parrot
698,crow
698,parakeet
698,goldfish
698,horse
698,deer
698,bear
698,raccoon
698,skunk
698,groundhog
698,mole
698,hedgehog
698,rat
698,mouse
698,bee
698,fly
698,cockroach
698,bluegill
698,bass
698,cardinal
698,colt
698,oriole
698,dolphin
698,whale
698,manatee
698,beaver
779,penguin
779,bear
779,polar bear
779,toucan
779,hummingbird
779,ostrich
779,sloth
779,orangutan
779,monkey
779,tiger
779,lion
779,dog
779,cat
779,fish
779,zebra
779,llama
779,pig
779,cow
779,rooster
779,lamb
779,sheep
779,pelican
779,cougar
779,barracuda
779,horse
779,jaguar
779,siberian husky
779,falcon
779,deer
779,stag
779,parrot
779,turtle
779,kangaroo
779,koala
779,emu
779,shark
779,dolphin
779,crow
779,rabbit
779,leopard
780,cow
780,dog
780,cat
780,elephant
780,horse
780,bird
780,frog
780,turtle
780,chicken
780,duck
780,sheep
780,goat
780,calf
780,mouse
780,rat
780,possum
780,chipmunk
780,squirrel
780,wolf
780,coyote
780,cheetah
780,lion
780,tiger
780,bear
780,panda
780,koala
780,penguin
780,ferret
780,orangutan
780,gorilla
780,monkey
780,rhino
780,giraffe
780,parrot
780,goose
780,fish
780,dolphin
780,kitten
780,hyena
780,rooster
780,pig
780,hen
780,grizzly
780,leopard
781,cat
781,dog
781,horse
781,sheep
781,wolf
781,pig
781,giraffe
781,monkey
781,chimpanzee
781,koala
781,kangaroo
781,tiger
781,lion
781,gorilla
781,bird
781,snake
781,crocodile
781,alligator
781,boa
781,rat
781,mouse
781,rabbit
781,cow
781,chicken
781,chick
781,eagle
781,guinea pig
781,hamster
781,liger
781,fox
782,cat
782,dog
782,bird
782,mouse
782,elephant
782,goat
782,lamb
782,monkey
782,bull
782,walrus
782,dolphin
782,whale
782,fish
782,squid
782,frog
782,snake
782,hippopotamus
782,shark
782,horse
782,tiger
782,lion
782,panther
782,wildcat
782,cow
783,elephant
783,cat
783,dog
783,bird
783,lion
783,tiger
783,cheetah
783,kangaroo
783,peacock
783,monkey
783,donkey
783,owl
783,lizard
783,snake
783,rat
783,bear
783,polar bear
783,squirrel
783,crocodile
783,fish
783,whale
783,shark
783,zebra
783,giraffe
784,dog
784,cat
784,bunny
784,rabbit
784,bird
784,elephant
784,panda
784,polar bear
784,giraffe
784,raccoon
784,boar
784,chicken
784,rooster
784,turkey
784,mouse
784,crab
784,lobster
784,dolphin
784,whale
784,rhino
784,hippopotamus
784,chimpanzee
784,gorilla
784,ant
784,bee
784,fly
784,grizzly
784,fish
784,ferret
784,gopher
784,groundhog
784,frog
784,toad
784,koala
784,kangaroo
784,shark
784,barracuda
784,turtle
784,goat
785,cat
785,dog
785,bird
785,parrot
785,parakeet
785,duck
785,goose
785,cow
785,pig
785,horse
785,frog
785,lizard
785,gecko
785,axolotl
785,snake
785,barracuda
785,squid
785,octopus
785,lobster
785,scallop
785,clam
785,crab
785,eel
785,monkey
785,ape
785,mosquito
785,insect
785,fly
785,leech
785,chicken
785,hen
785,rooster
785,mule
785,ox
785,panther
785,mountain lion
785,lion
785,elephant
785,leopard
785,cheetah
785,zebra
785,moose
785,mouse
786,dog
786,cat
786,cow
786,pig
786,horse
786,goat
786,sheep
786,frog
786,fish
786,dolphin
786,shark
786,whale
786,crab
786,lobster
786,otter
786,sealion
786,lion
786,cheetah
786,tiger
786,monkey
786,snake
786,panther
786,bear
786,chicken
786,hen
786,human
786,iguana
786,alligator
786,hippopotamus
786,antelope
786,buffalo
786,panda
786,koala
786,kangaroo
787,cat
787,dog
787,mouse
787,rat
787,human
787,elephant
787,horse
787,donkey
787,tiger
787,bear
787,polar bear
787,lion
787,camel
787,cobra
787,snake
787,viper
787,cow
787,ox
787,bull
787,bat
787,bird
787,hawk
787,wolf
787,jaguar
787,puma
787,fish
787,seahorse
787,starfish
787,seal
787,hen
787,chicken
787,goose
787,duck
787,pig
787,lamb
787,goat
787,sheep
787,giraffe
787,sealion
788,frog
788,toad
788,monkey
788,dog
788,cat
788,giraffe
788,lion
788,tiger
788,bear
788,lynx
788,elephant
788,spider
788,snake
788,lizard
788,dinosaur
788,rabbit
788,deer
788,squirrel
788,bird
788,goat
788,pig
788,kangaroo
788,anteater
788,bat
788,rat
788,whale
788,shark
788,octopus
788,dolphin
788,starfish
788,horse
788,seahorse
788,cow
788,cougar
788,cheetah
788,fish
789,dog
789,cat
789,rabbit
789,fox
789,squirrel
789,duck
789,chicken
789,turkey
789,cow
789,horse
789,pig
789,rooster
789,bear
789,lion
789,cheetah
789,panther
789,elephant
789,kangaroo
789,giraffe
789,rhinoceros
789,monkey
789,hamster
789,mole
789,wolf
789,tiger
789,cattle
789,koala
789,beaver
790,dog
790,cat
790,bird
790,tiger
790,elephant
790,mouse
790,monkey
790,lion
790,giraffe
790,hippopotamus
790,zebra
790,horse
790,cow
790,chicken
790,rooster
790,pig
790,hen
790,kangaroo
790,bear
790,ape
790,bat
790,fish
790,whale
790,snake
790,hog
790,moose
790,deer
790,skunk
790,hamster
790,goat
790,llama
790,anteater
790,yak
790,buffalo
790,ostrich
790,flamingo
790,owl
790,panda
791,penguin
791,giraffe
791,dog
791,cat
791,snake
791,mouse
791,rat
791,spider
791,centipede
791,bird
791,flamingo
791,turtle
791,fish
791,snail
791,butterfly
791,caterpillar
791,horse
791,pony
791,donkey
791,goat
791,pig
791,duck
791,goose
791,rabbit
791,monkey
791,lion
791,tiger
791,bear
791,whale
791,dolphin
791,lobster
791,cow
791,chicken
791,lamb
791,sheep
791,reptile
792,dog
792,cat
792,lion
792,tiger
792,bear
792,fish
792,bird
792,eagle
792,snake
792,spider
792,gorilla
792,monkey
792,elephant
792,rat
792,mouse
792,zebra
792,horse
792,pig
792,rooster
792,chicken
792,cow
792,donkey
792,frog
792,toad
792,tick
792,flea
792,gnat
792,llama
792,gazelle
792,raccoon
792,deer
792,buck
792,bat
792,wolf
792,cougar
792,mountain lion
792,buffalo
792,boar
792,panther
792,colt
792,grizzly
793,wolf
793,fox
793,dog
793,rabbit
793,squirrel
793,chipmunk
793,woodpecker
793,finch
793,tiger
793,elephant
793,lion
793,hippopotamus
793,rhinoceros
793,zebra
793,snake
793,scorpion
793,lizard
793,parrot
793,human
793,cat
793,panther
793,puma
793,cougar
793,jaguar
793,kangaroo
793,cow
793,bull
793,horse
793,chicken
793,rooster
793,sheep
793,lamb
793,eagle
793,hawk
793,siamese cat
794,dog
794,cat
794,tiger
794,lion
794,elephant
794,giraffe
794,bird
794,cheetah
794,gazelle
794,deer
794,moose
794,cow
794,pig
794,chicken
794,duck
794,squirrel
794,chimpanzee
794,monkey
794,baboon
794,gorilla
794,shark
794,whale
794,salmon
794,shrimp
794,lobster
794,stingray
794,manatee
794,crab
794,flounder
794,catfish
794,tilapia
794,swordfish
794,snake
794,mouse
794,rat
794,bat
794,alligator
795,tiger
795,bear
795,koala
795,dog
795,cat
795,bird
795,squirrel
795,chipmunk
795,possum
795,monkey
795,lion
795,whale
795,shark
795,fish
795,dolphin
795,seahorse
795,bug
795,lizard
795,snake
795,fox
795,deer
795,moose
795,buffalo
795,owl
795,rabbit
795,iguana
795,anteater
795,elephant
795,gazelle
795,newt
795,giraffe
795,ostrich
795,okapi
795,chicken
795,cow
795,pig
795,horse
795,hedgehog
795,porcupine
795,brine shrimp
795,caterpillar
796,dog
796,cat
796,fish
796,zebra
796,lion
796,tiger
796,bear
796,poodle
796,scorpion
796,spider
796,alligator
796,monkey
796,ape
796,frog
796,butterfly
796,bird
796,cardinal
796,iguana
796,turtle
796,rabbit
796,wolf
796,groundhog
796,squirrel
796,chihuahua
796,bulldog
796,bullfrog
796,dinosaur
796,crawfish
796,hamster
796,guinea pig
796,pig
796,cow
796,bull
797,bear
797,lion
797,tiger
797,beaver
797,frog
797,tadpole
797,butterfly
797,caterpillar
797,rabbit
797,kangaroo
797,cow
797,horse
797,chicken
797,pig
797,rooster
797,duck
797,fish
797,whale
797,polar bear
797,grizzly
797,bear
797,seal
797,dolphin
797,penguin
797,minnow
797,spider
797,komodo dragon
797,rattlesnake
797,snake
797,chipmunk
797,owl
797,bird
797,peacock
797,bear
797,eagle
797,monkey
797,ape
797,rhino
797,elephant
797,giraffe
797,zebra
797,bobcat
798,dog
798,cat
798,fish
798,lion
798,tiger
798,cougar
798,lizard
798,bird
798,cheetah
798,bear
798,owl
798,eagle
798,panda
798,monkey
798,squirrel
798,pig
798,sheep
798,horse
798,duck
798,alligator
798,frog
798,sealion
798,rabbit
798,kangaroo
798,giraffe
798,elephant
798,antelope
798,gazelle
798,zebra
798,hummingbird
798,heron
798,turtle
798,meerkat
798,bison
798,buffalo
798,sloth
798,snake
798,mouse
798,starfish
893,dog
893,cat
893,fish
893,bunny
893,squirrel
893,tiger
893,lion
893,bear
893,mountain lion
893,cougar
893,turtle
893,ostrich
893,porcupine
893,puppy
893,kitten
893,giraffe
893,monkey
893,ape
893,chimpanzee
893,elephant
893,manatee
893,whale
893,shark
893,chipmunk
893,mouse
893,kangaroo
893,ferret
893,hyena
893,boar
893,pig
893,goat
893,llama
893,dinosaur
893,woodchuck
896,dog
896,cat
896,bear
896,fish
896,ferret
896,gerbil
896,guinea pig
896,snake
896,tiger
896,lion
896,panda
896,koala
896,bird
896,octopus
896,llama
896,gorilla
896,ape
896,monkey
896,whale
896,dolphin
896,rhinoceros
896,hippopotamus
896,flamingo
896,mouse
896,rat
896,lizard
896,gecko
896,prairie dog
896,meerkat
896,zebra
896,penguin
896,chicken
896,turkey
896,goose
896,dove
896,swan
896,parrot
896,hawk
896,eagle
896,seahorse
896,eel
896,tarantula
897,dog
897,cat
897,squirrel
897,fish
897,goat
897,sheep
897,horse
897,monkey
897,ape
897,turtle
897,donkey
897,snake
897,eel
897,whale
897,bat
897,rabbit
897,elephant
897,zebra
897,lion
897,tiger
897,hippopotamus
897,shark
897,dolphin
897,pig
897,jaguar
897,owl
897,stork
897,bird
898,dog
898,cat
898,hippopotamus
898,elephant
898,reindeer
898,bison
898,horse
898,bird
898,fish
898,spider
898,ant
898,beetle
898,bear
898,monkey
898,alligator
898,crocodile
898,chimpanzee
898,gorilla
898,tiger
898,lion
898,sloth
898,porcupine
898,swan
898,goose
898,duck
898,hamster
898,lizard
898,snake
898,panda
898,koala
898,kangaroo
898,owl
898,rat
898,squirrel
898,raccoon
898,opossum
898,anteater
898,antelope
898,cheetah
898,leopard
898,bobcat
898,bunny
898,ostrich
898,hedgehog
899,dog
899,cat
899,giraffe
899,gerbil
899,ferret
899,kangaroo
899,panda
899,polar bear
899,monkey
899,gorilla
899,chimpanzee
899,elephant
899,tiger
899,zebra
899,gazelle
899,leopard
899,panther
899,snake
899,meerkat
899,pig
899,cow
899,donkey
899,chicken
899,cock
899,fish
899,platypus
899,manatee
899,rat
899,crocodile
899,lizard
899,chameleon
899,rhino
899,hippopotamus
899,dolphin
899,urchin
899,seahorse
899,horse
899,pony
899,wolverine
899,duck
899,swan
899,owl
899,robin
899,chickadee
899,cockatoo
899,peacock
994,dog
994,cat
994,bird
994,lizard
994,newt
994,snake
994,seahorse
994,fish
994,platypus
994,anteater
994,zebra
994,horse
994,elephant
994,tiger
994,bengal tiger
994,lion
994,kangaroo
994,bear
994,donkey
994,owl
994,muskrat
994,whale
994,dolphin
994,sealion
994,otter
994,monkey
994,ape
994,orangutan
994,buffalo
994,octopus
994,elk
994,deer
994,squirrel
994,chipmunk
994,pig
994,duck
994,goose
994,meerkat
995,dog
995,cat
995,cow
995,snake
995,skunk
995,puppy
995,kitten
995,goat
995,hog
995,pig
995,wasp
995,zebra
995,cheetah
995,lion
995,tiger
995,bear
995,sloth
995,horse
995,jaguar
995,kangaroo
995,panda
995,bear
995,grizzly
995,monkey
995,lemur
996,cat
996,dog
996,squirrel
996,mouse
996,rat
996,hamster
996,zebra
996,giraffe
996,elephant
996,cow
996,goat
996,crocodile
996,lion
996,tiger
996,camel
996,hippopotamus
996,snake
996,bear
996,koala
996,fox
996,wolf
996,leopard
996,cheetah
996,yak
996,sheep
996,buffalo
996,pig
996,boar
996,kiwi
996,penguin
996,horse
996,donkey
996,monkey
997,dog
997,cat
997,bird
997,lizard
997,elephant
997,camel
997,whale
997,dolphin
997,fish
997,otter
997,komodo dragon
997,reptile
997,snail
997,lion
997,tiger
997,zebra
997,prairie dog
997,skunk
997,anteater
997,turtle
997,bat
997,dingo
997,kangaroo
997,fox
997,gnat
997,rat
997,mouse
998,cat
998,dog
998,terrier
998,akita
998,great dane
998,chimpanzee
998,gorilla
998,giraffe
998,elephant
998,lion
998,bobcat
998,cobra
998,black mamba
998,crocodile
998,alligator
998,asp
998,python
998,anaconda
998,parrot
998,zebra
998,buffalo
998,kangaroo
998,sloth
998,hippopotamus
998,stingray
998,whale
998,orca
998,manatee
998,dolphin
998,grizzly
998,fox
998,squirrel
998,coyote
998,gopher
998,groundhog
998,pig
998,cow
998,horse
998,chicken
999,bear
999,dog
999,cat
999,frog
999,monkey
999,lion
999,tiger
999,rabbit
999,squirrel
999,seal
999,dolphin
999,elephant
999,camel
999,horse
999,donkey
999,pig
999,lamb
999,sheep
999,goat
999,bird
999,snake
999,raccoon
999,ostrich
999,hamster
999,guinea pig
999,whale
1098,dog
1098,cat
1098,bird
1098,fish
1098,reptile
1098,amphibian
1098,whale
1098,shark
1098,sloth
1098,lemur
1098,tadpole
1098,mongoose
1098,butterfly
1098,alligator
1098,anteater
1098,frog
1098,snake
1098,kangaroo
1098,wallaby
1098,cavy
1098,skunk
1098,rhino
1098,giraffe
1098,rhinoceros
1098,toad
1098,gecko
1098,glider
1098,lizard
1098,hippopotamus
1098,monkey
1098,baboon
1098,fox
1098,llama
1098,bee
1098,insect
1098,grasshopper
1098,barracuda
1099,dog
1099,cat
1099,bird
1099,lion
1099,tiger
1099,bear
1099,insect
1099,spider
1099,fly
1099,worm
1099,pig
1099,chicken
1099,rooster
1099,cow
1099,sheep
1099,horse
1099,mouse
1099,rat
1099,slug
1099,raccoon
1099,possum
1099,coyote
1099,wolf
1099,leopard
1099,shark
1099,fish
1099,turtle
1099,giraffe
1099,rhino
1099,moose
1099,elk
1099,bison
1099,starfish
1099,barracuda
1099,crab
1099,deer
1099,hamster
1099,lemur
1099,sloth
1099,monkey
1099,chimpanzee
1099,snake
1099,elephant
1099,manatee
1099,whale
1099,seal
1099,polar bear
1099,fox
1099,cougar
