SID,entry
610c59ee34cc312d7ca55e45,water
610c59ee34cc312d7ca55e45,juice
610c59ee34cc312d7ca55e45,milk
610c59ee34cc312d7ca55e45,tequila
610c59ee34cc312d7ca55e45,whiskey
610c59ee34cc312d7ca55e45,wine
610c59ee34cc312d7ca55e45,beer
610c59ee34cc312d7ca55e45,bleach
610c59ee34cc312d7ca55e45,tar
600f9342e7bc5518fa9ca92a,water
600f9342e7bc5518fa9ca92a,coffee
600f9342e7bc5518fa9ca92a,vinegar
600f9342e7bc5518fa9ca92a,milk
600f9342e7bc5518fa9ca92a,gasoline
6001487015e5f62961639e7d,water
6001487015e5f62961639e7d,juice
6001487015e5f62961639e7d,lemonade
6001487015e5f62961639e7d,tea
6001487015e5f62961639e7d,soda
6001487015e5f62961639e7d,bleach
6001487015e5f62961639e7d,broth
6001487015e5f62961639e7d,liquor
6001487015e5f62961639e7d,soup
6001487015e5f62961639e7d,syrup
6001487015e5f62961639e7d,hydrogen peroxide
65d6a09286a0c99e632a46dd,water
65d6a09286a0c99e632a46dd,soda
65d6a09286a0c99e632a46dd,wine
65d6a09286a0c99e632a46dd,salsa
65d6a09286a0c99e632a46dd,liquor
65d6a09286a0c99e632a46dd,tar
65d6a09286a0c99e632a46dd,tea
65d6a09286a0c99e632a46dd,liquor
65d6a09286a0c99e632a46dd,liquor
65d6a09286a0c99e632a46dd,water
65d6a09286a0c99e632a46dd,beer
65c25cf77dca9d7ca7d9ebdb,water
65c25cf77dca9d7ca7d9ebdb,bleach
65c25cf77dca9d7ca7d9ebdb,milk
65c25cf77dca9d7ca7d9ebdb,tar
65c25cf77dca9d7ca7d9ebdb,olive oil
65c25cf77dca9d7ca7d9ebdb,cola
65c25cf77dca9d7ca7d9ebdb,water
65c25cf77dca9d7ca7d9ebdb,soda
65c25cf77dca9d7ca7d9ebdb,beer
65c25cf77dca9d7ca7d9ebdb,vodka
65c25cf77dca9d7ca7d9ebdb,whiskey
6554de7d91c1b1bf51104fda,soda
6554de7d91c1b1bf51104fda,water
6554de7d91c1b1bf51104fda,milk
6554de7d91c1b1bf51104fda,juice
6554de7d91c1b1bf51104fda,beer
6554de7d91c1b1bf51104fda,olive oil
6554de7d91c1b1bf51104fda,soup
6554de7d91c1b1bf51104fda,syrup
6554de7d91c1b1bf51104fda,smoothie
6554de7d91c1b1bf51104fda,sauce
65cc19b4b3d48a22dfc6756d,water
65cc19b4b3d48a22dfc6756d,coffee
65cc19b4b3d48a22dfc6756d,juice
65cc19b4b3d48a22dfc6756d,sauce
65cc19b4b3d48a22dfc6756d,sauce
65cc19b4b3d48a22dfc6756d,vinegar
65cc19b4b3d48a22dfc6756d,whiskey
65cc19b4b3d48a22dfc6756d,wine
65cb63e160bb47fbf9349269,water
65cb63e160bb47fbf9349269,soup
65cb63e160bb47fbf9349269,soda
65cb63e160bb47fbf9349269,juice
65cb63e160bb47fbf9349269,wine
65cb63e160bb47fbf9349269,beer
65cb63e160bb47fbf9349269,liquor
65cb63e160bb47fbf9349269,hydrogen peroxide
65cb63e160bb47fbf9349269,milk
65cb63e160bb47fbf9349269,stock
65cb63e160bb47fbf9349269,brine
601f6a2231a2904b79df1671,water
601f6a2231a2904b79df1671,soda
601f6a2231a2904b79df1671,orange juice
601f6a2231a2904b79df1671,juice
601f6a2231a2904b79df1671,juice
601f6a2231a2904b79df1671,juice
601f6a2231a2904b79df1671,juice
601f6a2231a2904b79df1671,juice
601f6a2231a2904b79df1671,gasoline
601f6a2231a2904b79df1671,tea
601f6a2231a2904b79df1671,brine
601f6a2231a2904b79df1671,salsa
601f6a2231a2904b79df1671,whiskey
601f6a2231a2904b79df1671,vodka
601f6a2231a2904b79df1671,beer
601f6a2231a2904b79df1671,wine
601f6a2231a2904b79df1671,cider
601f6a2231a2904b79df1671,cider
601f6a2231a2904b79df1671,tequila
601f6a2231a2904b79df1671,stock
654108d38225e168af4b1fa0,water
654108d38225e168af4b1fa0,brine
654108d38225e168af4b1fa0,juice
654108d38225e168af4b1fa0,brine
654108d38225e168af4b1fa0,soda
654108d38225e168af4b1fa0,gasoline
654108d38225e168af4b1fa0,coffee
5f1f3581b5cf3e103cc545c9,water
60a48adfe091e410f4eaba34,water
60a48adfe091e410f4eaba34,cola
60a48adfe091e410f4eaba34,milk
60a48adfe091e410f4eaba34,orange juice
60a48adfe091e410f4eaba34,juice
60a48adfe091e410f4eaba34,vodka
60a48adfe091e410f4eaba34,rum
60a48adfe091e410f4eaba34,whiskey
60a48adfe091e410f4eaba34,bleach
60a48adfe091e410f4eaba34,tea
60a48adfe091e410f4eaba34,coffee
60d731567049e5132e3cc4d4,water
60d731567049e5132e3cc4d4,gasoline
60d731567049e5132e3cc4d4,beer
60d731567049e5132e3cc4d4,wine
60d731567049e5132e3cc4d4,rum
60d731567049e5132e3cc4d4,vodka
60d731567049e5132e3cc4d4,milk
60d731567049e5132e3cc4d4,juice
60d731567049e5132e3cc4d4,bleach
60d731567049e5132e3cc4d4,lemon juice
60d731567049e5132e3cc4d4,soda
60d731567049e5132e3cc4d4,coffee
60d731567049e5132e3cc4d4,smoothie
60d731567049e5132e3cc4d4,kombucha
63e802622f8052bd67d6c5f0,water
63e802622f8052bd67d6c5f0,beer
63e802622f8052bd67d6c5f0,liquor
63e802622f8052bd67d6c5f0,soda
65e1f75ab3efd22e847cfbf0,soda
65e1f75ab3efd22e847cfbf0,juice
65e1f75ab3efd22e847cfbf0,water
65e1f75ab3efd22e847cfbf0,fanta
65e1f75ab3efd22e847cfbf0,sprite
65e1f75ab3efd22e847cfbf0,orange juice
65e1f75ab3efd22e847cfbf0,juice
65e1f75ab3efd22e847cfbf0,juice
65e1f75ab3efd22e847cfbf0,juice
65e1f75ab3efd22e847cfbf0,lemonade
65e1f75ab3efd22e847cfbf0,whiskey
65e1f75ab3efd22e847cfbf0,juice
63619eb02e5bd8f4f7bd138a,water
63619eb02e5bd8f4f7bd138a,juice
63619eb02e5bd8f4f7bd138a,milk
63619eb02e5bd8f4f7bd138a,beer
63619eb02e5bd8f4f7bd138a,wine
63619eb02e5bd8f4f7bd138a,vodka
63619eb02e5bd8f4f7bd138a,whiskey
63619eb02e5bd8f4f7bd138a,champagne
63619eb02e5bd8f4f7bd138a,coffee
63619eb02e5bd8f4f7bd138a,soda
63619eb02e5bd8f4f7bd138a,rum
6081806ab383aa89f6c61940,water
6081806ab383aa89f6c61940,soup
6081806ab383aa89f6c61940,coffee
6081806ab383aa89f6c61940,milk
6081806ab383aa89f6c61940,soda
6081806ab383aa89f6c61940,gasoline
6081806ab383aa89f6c61940,vinegar
6081806ab383aa89f6c61940,syrup
6081806ab383aa89f6c61940,juice
6081806ab383aa89f6c61940,milk
6081806ab383aa89f6c61940,milk
6081806ab383aa89f6c61940,milk
6081806ab383aa89f6c61940,milk
6081806ab383aa89f6c61940,milk
6081806ab383aa89f6c61940,milk
6081806ab383aa89f6c61940,broth
6081806ab383aa89f6c61940,broth
6081806ab383aa89f6c61940,beer
6081806ab383aa89f6c61940,broth
6596a5cad60ef105b6c18897,water
6596a5cad60ef105b6c18897,juice
6596a5cad60ef105b6c18897,juice
6596a5cad60ef105b6c18897,soda
6596a5cad60ef105b6c18897,wine
6596a5cad60ef105b6c18897,juice
6596a5cad60ef105b6c18897,vodka
6596a5cad60ef105b6c18897,tequila
6596a5cad60ef105b6c18897,honey
6596a5cad60ef105b6c18897,sauce
6596a5cad60ef105b6c18897,coffee
6596a5cad60ef105b6c18897,jelly
6596a5cad60ef105b6c18897,milk
65d54b3b524fcafb543d1b23,water
65d54b3b524fcafb543d1b23,sprite
65d54b3b524fcafb543d1b23,juice
65d54b3b524fcafb543d1b23,juice
65d54b3b524fcafb543d1b23,juice
65d54b3b524fcafb543d1b23,juice
65d54b3b524fcafb543d1b23,spring water
65d54b3b524fcafb543d1b23,fanta
65d54b3b524fcafb543d1b23,kombucha
65e358d9c5e3ee026268b2a7,water
65e358d9c5e3ee026268b2a7,water
65e358d9c5e3ee026268b2a7,soup
65e358d9c5e3ee026268b2a7,beer
65e358d9c5e3ee026268b2a7,liquor
65e358d9c5e3ee026268b2a7,vodka
65e358d9c5e3ee026268b2a7,gin
65e358d9c5e3ee026268b2a7,tequila
65e358d9c5e3ee026268b2a7,juice
65e358d9c5e3ee026268b2a7,orange juice
65e358d9c5e3ee026268b2a7,juice
65e358d9c5e3ee026268b2a7,juice
65e358d9c5e3ee026268b2a7,juice
65e358d9c5e3ee026268b2a7,soda
65e358d9c5e3ee026268b2a7,7up
65e358d9c5e3ee026268b2a7,tar
65e358d9c5e3ee026268b2a7,wine
65e358d9c5e3ee026268b2a7,bleach
65e358d9c5e3ee026268b2a7,water
65e358d9c5e3ee026268b2a7,brine
65e358d9c5e3ee026268b2a7,liquor
65e358d9c5e3ee026268b2a7,olive oil
65e358d9c5e3ee026268b2a7,cola
65e358d9c5e3ee026268b2a7,liquor
65e358d9c5e3ee026268b2a7,milk
65e358d9c5e3ee026268b2a7,milk
65e358d9c5e3ee026268b2a7,milk
656e3caa43f1f7f0615252ff,honey
656e3caa43f1f7f0615252ff,water
656e3caa43f1f7f0615252ff,sprite
656e3caa43f1f7f0615252ff,milk
656e3caa43f1f7f0615252ff,orange juice
656e3caa43f1f7f0615252ff,juice
656e3caa43f1f7f0615252ff,juice
656e3caa43f1f7f0615252ff,milk
656e3caa43f1f7f0615252ff,milk
656e3caa43f1f7f0615252ff,beer
656e3caa43f1f7f0615252ff,wine
656e3caa43f1f7f0615252ff,fanta
65e862f844f1b7a803bb3c5a,broth
65e862f844f1b7a803bb3c5a,brine
65e862f844f1b7a803bb3c5a,cider
65e862f844f1b7a803bb3c5a,wine
65e862f844f1b7a803bb3c5a,beer
65e862f844f1b7a803bb3c5a,coffee
65e862f844f1b7a803bb3c5a,diesel
65e862f844f1b7a803bb3c5a,gasoline
65e862f844f1b7a803bb3c5a,tar
65e862f844f1b7a803bb3c5a,juice
65e862f844f1b7a803bb3c5a,water
61363ce02e6022a741d63a6e,water
61363ce02e6022a741d63a6e,7up
61363ce02e6022a741d63a6e,sprite
61363ce02e6022a741d63a6e,orange juice
61363ce02e6022a741d63a6e,lemonade
61363ce02e6022a741d63a6e,fanta
61363ce02e6022a741d63a6e,juice
61363ce02e6022a741d63a6e,juice
61363ce02e6022a741d63a6e,juice
61363ce02e6022a741d63a6e,juice
61363ce02e6022a741d63a6e,beer
61363ce02e6022a741d63a6e,wine
61363ce02e6022a741d63a6e,sprite
61363ce02e6022a741d63a6e,vodka
61363ce02e6022a741d63a6e,tea
61363ce02e6022a741d63a6e,coffee
61363ce02e6022a741d63a6e,juice
629e241d171ec6698e05f149,water
629e241d171ec6698e05f149,juice
629e241d171ec6698e05f149,soda
629e241d171ec6698e05f149,water
629e241d171ec6698e05f149,water
629e241d171ec6698e05f149,tequila
629e241d171ec6698e05f149,whiskey
629e241d171ec6698e05f149,beer
629e241d171ec6698e05f149,cocktails
629e241d171ec6698e05f149,water
629e241d171ec6698e05f149,honey
629e241d171ec6698e05f149,molasses
629e241d171ec6698e05f149,molasses
629e241d171ec6698e05f149,pesto
629e241d171ec6698e05f149,sauce
629e241d171ec6698e05f149,marinade
629e241d171ec6698e05f149,sauce
629e241d171ec6698e05f149,juice
629e241d171ec6698e05f149,orange juice
629e241d171ec6698e05f149,juice
629e241d171ec6698e05f149,juice
629e241d171ec6698e05f149,broth
629e241d171ec6698e05f149,jelly
629e241d171ec6698e05f149,water
629e241d171ec6698e05f149,milk
629e241d171ec6698e05f149,soup
5d7ff4aa50fda7001a863736,water
5d7ff4aa50fda7001a863736,orange juice
5d7ff4aa50fda7001a863736,milk
5d7ff4aa50fda7001a863736,wine
5d7ff4aa50fda7001a863736,coffee
5d7ff4aa50fda7001a863736,soda
5d7ff4aa50fda7001a863736,tea
5d7ff4aa50fda7001a863736,lemonade
63ea4ab1ce4168cbe9f63775,water
63ea4ab1ce4168cbe9f63775,beer
63ea4ab1ce4168cbe9f63775,beer
63ea4ab1ce4168cbe9f63775,tequila
63ea4ab1ce4168cbe9f63775,vodka
63ea4ab1ce4168cbe9f63775,coffee
63ea4ab1ce4168cbe9f63775,coffee
63ea4ab1ce4168cbe9f63775,gasoline
63ea4ab1ce4168cbe9f63775,bleach
63ea4ab1ce4168cbe9f63775,juice
63ea4ab1ce4168cbe9f63775,juice
6073e0d481953bbd2cd61145,water
6073e0d481953bbd2cd61145,soda
6073e0d481953bbd2cd61145,ketchup
6073e0d481953bbd2cd61145,mustard
6073e0d481953bbd2cd61145,mayonnaise
6073e0d481953bbd2cd61145,olive oil
6073e0d481953bbd2cd61145,wine
6073e0d481953bbd2cd61145,beer
6073e0d481953bbd2cd61145,vodka
6073e0d481953bbd2cd61145,tequila
6073e0d481953bbd2cd61145,milk
65b15afd94153c1f50c92493,water
65b15afd94153c1f50c92493,milk
65b15afd94153c1f50c92493,coffee
65b15afd94153c1f50c92493,juice
65b15afd94153c1f50c92493,soup
65b15afd94153c1f50c92493,dressing
65b15afd94153c1f50c92493,soda
65b15afd94153c1f50c92493,ketchup
65b15afd94153c1f50c92493,vinegar
5885f97f41da4500014d3645,water
5885f97f41da4500014d3645,juice
5885f97f41da4500014d3645,soda
5885f97f41da4500014d3645,beer
5885f97f41da4500014d3645,wine
5885f97f41da4500014d3645,vodka
5885f97f41da4500014d3645,beer
5885f97f41da4500014d3645,coffee
5885f97f41da4500014d3645,lemonade
5f5aa60bef062519ff711fe6,orange juice
5f5aa60bef062519ff711fe6,juice
5f5aa60bef062519ff711fe6,water
5f5aa60bef062519ff711fe6,fanta
5f5aa60bef062519ff711fe6,water
5f5aa60bef062519ff711fe6,milk
5f5aa60bef062519ff711fe6,milk
5f5aa60bef062519ff711fe6,lemonade
5f5aa60bef062519ff711fe6,sprite
5f5aa60bef062519ff711fe6,beer
