SID,entry
5e7fefe06c12706d47e35211,shirt
5e7fefe06c12706d47e35211,blouse
5e7fefe06c12706d47e35211,jacket
5e7fefe06c12706d47e35211,coat
5e7fefe06c12706d47e35211,flannel
5e7fefe06c12706d47e35211,tank top
5e7fefe06c12706d47e35211,shorts
5e7fefe06c12706d47e35211,bra
5e7fefe06c12706d47e35211,shirt
5e7fefe06c12706d47e35211,sweater
5e7fefe06c12706d47e35211,pants
5e7fefe06c12706d47e35211,jeans
5e7fefe06c12706d47e35211,socks
5e7fefe06c12706d47e35211,shorts
5e7fefe06c12706d47e35211,denim
5e7fefe06c12706d47e35211,shorts
5e7fefe06c12706d47e35211,skirt
5e7fefe06c12706d47e35211,skirt
5e7fefe06c12706d47e35211,dress
5e7fefe06c12706d47e35211,shorts
5e7fefe06c12706d47e35211,necktie
5e7fefe06c12706d47e35211,socks
5e7fefe06c12706d47e35211,leg warmers
5e7fefe06c12706d47e35211,leggings
5e7fefe06c12706d47e35211,lace
5e7fefe06c12706d47e35211,pants
5e7fefe06c12706d47e35211,crown
5e7fefe06c12706d47e35211,shorts
5e7fefe06c12706d47e35211,skirt
5e7fefe06c12706d47e35211,gomesi
5e7fefe06c12706d47e35211,sari
65cbcaaab9e2fae86452af73,shirt
65cbcaaab9e2fae86452af73,pants
65cbcaaab9e2fae86452af73,socks
65cbcaaab9e2fae86452af73,dress
65cbcaaab9e2fae86452af73,scarf
65cbcaaab9e2fae86452af73,gloves
65cbcaaab9e2fae86452af73,coat
65cbcaaab9e2fae86452af73,tank top
65cbcaaab9e2fae86452af73,bra
65cbcaaab9e2fae86452af73,panties
65cbcaaab9e2fae86452af73,thong
65cbcaaab9e2fae86452af73,knit
65cbcaaab9e2fae86452af73,suit
65cbcaaab9e2fae86452af73,suit
65cbcaaab9e2fae86452af73,jacket
65cbcaaab9e2fae86452af73,hoodie
65cbcaaab9e2fae86452af73,shorts
65cbcaaab9e2fae86452af73,jeans
65cbcaaab9e2fae86452af73,shorts
65cbcaaab9e2fae86452af73,skirt
65cbcaaab9e2fae86452af73,mohair
65cbcaaab9e2fae86452af73,dress
65cbcaaab9e2fae86452af73,t-shirt
65cbcaaab9e2fae86452af73,camisole
65cbcaaab9e2fae86452af73,tulle
65cbcaaab9e2fae86452af73,sweater
65cbcaaab9e2fae86452af73,knit
65cbcaaab9e2fae86452af73,hijab
5e8a76b3939b3072dc76fb5c,shirt
5e8a76b3939b3072dc76fb5c,pants
5e8a76b3939b3072dc76fb5c,socks
5e8a76b3939b3072dc76fb5c,boxers
5e8a76b3939b3072dc76fb5c,briefs
5e8a76b3939b3072dc76fb5c,sweater
5e8a76b3939b3072dc76fb5c,jacket
5e8a76b3939b3072dc76fb5c,coat
5e8a76b3939b3072dc76fb5c,gloves
5e8a76b3939b3072dc76fb5c,pants
5e8a76b3939b3072dc76fb5c,bra
5e8a76b3939b3072dc76fb5c,leggings
5e8a76b3939b3072dc76fb5c,shorts
5e8a76b3939b3072dc76fb5c,shorts
5e8a76b3939b3072dc76fb5c,zipper
5e8a76b3939b3072dc76fb5c,shorts
5e8a76b3939b3072dc76fb5c,gloves
5e8a76b3939b3072dc76fb5c,sarong
5e8a76b3939b3072dc76fb5c,gloves
5e8a76b3939b3072dc76fb5c,suit
5e8a76b3939b3072dc76fb5c,dress
5e8a76b3939b3072dc76fb5c,shirt
5e8a76b3939b3072dc76fb5c,button
5e8a76b3939b3072dc76fb5c,shirt
5e8a76b3939b3072dc76fb5c,dress
5e8a76b3939b3072dc76fb5c,pants
5e8a76b3939b3072dc76fb5c,dress
5e8a76b3939b3072dc76fb5c,shorts
6595e3b4dc9090390e4edb5f,suit
6595e3b4dc9090390e4edb5f,jacket
6595e3b4dc9090390e4edb5f,sweater
6595e3b4dc9090390e4edb5f,blouse
6595e3b4dc9090390e4edb5f,dress
6595e3b4dc9090390e4edb5f,skirt
6595e3b4dc9090390e4edb5f,cardigan
6595e3b4dc9090390e4edb5f,shorts
6595e3b4dc9090390e4edb5f,bow tie
6595e3b4dc9090390e4edb5f,stockings
6595e3b4dc9090390e4edb5f,kalasiris
6595e3b4dc9090390e4edb5f,pants
6595e3b4dc9090390e4edb5f,shorts
6595e3b4dc9090390e4edb5f,pajamas
6595e3b4dc9090390e4edb5f,t-shirt
6595e3b4dc9090390e4edb5f,hoodie
6595e3b4dc9090390e4edb5f,socks
6595e3b4dc9090390e4edb5f,dhoti
6595e3b4dc9090390e4edb5f,gloves
6595e3b4dc9090390e4edb5f,waistcoat
6595e3b4dc9090390e4edb5f,vest
6595e3b4dc9090390e4edb5f,romper
6595e3b4dc9090390e4edb5f,tank top
6595e3b4dc9090390e4edb5f,suit
6595e3b4dc9090390e4edb5f,dress
6595e3b4dc9090390e4edb5f,shirt
6595e3b4dc9090390e4edb5f,mohair
6595e3b4dc9090390e4edb5f,dress
6595e3b4dc9090390e4edb5f,malong
6595e3b4dc9090390e4edb5f,coat
6595e3b4dc9090390e4edb5f,coat
6595e3b4dc9090390e4edb5f,bow tie
6595e3b4dc9090390e4edb5f,tie
6595e3b4dc9090390e4edb5f,tie
65512e3cc12f463bc327b7c3,socks
65512e3cc12f463bc327b7c3,shorts
65512e3cc12f463bc327b7c3,pants
65512e3cc12f463bc327b7c3,shirt
65512e3cc12f463bc327b7c3,tank top
65512e3cc12f463bc327b7c3,sweater
65512e3cc12f463bc327b7c3,sun hat
65512e3cc12f463bc327b7c3,gloves
65512e3cc12f463bc327b7c3,shorts
65512e3cc12f463bc327b7c3,patches
65512e3cc12f463bc327b7c3,bra
65512e3cc12f463bc327b7c3,malong
65512e3cc12f463bc327b7c3,shorts
65512e3cc12f463bc327b7c3,shorts
65512e3cc12f463bc327b7c3,suit
65512e3cc12f463bc327b7c3,tie
65512e3cc12f463bc327b7c3,dress
65512e3cc12f463bc327b7c3,shorts
65512e3cc12f463bc327b7c3,jacket
65512e3cc12f463bc327b7c3,zipper
65512e3cc12f463bc327b7c3,stockings
65512e3cc12f463bc327b7c3,cape
5ed9311e1a69d449577bb8cf,skirt
5ed9311e1a69d449577bb8cf,shorts
5ed9311e1a69d449577bb8cf,pants
5ed9311e1a69d449577bb8cf,shorts
5ed9311e1a69d449577bb8cf,cardigan
5ed9311e1a69d449577bb8cf,shorts
5ed9311e1a69d449577bb8cf,jeans
5ed9311e1a69d449577bb8cf,suit
5ed9311e1a69d449577bb8cf,dress
5ed9311e1a69d449577bb8cf,shirt
5ed9311e1a69d449577bb8cf,skirt
5ed9311e1a69d449577bb8cf,leggings
5ed9311e1a69d449577bb8cf,sweater
5ed9311e1a69d449577bb8cf,socks
5ed9311e1a69d449577bb8cf,jacket
5ed9311e1a69d449577bb8cf,hoodie
5ed9311e1a69d449577bb8cf,zipper
5ed9311e1a69d449577bb8cf,tights
5ed9311e1a69d449577bb8cf,socks
5ed9311e1a69d449577bb8cf,tights
5ed9311e1a69d449577bb8cf,dress
5ed9311e1a69d449577bb8cf,pants
5ed9311e1a69d449577bb8cf,shorts
5ed9311e1a69d449577bb8cf,studs
5ed9311e1a69d449577bb8cf,jersey
65c18079d4f634d2c8a0728c,stole
65c18079d4f634d2c8a0728c,shirt
65c18079d4f634d2c8a0728c,shorts
65c18079d4f634d2c8a0728c,dress
65c18079d4f634d2c8a0728c,coat
65c18079d4f634d2c8a0728c,jacket
65c18079d4f634d2c8a0728c,fleece
65c18079d4f634d2c8a0728c,hoodie
65c18079d4f634d2c8a0728c,cardigan
65c18079d4f634d2c8a0728c,sari
65c18079d4f634d2c8a0728c,leggings
65c18079d4f634d2c8a0728c,shorts
65c18079d4f634d2c8a0728c,shorts
65c18079d4f634d2c8a0728c,bra
65c18079d4f634d2c8a0728c,crown
65c18079d4f634d2c8a0728c,camisole
5c1942e200849900010afdcd,t-shirt
5c1942e200849900010afdcd,sun hat
5c1942e200849900010afdcd,scarf
5c1942e200849900010afdcd,bra
5c1942e200849900010afdcd,kimono
5c1942e200849900010afdcd,pants
5c1942e200849900010afdcd,pants
5c1942e200849900010afdcd,leggings
5c1942e200849900010afdcd,shorts
5c1942e200849900010afdcd,spandex
5c1942e200849900010afdcd,beading
5c1942e200849900010afdcd,bra
5c1942e200849900010afdcd,romper
5c1942e200849900010afdcd,socks
5c1942e200849900010afdcd,shorts
5c1942e200849900010afdcd,boxers
5c1942e200849900010afdcd,jacket
5c1942e200849900010afdcd,suit
5c1942e200849900010afdcd,jeans
5c1942e200849900010afdcd,pants
5c1942e200849900010afdcd,wrap
5c1942e200849900010afdcd,bow tie
5c1942e200849900010afdcd,tie
5c1942e200849900010afdcd,fringe
5c1942e200849900010afdcd,vest
65e63b7fc845c96c2c2520bc,t-shirt
65e63b7fc845c96c2c2520bc,shirt
65e63b7fc845c96c2c2520bc,shorts
65e63b7fc845c96c2c2520bc,coat
65e63b7fc845c96c2c2520bc,jeans
65e63b7fc845c96c2c2520bc,sweater
65e63b7fc845c96c2c2520bc,pajamas
65e63b7fc845c96c2c2520bc,shorts
65e63b7fc845c96c2c2520bc,skirt
65e63b7fc845c96c2c2520bc,leggings
65e63b7fc845c96c2c2520bc,sweater
65e63b7fc845c96c2c2520bc,thobe
65e63b7fc845c96c2c2520bc,cardigan
65e63b7fc845c96c2c2520bc,tuxedo
65e63b7fc845c96c2c2520bc,shorts
65e63b7fc845c96c2c2520bc,hoodie
65e63b7fc845c96c2c2520bc,sweater
65e63b7fc845c96c2c2520bc,sweater
65e63b7fc845c96c2c2520bc,jersey
65e63b7fc845c96c2c2520bc,tweed
65e63b7fc845c96c2c2520bc,cardigan
65e63b7fc845c96c2c2520bc,shorts
65e63b7fc845c96c2c2520bc,chiffon
65e63b7fc845c96c2c2520bc,denim
65e63b7fc845c96c2c2520bc,jacket
65e63b7fc845c96c2c2520bc,ruffle
65e63b7fc845c96c2c2520bc,jacket
65e63b7fc845c96c2c2520bc,dress
65e63b7fc845c96c2c2520bc,beading
65e63b7fc845c96c2c2520bc,dress
65e63b7fc845c96c2c2520bc,tuxedo
65e63b7fc845c96c2c2520bc,suit
65e63b7fc845c96c2c2520bc,romper
65e63b7fc845c96c2c2520bc,blazer
65e63b7fc845c96c2c2520bc,romper
65e63b7fc845c96c2c2520bc,jacket
65e63b7fc845c96c2c2520bc,cloak
65e63b7fc845c96c2c2520bc,patch
65e63b7fc845c96c2c2520bc,pajamas
65e63b7fc845c96c2c2520bc,collar
65f36565fe88b95d6806e496,coat
65f36565fe88b95d6806e496,shirt
65f36565fe88b95d6806e496,jacket
65f36565fe88b95d6806e496,sweater
65f36565fe88b95d6806e496,pants
65f36565fe88b95d6806e496,jeans
65f36565fe88b95d6806e496,shorts
65f36565fe88b95d6806e496,shorts
65f36565fe88b95d6806e496,socks
65f36565fe88b95d6806e496,silk
65f36565fe88b95d6806e496,collar
65f36565fe88b95d6806e496,button
65f36565fe88b95d6806e496,dress
65f36565fe88b95d6806e496,skirt
65f36565fe88b95d6806e496,sun hat
65f36565fe88b95d6806e496,beanie
65f36565fe88b95d6806e496,cape
65f36565fe88b95d6806e496,jacket
65f36565fe88b95d6806e496,hoodie
65f36565fe88b95d6806e496,gloves
65f36565fe88b95d6806e496,mittens
65f36565fe88b95d6806e496,bow tie
65f36565fe88b95d6806e496,tie
65f36565fe88b95d6806e496,belt
65f36565fe88b95d6806e496,coat
65f36565fe88b95d6806e496,button
65f36565fe88b95d6806e496,socks
65f36565fe88b95d6806e496,jersey
65c10fdabd93bdc59f95835b,sweater
65c10fdabd93bdc59f95835b,pants
65c10fdabd93bdc59f95835b,shorts
65c10fdabd93bdc59f95835b,socks
65c10fdabd93bdc59f95835b,stockings
65c10fdabd93bdc59f95835b,deel
65c10fdabd93bdc59f95835b,pants
65c10fdabd93bdc59f95835b,shorts
65c10fdabd93bdc59f95835b,tights
65c10fdabd93bdc59f95835b,skirt
65c10fdabd93bdc59f95835b,shorts
65c10fdabd93bdc59f95835b,shorts
65c10fdabd93bdc59f95835b,hosiery
65c10fdabd93bdc59f95835b,sweater
65c10fdabd93bdc59f95835b,gloves
65c10fdabd93bdc59f95835b,beanie
65c10fdabd93bdc59f95835b,jacket
65c10fdabd93bdc59f95835b,tiara
65c10fdabd93bdc59f95835b,tracht
65c10fdabd93bdc59f95835b,coat
65c10fdabd93bdc59f95835b,belt
65c10fdabd93bdc59f95835b,sweater
65c10fdabd93bdc59f95835b,boxers
65c10fdabd93bdc59f95835b,panties
65c10fdabd93bdc59f95835b,bra
65c10fdabd93bdc59f95835b,overalls
65c10fdabd93bdc59f95835b,jumpsuit
65c10fdabd93bdc59f95835b,romper
65c10fdabd93bdc59f95835b,suit
65c10fdabd93bdc59f95835b,blazer
5fc6df58f380620a09116434,shorts
5fc6df58f380620a09116434,skirt
5fc6df58f380620a09116434,pants
5fc6df58f380620a09116434,jeans
5fc6df58f380620a09116434,sweater
5fc6df58f380620a09116434,bra
5fc6df58f380620a09116434,lingerie
5fc6df58f380620a09116434,t-shirt
5fc6df58f380620a09116434,shirt
5fc6df58f380620a09116434,blouse
5fc6df58f380620a09116434,lace
5fc6df58f380620a09116434,dress
5fc6df58f380620a09116434,jinbei
5fc6df58f380620a09116434,mohair
5fc6df58f380620a09116434,dress
5fc6df58f380620a09116434,suit
5fc6df58f380620a09116434,denim
5fc6df58f380620a09116434,silk
5fc6df58f380620a09116434,cotton
5fc6df58f380620a09116434,sweater
5fc6df58f380620a09116434,romper
5fc6df58f380620a09116434,tunic
5fc6df58f380620a09116434,grommet
5fc6df58f380620a09116434,stole
5fc6df58f380620a09116434,sweater
5fc6df58f380620a09116434,leggings
5fc6df58f380620a09116434,skirt
5fc6df58f380620a09116434,sun hat
5fc6df58f380620a09116434,buckle
5fc6df58f380620a09116434,sun hat
5fc6df58f380620a09116434,cape
5fc6df58f380620a09116434,tank top
5fc6df58f380620a09116434,stripe
65cb586172a8853f26cc8eec,shirt
65cb586172a8853f26cc8eec,pants
65cb586172a8853f26cc8eec,jeans
65cb586172a8853f26cc8eec,blouse
65cb586172a8853f26cc8eec,tie
65cb586172a8853f26cc8eec,belt
65cb586172a8853f26cc8eec,socks
65cb586172a8853f26cc8eec,skirt
65cb586172a8853f26cc8eec,shorts
65cb586172a8853f26cc8eec,dress
65cb586172a8853f26cc8eec,suit
65cb586172a8853f26cc8eec,bra
65cb586172a8853f26cc8eec,boxers
65cb586172a8853f26cc8eec,briefs
65cb586172a8853f26cc8eec,pajamas
65cb586172a8853f26cc8eec,stole
65cb586172a8853f26cc8eec,piping
65cb586172a8853f26cc8eec,lace
65cb586172a8853f26cc8eec,cotton
65cb586172a8853f26cc8eec,nylon
65cb586172a8853f26cc8eec,polyester
65cb586172a8853f26cc8eec,shorts
65cb586172a8853f26cc8eec,collar
65cb586172a8853f26cc8eec,lace
65cb586172a8853f26cc8eec,daraa
65ef726771fe85fd222416d1,jeans
65ef726771fe85fd222416d1,leggings
65ef726771fe85fd222416d1,t-shirt
65ef726771fe85fd222416d1,tank top
65ef726771fe85fd222416d1,shorts
65ef726771fe85fd222416d1,bra
65ef726771fe85fd222416d1,shirt
65ef726771fe85fd222416d1,zipper
65ef726771fe85fd222416d1,shorts
65ef726771fe85fd222416d1,leather
65ef726771fe85fd222416d1,beanie
65ef726771fe85fd222416d1,scarf
65ef726771fe85fd222416d1,gloves
65ef726771fe85fd222416d1,pants
65ef726771fe85fd222416d1,wool
65ef726771fe85fd222416d1,socks
65ef726771fe85fd222416d1,sweater
65ef726771fe85fd222416d1,jacket
65ef726771fe85fd222416d1,pajamas
612e6569f68929afb886fb5c,t-shirt
612e6569f68929afb886fb5c,shirt
612e6569f68929afb886fb5c,blouse
612e6569f68929afb886fb5c,button
612e6569f68929afb886fb5c,shirt
612e6569f68929afb886fb5c,tank top
612e6569f68929afb886fb5c,shorts
612e6569f68929afb886fb5c,bra
612e6569f68929afb886fb5c,bra
612e6569f68929afb886fb5c,shirt
612e6569f68929afb886fb5c,jeans
612e6569f68929afb886fb5c,shorts
612e6569f68929afb886fb5c,pants
612e6569f68929afb886fb5c,belt
612e6569f68929afb886fb5c,socks
612e6569f68929afb886fb5c,thong
612e6569f68929afb886fb5c,shorts
612e6569f68929afb886fb5c,sweater
612e6569f68929afb886fb5c,zipper
612e6569f68929afb886fb5c,slip
612e6569f68929afb886fb5c,knit
612e6569f68929afb886fb5c,suit
612e6569f68929afb886fb5c,blazer
612e6569f68929afb886fb5c,bow tie
612e6569f68929afb886fb5c,tie
612e6569f68929afb886fb5c,ufflinks
612e6569f68929afb886fb5c,scarf
612e6569f68929afb886fb5c,gloves
612e6569f68929afb886fb5c,mittens
612e6569f68929afb886fb5c,hoodie
612e6569f68929afb886fb5c,sweater
612e6569f68929afb886fb5c,cardigan
612e6569f68929afb886fb5c,beret
612e6569f68929afb886fb5c,bra
612e6569f68929afb886fb5c,beading
612e6569f68929afb886fb5c,necktie
612e6569f68929afb886fb5c,belt
612e6569f68929afb886fb5c,fringe
612e6569f68929afb886fb5c,jersey
612e6569f68929afb886fb5c,headband
612e6569f68929afb886fb5c,thobe
612e6569f68929afb886fb5c,bandana
612e6569f68929afb886fb5c,plaid
612e6569f68929afb886fb5c,spandex
612e6569f68929afb886fb5c,plaid
612e6569f68929afb886fb5c,velvet
612e6569f68929afb886fb5c,knit
612e6569f68929afb886fb5c,tang suit
612e6569f68929afb886fb5c,suspenders
612e6569f68929afb886fb5c,collar
612e6569f68929afb886fb5c,chiffon
65f3d5016e5acb0fd67df6ee,hem
65f3d5016e5acb0fd67df6ee,jute
65f3d5016e5acb0fd67df6ee,shirt
5f6c102b6ec04317fc9a8127,shirt
5f6c102b6ec04317fc9a8127,t-shirt
5f6c102b6ec04317fc9a8127,coat
5f6c102b6ec04317fc9a8127,pants
5f6c102b6ec04317fc9a8127,shorts
5f6c102b6ec04317fc9a8127,socks
5f6c102b6ec04317fc9a8127,shorts
5f6c102b6ec04317fc9a8127,cardigan
5f6c102b6ec04317fc9a8127,blazer
5f6c102b6ec04317fc9a8127,scarf
5f6c102b6ec04317fc9a8127,suit
5f6c102b6ec04317fc9a8127,button
5f6c102b6ec04317fc9a8127,shirt
5f6c102b6ec04317fc9a8127,mohair
5f6c102b6ec04317fc9a8127,tank top
5f6c102b6ec04317fc9a8127,skirt
5f6c102b6ec04317fc9a8127,leggings
5f6c102b6ec04317fc9a8127,robe
65cc2139907d390e13480a97,shorts
65cc2139907d390e13480a97,pants
65cc2139907d390e13480a97,shirt
65cc2139907d390e13480a97,blouse
65cc2139907d390e13480a97,tank top
65cc2139907d390e13480a97,crown
65cc2139907d390e13480a97,cape
65cc2139907d390e13480a97,shorts
65cc2139907d390e13480a97,skirt
65cc2139907d390e13480a97,leggings
65cc2139907d390e13480a97,tights
65cc2139907d390e13480a97,stole
65cc2139907d390e13480a97,pants
65cc2139907d390e13480a97,beanie
65cc2139907d390e13480a97,gloves
65cc2139907d390e13480a97,bra
65cc2139907d390e13480a97,jacket
65cc2139907d390e13480a97,ruffle
65cc2139907d390e13480a97,jacket
65cc2139907d390e13480a97,denim
65cc2139907d390e13480a97,jacket
65cc2139907d390e13480a97,sweater
65cc2139907d390e13480a97,button
65cc2139907d390e13480a97,pajamas
65cc2139907d390e13480a97,nightgown
65cc2139907d390e13480a97,sweater
65cc2139907d390e13480a97,dress
65cc2139907d390e13480a97,suit
65cc2139907d390e13480a97,tie
65d26dcd13d9c8026aa92c4a,shirt
65d26dcd13d9c8026aa92c4a,pants
65d26dcd13d9c8026aa92c4a,bra
65d26dcd13d9c8026aa92c4a,pants
65d26dcd13d9c8026aa92c4a,belt
65d26dcd13d9c8026aa92c4a,skirt
65d26dcd13d9c8026aa92c4a,tank top
65d26dcd13d9c8026aa92c4a,t-shirt
65d26dcd13d9c8026aa92c4a,sweater
65d26dcd13d9c8026aa92c4a,jacket
65d26dcd13d9c8026aa92c4a,hoodie
65d26dcd13d9c8026aa92c4a,shorts
65d26dcd13d9c8026aa92c4a,shorts
65d26dcd13d9c8026aa92c4a,mittens
65d26dcd13d9c8026aa92c4a,deel
65d26dcd13d9c8026aa92c4a,socks
65d26dcd13d9c8026aa92c4a,tights
65d26dcd13d9c8026aa92c4a,socks
65d26dcd13d9c8026aa92c4a,jinbei
65d26dcd13d9c8026aa92c4a,skirt
65d26dcd13d9c8026aa92c4a,mohair
65d26dcd13d9c8026aa92c4a,dress
65d26dcd13d9c8026aa92c4a,dress
65d26dcd13d9c8026aa92c4a,t-shirt
65d26dcd13d9c8026aa92c4a,dress
65d26dcd13d9c8026aa92c4a,jeans
65d26dcd13d9c8026aa92c4a,shorts
65d26dcd13d9c8026aa92c4a,jeans
65d26dcd13d9c8026aa92c4a,beret
65d26dcd13d9c8026aa92c4a,shorts
65d26dcd13d9c8026aa92c4a,shorts
65d26dcd13d9c8026aa92c4a,bra
65d26dcd13d9c8026aa92c4a,fringe
65d26dcd13d9c8026aa92c4a,thong
5d3cc9010e510a00013df6f6,shorts
5d3cc9010e510a00013df6f6,deel
5d3cc9010e510a00013df6f6,slip
5d3cc9010e510a00013df6f6,shorts
5d3cc9010e510a00013df6f6,jeans
5d3cc9010e510a00013df6f6,scrubs
5d3cc9010e510a00013df6f6,mittens
5d3cc9010e510a00013df6f6,gloves
5d3cc9010e510a00013df6f6,boxers
5d3cc9010e510a00013df6f6,briefs
5d3cc9010e510a00013df6f6,thobe
5d3cc9010e510a00013df6f6,boxers
5d3cc9010e510a00013df6f6,t-shirt
5d3cc9010e510a00013df6f6,hoodie
5d3cc9010e510a00013df6f6,sweater
5d3cc9010e510a00013df6f6,jacket
5d3cc9010e510a00013df6f6,coat
5d3cc9010e510a00013df6f6,beanie
5d3cc9010e510a00013df6f6,mittens
5d3cc9010e510a00013df6f6,cape
65778c02cde55736bb830eca,pants
65778c02cde55736bb830eca,shorts
65778c02cde55736bb830eca,suit
65778c02cde55736bb830eca,knit
65778c02cde55736bb830eca,tank top
65778c02cde55736bb830eca,boxers
65778c02cde55736bb830eca,bandana
65778c02cde55736bb830eca,t-shirt
65778c02cde55736bb830eca,blouse
65778c02cde55736bb830eca,hoodie
65778c02cde55736bb830eca,beanie
65778c02cde55736bb830eca,sun hat
65778c02cde55736bb830eca,gloves
65778c02cde55736bb830eca,shorts
65778c02cde55736bb830eca,bra
65778c02cde55736bb830eca,shorts
65778c02cde55736bb830eca,bra
65778c02cde55736bb830eca,flannel
65778c02cde55736bb830eca,sweater
65778c02cde55736bb830eca,jeans
65778c02cde55736bb830eca,shorts
65778c02cde55736bb830eca,shorts
65778c02cde55736bb830eca,socks
60da4f9aa1ced7efeecca18a,shorts
60da4f9aa1ced7efeecca18a,t-shirt
60da4f9aa1ced7efeecca18a,jeans
60da4f9aa1ced7efeecca18a,pants
60da4f9aa1ced7efeecca18a,dress
60da4f9aa1ced7efeecca18a,pants
60da4f9aa1ced7efeecca18a,camisole
60da4f9aa1ced7efeecca18a,button
60da4f9aa1ced7efeecca18a,crown
60da4f9aa1ced7efeecca18a,shirt
60da4f9aa1ced7efeecca18a,sweater
60da4f9aa1ced7efeecca18a,gloves
60da4f9aa1ced7efeecca18a,crown
60da4f9aa1ced7efeecca18a,print
60da4f9aa1ced7efeecca18a,sweater
60da4f9aa1ced7efeecca18a,fringe
60da4f9aa1ced7efeecca18a,pants
60da4f9aa1ced7efeecca18a,apron
60da4f9aa1ced7efeecca18a,hemp
60da4f9aa1ced7efeecca18a,socks
60da4f9aa1ced7efeecca18a,coat
60da4f9aa1ced7efeecca18a,shorts
60da4f9aa1ced7efeecca18a,coat
60da4f9aa1ced7efeecca18a,jacket
60fcf1a04c245326d05076e0,shirt
60fcf1a04c245326d05076e0,pants
60fcf1a04c245326d05076e0,socks
60fcf1a04c245326d05076e0,bra
60fcf1a04c245326d05076e0,dress
60fcf1a04c245326d05076e0,jeans
60fcf1a04c245326d05076e0,sari
60fcf1a04c245326d05076e0,overalls
60fcf1a04c245326d05076e0,sweater
60fcf1a04c245326d05076e0,leggings
60fcf1a04c245326d05076e0,jacket
60fcf1a04c245326d05076e0,t-shirt
60fcf1a04c245326d05076e0,sweater
60fcf1a04c245326d05076e0,pajamas
60fcf1a04c245326d05076e0,tank top
60fcf1a04c245326d05076e0,belt
60fcf1a04c245326d05076e0,cotton
60fcf1a04c245326d05076e0,zipper
60fcf1a04c245326d05076e0,boxers
60fcf1a04c245326d05076e0,shorts
65eeceee847314e8232923c9,tights
65eeceee847314e8232923c9,organza
65eeceee847314e8232923c9,stitch
65eeceee847314e8232923c9,bamboo
65eeceee847314e8232923c9,socks
65f1ec7ae5a09035345db62e,sun hat
65f1ec7ae5a09035345db62e,beading
65f1ec7ae5a09035345db62e,pants
65f1ec7ae5a09035345db62e,socks
65f1ec7ae5a09035345db62e,boxers
65f1ec7ae5a09035345db62e,briefs
65f1ec7ae5a09035345db62e,thong
65f1ec7ae5a09035345db62e,bra
65f1ec7ae5a09035345db62e,hoodie
65f1ec7ae5a09035345db62e,gomesi
65f1ec7ae5a09035345db62e,pants
65f1ec7ae5a09035345db62e,jeans
65f1ec7ae5a09035345db62e,sweater
65f1ec7ae5a09035345db62e,hoodie
65f1ec7ae5a09035345db62e,t-shirt
65f1ec7ae5a09035345db62e,blouse
65f1ec7ae5a09035345db62e,dirndl
65f1ec7ae5a09035345db62e,nightgown
65f1ec7ae5a09035345db62e,pajamas
65f1ec7ae5a09035345db62e,coat
65f1ec7ae5a09035345db62e,jacket
65f1ec7ae5a09035345db62e,romper
65f1ec7ae5a09035345db62e,jacket
65f1ec7ae5a09035345db62e,vest
65f1ec7ae5a09035345db62e,sun hat
65f1ec7ae5a09035345db62e,pants
65f1ec7ae5a09035345db62e,gloves
65f1ec7ae5a09035345db62e,sweater
65f1ec7ae5a09035345db62e,tights
65f1ec7ae5a09035345db62e,leggings
65f1ec7ae5a09035345db62e,dress
65f1ec7ae5a09035345db62e,jumpsuit
65f1ec7ae5a09035345db62e,deel
65f1ec7ae5a09035345db62e,bisht
65f1ec7ae5a09035345db62e,stockings
65f1ec7ae5a09035345db62e,beading
65f1ec7ae5a09035345db62e,crown
65f1ec7ae5a09035345db62e,mittens
65f1ec7ae5a09035345db62e,lace
65f1ec7ae5a09035345db62e,dress
61035836646fb6ee2152f950,t-shirt
61035836646fb6ee2152f950,smock
61035836646fb6ee2152f950,necktie
61035836646fb6ee2152f950,skirt
61035836646fb6ee2152f950,blouse
61035836646fb6ee2152f950,jeans
61035836646fb6ee2152f950,shorts
61035836646fb6ee2152f950,sari
61035836646fb6ee2152f950,socks
61035836646fb6ee2152f950,socks
61035836646fb6ee2152f950,shorts
61035836646fb6ee2152f950,jacket
61035836646fb6ee2152f950,tiara
61035836646fb6ee2152f950,scarf
61035836646fb6ee2152f950,gloves
61035836646fb6ee2152f950,crown
61035836646fb6ee2152f950,jinbei
61035836646fb6ee2152f950,skirt
61035836646fb6ee2152f950,beanie
61035836646fb6ee2152f950,vest
61035836646fb6ee2152f950,fleece
61035836646fb6ee2152f950,slip
65d6af2397543519d98f2498,t-shirt
65d6af2397543519d98f2498,coat
65d6af2397543519d98f2498,jacket
65d6af2397543519d98f2498,tank top
65d6af2397543519d98f2498,buckle
65d6af2397543519d98f2498,shorts
65d6af2397543519d98f2498,skirt
65d6af2397543519d98f2498,shorts
65d6af2397543519d98f2498,shorts
65d6af2397543519d98f2498,hoodie
65d6af2397543519d98f2498,gloves
65d6af2397543519d98f2498,sun hat
65d6af2397543519d98f2498,beanie
65d6af2397543519d98f2498,thobe
65d6af2397543519d98f2498,zipper
65d6af2397543519d98f2498,socks
65d6af2397543519d98f2498,boxers
65d6af2397543519d98f2498,briefs
65d6af2397543519d98f2498,thong
65d6af2397543519d98f2498,bra
65d6af2397543519d98f2498,leather
65d6af2397543519d98f2498,gloves
65d6af2397543519d98f2498,patch
65d6af2397543519d98f2498,scrubs
65d6af2397543519d98f2498,sweater
5c4a428161c51f0001e96b3f,thong
5c4a428161c51f0001e96b3f,shirt
5c4a428161c51f0001e96b3f,dress
5c4a428161c51f0001e96b3f,shirt
5c4a428161c51f0001e96b3f,blouse
5c4a428161c51f0001e96b3f,pants
5c4a428161c51f0001e96b3f,sun hat
5c4a428161c51f0001e96b3f,hakama
5c4a428161c51f0001e96b3f,suit
5c4a428161c51f0001e96b3f,shorts
5c4a428161c51f0001e96b3f,apron
5c4a428161c51f0001e96b3f,dress
5c4a428161c51f0001e96b3f,shirt
5c4a428161c51f0001e96b3f,jacket
5c4a428161c51f0001e96b3f,t-shirt
5c4a428161c51f0001e96b3f,shirt
5c4a428161c51f0001e96b3f,pants
5c4a428161c51f0001e96b3f,sweater
5c4a428161c51f0001e96b3f,shorts
5c4a428161c51f0001e96b3f,socks
5c4a428161c51f0001e96b3f,boxers
