SID,entry
60fcf1a04c245326d05076e0,desert
60fcf1a04c245326d05076e0,volcano
60fcf1a04c245326d05076e0,prairie
60fcf1a04c245326d05076e0,oasis
60fcf1a04c245326d05076e0,rainforest
60fcf1a04c245326d05076e0,lake
60fcf1a04c245326d05076e0,arctic
60fcf1a04c245326d05076e0,river
60fcf1a04c245326d05076e0,mountains
60fcf1a04c245326d05076e0,valley
65ef726771fe85fd222416d1,creek
65ef726771fe85fd222416d1,grassland
65ef726771fe85fd222416d1,plains
65ef726771fe85fd222416d1,crater
65ef726771fe85fd222416d1,brook
65ef726771fe85fd222416d1,desert
65ef726771fe85fd222416d1,fiord
65ef726771fe85fd222416d1,mountains
65ef726771fe85fd222416d1,desert
65ef726771fe85fd222416d1,volcano
65ef726771fe85fd222416d1,volcano
5f6c102b6ec04317fc9a8127,mountains
5f6c102b6ec04317fc9a8127,river
5f6c102b6ec04317fc9a8127,desert
5f6c102b6ec04317fc9a8127,volcano
5f6c102b6ec04317fc9a8127,volcano
5f6c102b6ec04317fc9a8127,creek
5f6c102b6ec04317fc9a8127,waterfall
5f6c102b6ec04317fc9a8127,canyon
5f6c102b6ec04317fc9a8127,beach
5f6c102b6ec04317fc9a8127,lake
65778c02cde55736bb830eca,mountain
65778c02cde55736bb830eca,river
65778c02cde55736bb830eca,stream
65778c02cde55736bb830eca,lake
65778c02cde55736bb830eca,beach
65778c02cde55736bb830eca,sound
65778c02cde55736bb830eca,fiord
65778c02cde55736bb830eca,lake
65778c02cde55736bb830eca,brook
65778c02cde55736bb830eca,creek
65778c02cde55736bb830eca,ravine
65778c02cde55736bb830eca,oasis
65778c02cde55736bb830eca,forest
65778c02cde55736bb830eca,desert
65778c02cde55736bb830eca,tundra
65778c02cde55736bb830eca,rainforest
65778c02cde55736bb830eca,grassland
65778c02cde55736bb830eca,prairie
65778c02cde55736bb830eca,sound
65778c02cde55736bb830eca,oasis
65778c02cde55736bb830eca,grove
65778c02cde55736bb830eca,sound
65778c02cde55736bb830eca,plate
65cb586172a8853f26cc8eec,creek
65cb586172a8853f26cc8eec,plains
65cb586172a8853f26cc8eec,forest
65cb586172a8853f26cc8eec,peaks
65cb586172a8853f26cc8eec,waterfall
65cb586172a8853f26cc8eec,mountains
65cb586172a8853f26cc8eec,hills
65cb586172a8853f26cc8eec,desert
65cb586172a8853f26cc8eec,strait
65cb586172a8853f26cc8eec,grassland
65cb586172a8853f26cc8eec,fiord
65cb586172a8853f26cc8eec,rapids
65cb586172a8853f26cc8eec,desert
65cb586172a8853f26cc8eec,geyser
65cb586172a8853f26cc8eec,lowlands
65cb586172a8853f26cc8eec,peaks
65cb586172a8853f26cc8eec,lake
65cb586172a8853f26cc8eec,lagoon
65cb586172a8853f26cc8eec,creek
65cb586172a8853f26cc8eec,plains
65cb586172a8853f26cc8eec,desert
65cb586172a8853f26cc8eec,brook
65cc2139907d390e13480a97,grassland
65cc2139907d390e13480a97,desert
65cc2139907d390e13480a97,forest
65cc2139907d390e13480a97,thicket
65cc2139907d390e13480a97,upland
65cc2139907d390e13480a97,volcano
65cc2139907d390e13480a97,beach
65cc2139907d390e13480a97,creek
65cc2139907d390e13480a97,fen
65cc2139907d390e13480a97,mountains
65cc2139907d390e13480a97,river
65cc2139907d390e13480a97,lake
65cc2139907d390e13480a97,pond
65cc2139907d390e13480a97,fiord
65cc2139907d390e13480a97,marsh
65cc2139907d390e13480a97,crater
65cc2139907d390e13480a97,woodland
65f1ec7ae5a09035345db62e,creek
65f1ec7ae5a09035345db62e,grassland
65f1ec7ae5a09035345db62e,forest
65f1ec7ae5a09035345db62e,ravine
65f1ec7ae5a09035345db62e,caves
65f1ec7ae5a09035345db62e,waterfall
65f1ec7ae5a09035345db62e,river
65f1ec7ae5a09035345db62e,volcano
65f1ec7ae5a09035345db62e,desert
65f1ec7ae5a09035345db62e,ravine
65f1ec7ae5a09035345db62e,islet
65f1ec7ae5a09035345db62e,river
65f1ec7ae5a09035345db62e,mountains
65f1ec7ae5a09035345db62e,forest
65f1ec7ae5a09035345db62e,beach
65f1ec7ae5a09035345db62e,brook
65f1ec7ae5a09035345db62e,crater
65f1ec7ae5a09035345db62e,estuary
65f1ec7ae5a09035345db62e,volcano
65f1ec7ae5a09035345db62e,upland
65f1ec7ae5a09035345db62e,plate
65f1ec7ae5a09035345db62e,creek
65f1ec7ae5a09035345db62e,caves
65f1ec7ae5a09035345db62e,cove
65f1ec7ae5a09035345db62e,range
65f1ec7ae5a09035345db62e,lake
65f1ec7ae5a09035345db62e,forest
612e6569f68929afb886fb5c,creek
612e6569f68929afb886fb5c,grassland
612e6569f68929afb886fb5c,sound
612e6569f68929afb886fb5c,lagoon
612e6569f68929afb886fb5c,forest
612e6569f68929afb886fb5c,lake
612e6569f68929afb886fb5c,cove
612e6569f68929afb886fb5c,brook
612e6569f68929afb886fb5c,brook
612e6569f68929afb886fb5c,mountains
612e6569f68929afb886fb5c,valleys
612e6569f68929afb886fb5c,beach
612e6569f68929afb886fb5c,stream
612e6569f68929afb886fb5c,pond
612e6569f68929afb886fb5c,peaks
612e6569f68929afb886fb5c,forest
612e6569f68929afb886fb5c,fiord
612e6569f68929afb886fb5c,waterfall
612e6569f68929afb886fb5c,peaks
612e6569f68929afb886fb5c,canyon
612e6569f68929afb886fb5c,cape
612e6569f68929afb886fb5c,plate
612e6569f68929afb886fb5c,desert
612e6569f68929afb886fb5c,oasis
612e6569f68929afb886fb5c,upland
612e6569f68929afb886fb5c,ravine
612e6569f68929afb886fb5c,islet
612e6569f68929afb886fb5c,thicket
612e6569f68929afb886fb5c,bay
612e6569f68929afb886fb5c,bog
612e6569f68929afb886fb5c,islet
612e6569f68929afb886fb5c,range
65e63b7fc845c96c2c2520bc,creek
65e63b7fc845c96c2c2520bc,oasis
65e63b7fc845c96c2c2520bc,caves
65e63b7fc845c96c2c2520bc,grassland
65e63b7fc845c96c2c2520bc,forest
65e63b7fc845c96c2c2520bc,rainforest
65e63b7fc845c96c2c2520bc,savannah
65e63b7fc845c96c2c2520bc,desert
65e63b7fc845c96c2c2520bc,tundra
65e63b7fc845c96c2c2520bc,fiord
65e63b7fc845c96c2c2520bc,inlet
65e63b7fc845c96c2c2520bc,chain
65e63b7fc845c96c2c2520bc,vent
65e63b7fc845c96c2c2520bc,fiord
65e63b7fc845c96c2c2520bc,cape
65e63b7fc845c96c2c2520bc,forest
65e63b7fc845c96c2c2520bc,canyon
65e63b7fc845c96c2c2520bc,crater
65e63b7fc845c96c2c2520bc,volcano
65e63b7fc845c96c2c2520bc,lake
65e63b7fc845c96c2c2520bc,river
65e63b7fc845c96c2c2520bc,pond
65e63b7fc845c96c2c2520bc,ravine
65e63b7fc845c96c2c2520bc,chain
65e63b7fc845c96c2c2520bc,thicket
65e63b7fc845c96c2c2520bc,peaks
65f36565fe88b95d6806e496,grassland
65f36565fe88b95d6806e496,mesa
65f36565fe88b95d6806e496,volcano
65f36565fe88b95d6806e496,creek
65f36565fe88b95d6806e496,forest
65f36565fe88b95d6806e496,caves
65f36565fe88b95d6806e496,inlet
65f36565fe88b95d6806e496,plate
65f36565fe88b95d6806e496,channel
65f36565fe88b95d6806e496,plate
65f36565fe88b95d6806e496,plains
65f36565fe88b95d6806e496,fjord
65f36565fe88b95d6806e496,steppe
65f36565fe88b95d6806e496,caves
65f36565fe88b95d6806e496,ravine
65f36565fe88b95d6806e496,mountains
65f36565fe88b95d6806e496,plains
65f36565fe88b95d6806e496,tundra
65f36565fe88b95d6806e496,arctic
65f36565fe88b95d6806e496,creek
65f36565fe88b95d6806e496,thicket
65f36565fe88b95d6806e496,islet
65f36565fe88b95d6806e496,cone
65f36565fe88b95d6806e496,stream
65f36565fe88b95d6806e496,river
65f36565fe88b95d6806e496,pond
65f36565fe88b95d6806e496,lake
65f36565fe88b95d6806e496,sound
65f36565fe88b95d6806e496,jungle
65f36565fe88b95d6806e496,desert
65f36565fe88b95d6806e496,grove
5e8a76b3939b3072dc76fb5c,creek
5e8a76b3939b3072dc76fb5c,sound
5e8a76b3939b3072dc76fb5c,marsh
5e8a76b3939b3072dc76fb5c,desert
5e8a76b3939b3072dc76fb5c,grassland
5e8a76b3939b3072dc76fb5c,forest
5e8a76b3939b3072dc76fb5c,ravine
5e8a76b3939b3072dc76fb5c,thicket
5e8a76b3939b3072dc76fb5c,cone
5e8a76b3939b3072dc76fb5c,islet
5e8a76b3939b3072dc76fb5c,rapids
5c4a428161c51f0001e96b3f,waterfall
5c4a428161c51f0001e96b3f,desert
5c4a428161c51f0001e96b3f,lake
5c4a428161c51f0001e96b3f,mountains
5c4a428161c51f0001e96b3f,hills
5c4a428161c51f0001e96b3f,beach
5c4a428161c51f0001e96b3f,plains
5c4a428161c51f0001e96b3f,forest
5c4a428161c51f0001e96b3f,prairie
5c4a428161c51f0001e96b3f,canyon
5c4a428161c51f0001e96b3f,plains
5c4a428161c51f0001e96b3f,hills
5c4a428161c51f0001e96b3f,plateaus
5c4a428161c51f0001e96b3f,stream
5c4a428161c51f0001e96b3f,river
5c4a428161c51f0001e96b3f,sand dunes
5c4a428161c51f0001e96b3f,mountains
65c10fdabd93bdc59f95835b,waterfall
65c10fdabd93bdc59f95835b,mesa
65c10fdabd93bdc59f95835b,ice cap
65c10fdabd93bdc59f95835b,rainforest
65c10fdabd93bdc59f95835b,waterfall
65c10fdabd93bdc59f95835b,copse
65c10fdabd93bdc59f95835b,summit
65c10fdabd93bdc59f95835b,stream
65c10fdabd93bdc59f95835b,forest
65c10fdabd93bdc59f95835b,thicket
65c10fdabd93bdc59f95835b,rainforest
65c10fdabd93bdc59f95835b,hills
65c10fdabd93bdc59f95835b,desert
65c18079d4f634d2c8a0728c,jungle
65c18079d4f634d2c8a0728c,forest
65c18079d4f634d2c8a0728c,arctic
65c18079d4f634d2c8a0728c,desert
5ed9311e1a69d449577bb8cf,forest
5ed9311e1a69d449577bb8cf,lake
5ed9311e1a69d449577bb8cf,pond
5ed9311e1a69d449577bb8cf,upland
5ed9311e1a69d449577bb8cf,river
5ed9311e1a69d449577bb8cf,mountains
5ed9311e1a69d449577bb8cf,ravine
5ed9311e1a69d449577bb8cf,waterfall
5ed9311e1a69d449577bb8cf,rainforest
5ed9311e1a69d449577bb8cf,strait
65d6af2397543519d98f2498,volcano
65d6af2397543519d98f2498,forest
65d6af2397543519d98f2498,pond
65d6af2397543519d98f2498,mountains
65d6af2397543519d98f2498,lake
65d6af2397543519d98f2498,desert
65d6af2397543519d98f2498,oasis
65d6af2397543519d98f2498,wetland
65d6af2397543519d98f2498,volcano
65d6af2397543519d98f2498,peninsula
65d6af2397543519d98f2498,creek
65d6af2397543519d98f2498,hills
65d6af2397543519d98f2498,canyon
61035836646fb6ee2152f950,desert
61035836646fb6ee2152f950,loch
61035836646fb6ee2152f950,caves
61035836646fb6ee2152f950,grassland
61035836646fb6ee2152f950,dunes
61035836646fb6ee2152f950,lagoon
61035836646fb6ee2152f950,river
61035836646fb6ee2152f950,steppe
61035836646fb6ee2152f950,volcano
61035836646fb6ee2152f950,bay
61035836646fb6ee2152f950,sound
61035836646fb6ee2152f950,pool
61035836646fb6ee2152f950,brook
65512e3cc12f463bc327b7c3,mountains
65512e3cc12f463bc327b7c3,grassland
65512e3cc12f463bc327b7c3,prairie
65512e3cc12f463bc327b7c3,forest
65512e3cc12f463bc327b7c3,lake
65512e3cc12f463bc327b7c3,river
65512e3cc12f463bc327b7c3,fen reserve
65512e3cc12f463bc327b7c3,plate
65512e3cc12f463bc327b7c3,bog
65512e3cc12f463bc327b7c3,swamp
65512e3cc12f463bc327b7c3,valley
65512e3cc12f463bc327b7c3,canyon
5e7fefe06c12706d47e35211,grassland
5e7fefe06c12706d47e35211,sound
5e7fefe06c12706d47e35211,desert
5e7fefe06c12706d47e35211,brook
5e7fefe06c12706d47e35211,islet
5e7fefe06c12706d47e35211,fiord
5e7fefe06c12706d47e35211,pampas
5e7fefe06c12706d47e35211,crater
5e7fefe06c12706d47e35211,lake
5e7fefe06c12706d47e35211,pond
5e7fefe06c12706d47e35211,marsh
5e7fefe06c12706d47e35211,thicket
5e7fefe06c12706d47e35211,thicket
5e7fefe06c12706d47e35211,lagoon
5e7fefe06c12706d47e35211,woodland
5e7fefe06c12706d47e35211,creek
5e7fefe06c12706d47e35211,inlet
5e7fefe06c12706d47e35211,rapids
5e7fefe06c12706d47e35211,lake
5e7fefe06c12706d47e35211,range
5d3cc9010e510a00013df6f6,range
5d3cc9010e510a00013df6f6,creek
5d3cc9010e510a00013df6f6,crater
5d3cc9010e510a00013df6f6,lake
5d3cc9010e510a00013df6f6,river
5d3cc9010e510a00013df6f6,volcano
5d3cc9010e510a00013df6f6,mountains
5d3cc9010e510a00013df6f6,canyon
5d3cc9010e510a00013df6f6,copse
5d3cc9010e510a00013df6f6,desert
5d3cc9010e510a00013df6f6,grassland
5c1942e200849900010afdcd,creek
5c1942e200849900010afdcd,plains
5c1942e200849900010afdcd,forest
5c1942e200849900010afdcd,grassland
5c1942e200849900010afdcd,desert
5c1942e200849900010afdcd,hills
5c1942e200849900010afdcd,river
5c1942e200849900010afdcd,brook
5c1942e200849900010afdcd,lake
5c1942e200849900010afdcd,pampas
5c1942e200849900010afdcd,fiord
5c1942e200849900010afdcd,islet
5c1942e200849900010afdcd,rapids
5c1942e200849900010afdcd,brook
5c1942e200849900010afdcd,crater
5c1942e200849900010afdcd,ravine
5c1942e200849900010afdcd,islet
5c1942e200849900010afdcd,thicket
5c1942e200849900010afdcd,sound
5c1942e200849900010afdcd,floodplain
5c1942e200849900010afdcd,canyon
65eeceee847314e8232923c9,beach
65eeceee847314e8232923c9,upland
65eeceee847314e8232923c9,grassland
65eeceee847314e8232923c9,forest
65eeceee847314e8232923c9,massif
65eeceee847314e8232923c9,butte
65eeceee847314e8232923c9,stream
65eeceee847314e8232923c9,polar
65eeceee847314e8232923c9,arctic
65eeceee847314e8232923c9,mountain
65eeceee847314e8232923c9,jungle
65eeceee847314e8232923c9,cone
65eeceee847314e8232923c9,lowlands
65eeceee847314e8232923c9,escarpment
65eeceee847314e8232923c9,glacier
65eeceee847314e8232923c9,antarctic
65eeceee847314e8232923c9,volcano
65eeceee847314e8232923c9,brook
65eeceee847314e8232923c9,thicket
65eeceee847314e8232923c9,forest
6595e3b4dc9090390e4edb5f,chain
6595e3b4dc9090390e4edb5f,lake
6595e3b4dc9090390e4edb5f,pond
6595e3b4dc9090390e4edb5f,desert
6595e3b4dc9090390e4edb5f,mountain
6595e3b4dc9090390e4edb5f,forest
6595e3b4dc9090390e4edb5f,jungle
6595e3b4dc9090390e4edb5f,river
6595e3b4dc9090390e4edb5f,grassland
6595e3b4dc9090390e4edb5f,rainforest
6595e3b4dc9090390e4edb5f,tundra
6595e3b4dc9090390e4edb5f,savannah
6595e3b4dc9090390e4edb5f,prairie
6595e3b4dc9090390e4edb5f,butte
65f3d5016e5acb0fd67df6ee,forest
65f3d5016e5acb0fd67df6ee,jungle
65f3d5016e5acb0fd67df6ee,savannah
65f3d5016e5acb0fd67df6ee,plains
65f3d5016e5acb0fd67df6ee,volcano
65f3d5016e5acb0fd67df6ee,peak
60da4f9aa1ced7efeecca18a,brook
60da4f9aa1ced7efeecca18a,volcano
60da4f9aa1ced7efeecca18a,river
60da4f9aa1ced7efeecca18a,stream
60da4f9aa1ced7efeecca18a,lake
60da4f9aa1ced7efeecca18a,creek
60da4f9aa1ced7efeecca18a,forest
60da4f9aa1ced7efeecca18a,forest
60da4f9aa1ced7efeecca18a,copse
60da4f9aa1ced7efeecca18a,lake
60da4f9aa1ced7efeecca18a,hills
60da4f9aa1ced7efeecca18a,mountains
60da4f9aa1ced7efeecca18a,desert
60da4f9aa1ced7efeecca18a,marsh
60da4f9aa1ced7efeecca18a,cove
60da4f9aa1ced7efeecca18a,crater
60da4f9aa1ced7efeecca18a,sound
60da4f9aa1ced7efeecca18a,volcano
60da4f9aa1ced7efeecca18a,swamp
60da4f9aa1ced7efeecca18a,grassland
65d26dcd13d9c8026aa92c4a,forest
65d26dcd13d9c8026aa92c4a,lake
65d26dcd13d9c8026aa92c4a,desert
65d26dcd13d9c8026aa92c4a,swamp
65d26dcd13d9c8026aa92c4a,bay
65d26dcd13d9c8026aa92c4a,prairie
65d26dcd13d9c8026aa92c4a,volcano
65d26dcd13d9c8026aa92c4a,upland
65d26dcd13d9c8026aa92c4a,beach
5fc6df58f380620a09116434,plain
5fc6df58f380620a09116434,ravine
5fc6df58f380620a09116434,sound
5fc6df58f380620a09116434,creek
5fc6df58f380620a09116434,oasis
5fc6df58f380620a09116434,grassland
5fc6df58f380620a09116434,desert
5fc6df58f380620a09116434,copse
5fc6df58f380620a09116434,creek
5fc6df58f380620a09116434,cone
5fc6df58f380620a09116434,stream
5fc6df58f380620a09116434,river
5fc6df58f380620a09116434,pond
5fc6df58f380620a09116434,lake
5fc6df58f380620a09116434,hills
5fc6df58f380620a09116434,mountain
5fc6df58f380620a09116434,brook
5fc6df58f380620a09116434,pool
5fc6df58f380620a09116434,islet
5fc6df58f380620a09116434,butte
5fc6df58f380620a09116434,range
5fc6df58f380620a09116434,mountains
5fc6df58f380620a09116434,steppe
5fc6df58f380620a09116434,creek
5fc6df58f380620a09116434,sound
5fc6df58f380620a09116434,islet
5fc6df58f380620a09116434,swamp
65cbcaaab9e2fae86452af73,creek
65cbcaaab9e2fae86452af73,grassland
65cbcaaab9e2fae86452af73,ravine
65cbcaaab9e2fae86452af73,sound
65cbcaaab9e2fae86452af73,bog
65cbcaaab9e2fae86452af73,brook
65cbcaaab9e2fae86452af73,crater
65cbcaaab9e2fae86452af73,lake
65cbcaaab9e2fae86452af73,river
65cbcaaab9e2fae86452af73,volcano
65cbcaaab9e2fae86452af73,sound
65cbcaaab9e2fae86452af73,canyon
65cbcaaab9e2fae86452af73,oasis
65cbcaaab9e2fae86452af73,plains
65cbcaaab9e2fae86452af73,lake
65cbcaaab9e2fae86452af73,plain
65cbcaaab9e2fae86452af73,arid
65cbcaaab9e2fae86452af73,glacier
65cbcaaab9e2fae86452af73,lagoon
65cbcaaab9e2fae86452af73,fiord
