SID,entry
65d6a09286a0c99e632a46dd,flute
65d6a09286a0c99e632a46dd,saxophone
65d6a09286a0c99e632a46dd,guitar
65d6a09286a0c99e632a46dd,piano
65d6a09286a0c99e632a46dd,trombone
65d6a09286a0c99e632a46dd,clarinet
65d6a09286a0c99e632a46dd,drum
65d6a09286a0c99e632a46dd,xylophone
65d6a09286a0c99e632a46dd,violin
65d6a09286a0c99e632a46dd,viola
65d6a09286a0c99e632a46dd,zills
65d6a09286a0c99e632a46dd,rav vast
65d6a09286a0c99e632a46dd,recorder
65d6a09286a0c99e632a46dd,accordion
65d6a09286a0c99e632a46dd,tambourine
65d6a09286a0c99e632a46dd,trumpet
65d6a09286a0c99e632a46dd,cymbals
65d6a09286a0c99e632a46dd,cello
65d6a09286a0c99e632a46dd,banjo
65d6a09286a0c99e632a46dd,tuba
63ea4ab1ce4168cbe9f63775,acoustic guitar
63ea4ab1ce4168cbe9f63775,electric guitar
63ea4ab1ce4168cbe9f63775,piano
63ea4ab1ce4168cbe9f63775,electric keyboard
63ea4ab1ce4168cbe9f63775,harp
63ea4ab1ce4168cbe9f63775,sho
63ea4ab1ce4168cbe9f63775,violin
63ea4ab1ce4168cbe9f63775,bass guitar
63ea4ab1ce4168cbe9f63775,drum
63ea4ab1ce4168cbe9f63775,trumpet
63ea4ab1ce4168cbe9f63775,trombone
63ea4ab1ce4168cbe9f63775,tuba
63ea4ab1ce4168cbe9f63775,tenor saxophone
63ea4ab1ce4168cbe9f63775,alto saxophone
63ea4ab1ce4168cbe9f63775,flute
63ea4ab1ce4168cbe9f63775,piccolo
63ea4ab1ce4168cbe9f63775,clarinet
63ea4ab1ce4168cbe9f63775,synthesizer
63ea4ab1ce4168cbe9f63775,xylophone
63ea4ab1ce4168cbe9f63775,triangle
63ea4ab1ce4168cbe9f63775,steel drum
63ea4ab1ce4168cbe9f63775,hang drum
63ea4ab1ce4168cbe9f63775,bassoon
63ea4ab1ce4168cbe9f63775,sousaphone
63e802622f8052bd67d6c5f0,guitar
63e802622f8052bd67d6c5f0,drum
63e802622f8052bd67d6c5f0,saxophone
63e802622f8052bd67d6c5f0,clarinet
63e802622f8052bd67d6c5f0,flute
63e802622f8052bd67d6c5f0,violin
63e802622f8052bd67d6c5f0,harp
60a48adfe091e410f4eaba34,piano
60a48adfe091e410f4eaba34,guitar
60a48adfe091e410f4eaba34,xylophone
60a48adfe091e410f4eaba34,drum
60a48adfe091e410f4eaba34,cymbals
60a48adfe091e410f4eaba34,flute
60a48adfe091e410f4eaba34,violin
60a48adfe091e410f4eaba34,glockenspiel
60a48adfe091e410f4eaba34,synthesizer
60a48adfe091e410f4eaba34,acoustic guitar
60a48adfe091e410f4eaba34,electric guitar
60a48adfe091e410f4eaba34,bass guitar
60a48adfe091e410f4eaba34,banjo
60a48adfe091e410f4eaba34,accordion
60a48adfe091e410f4eaba34,saxophone
60a48adfe091e410f4eaba34,bass clarinet
60a48adfe091e410f4eaba34,trumpet
60a48adfe091e410f4eaba34,cello
60d731567049e5132e3cc4d4,acoustic guitar
60d731567049e5132e3cc4d4,electric guitar
60d731567049e5132e3cc4d4,bass guitar
60d731567049e5132e3cc4d4,cello
60d731567049e5132e3cc4d4,steel drum
60d731567049e5132e3cc4d4,tambourine
60d731567049e5132e3cc4d4,cymbals
60d731567049e5132e3cc4d4,harmonica
60d731567049e5132e3cc4d4,accordion
60d731567049e5132e3cc4d4,piccolo
60d731567049e5132e3cc4d4,flute
60d731567049e5132e3cc4d4,oboe
60d731567049e5132e3cc4d4,saxophone
60d731567049e5132e3cc4d4,trumpet
60d731567049e5132e3cc4d4,trombone
60d731567049e5132e3cc4d4,xylophone
60d731567049e5132e3cc4d4,vibraphone
60d731567049e5132e3cc4d4,piano
60d731567049e5132e3cc4d4,harp
60d731567049e5132e3cc4d4,violin
60d731567049e5132e3cc4d4,viola
60d731567049e5132e3cc4d4,synthesizer
60d731567049e5132e3cc4d4,recorder
60d731567049e5132e3cc4d4,bongo
60d731567049e5132e3cc4d4,triangle
65cc19b4b3d48a22dfc6756d,piano
65cc19b4b3d48a22dfc6756d,guitar
65cc19b4b3d48a22dfc6756d,violin
65cc19b4b3d48a22dfc6756d,trumpet
65cc19b4b3d48a22dfc6756d,flute
65cc19b4b3d48a22dfc6756d,saxophone
65cc19b4b3d48a22dfc6756d,tuba
65cc19b4b3d48a22dfc6756d,cello
65cc19b4b3d48a22dfc6756d,oboe
65cc19b4b3d48a22dfc6756d,recorder
65cc19b4b3d48a22dfc6756d,xylophone
65cc19b4b3d48a22dfc6756d,clarinet
65cc19b4b3d48a22dfc6756d,french horn
65cc19b4b3d48a22dfc6756d,kazoo
65cc19b4b3d48a22dfc6756d,cymbals
65cc19b4b3d48a22dfc6756d,drum
65cc19b4b3d48a22dfc6756d,triangle
65cc19b4b3d48a22dfc6756d,bongo
65e862f844f1b7a803bb3c5a,clarinet
65e862f844f1b7a803bb3c5a,saxophone
65e862f844f1b7a803bb3c5a,trumpet
65e862f844f1b7a803bb3c5a,guitar
65e862f844f1b7a803bb3c5a,flute
65e862f844f1b7a803bb3c5a,cello
65e862f844f1b7a803bb3c5a,drum
65e862f844f1b7a803bb3c5a,piano
65e862f844f1b7a803bb3c5a,harp
65e862f844f1b7a803bb3c5a,xylophone
65e862f844f1b7a803bb3c5a,xylophone
65e862f844f1b7a803bb3c5a,accordion
65e862f844f1b7a803bb3c5a,banjo
65e862f844f1b7a803bb3c5a,trombone
65e862f844f1b7a803bb3c5a,french horn
65e862f844f1b7a803bb3c5a,violin
65e862f844f1b7a803bb3c5a,tuba
65e862f844f1b7a803bb3c5a,recorder
65e862f844f1b7a803bb3c5a,viola
65e862f844f1b7a803bb3c5a,harmonica
65e862f844f1b7a803bb3c5a,bongo
65e862f844f1b7a803bb3c5a,conga
65e862f844f1b7a803bb3c5a,mandolin
65e862f844f1b7a803bb3c5a,marimba
65e862f844f1b7a803bb3c5a,tambourine
65e862f844f1b7a803bb3c5a,cymbals
65e862f844f1b7a803bb3c5a,guitar
65c25cf77dca9d7ca7d9ebdb,guitar
65c25cf77dca9d7ca7d9ebdb,piano
65c25cf77dca9d7ca7d9ebdb,trumpet
65c25cf77dca9d7ca7d9ebdb,trombone
65c25cf77dca9d7ca7d9ebdb,flute
65c25cf77dca9d7ca7d9ebdb,saxophone
65c25cf77dca9d7ca7d9ebdb,triangle
65c25cf77dca9d7ca7d9ebdb,xylophone
65c25cf77dca9d7ca7d9ebdb,ukulele
65c25cf77dca9d7ca7d9ebdb,harmonica
65c25cf77dca9d7ca7d9ebdb,violin
65c25cf77dca9d7ca7d9ebdb,viola
65c25cf77dca9d7ca7d9ebdb,cello
5f5aa60bef062519ff711fe6,violin
5f5aa60bef062519ff711fe6,piano
5f5aa60bef062519ff711fe6,guitar
5f5aa60bef062519ff711fe6,bassoon
5f5aa60bef062519ff711fe6,drum
5f5aa60bef062519ff711fe6,triangle
5f5aa60bef062519ff711fe6,flute
5f5aa60bef062519ff711fe6,recorder
5f5aa60bef062519ff711fe6,banjo
5f5aa60bef062519ff711fe6,electric guitar
5f5aa60bef062519ff711fe6,trombone
5f5aa60bef062519ff711fe6,french horn
5f5aa60bef062519ff711fe6,vibraphone
5f5aa60bef062519ff711fe6,harmonica
5f5aa60bef062519ff711fe6,harp
5d7ff4aa50fda7001a863736,guitar
5d7ff4aa50fda7001a863736,drum
5d7ff4aa50fda7001a863736,violin
5d7ff4aa50fda7001a863736,harp
5d7ff4aa50fda7001a863736,harmonica
5d7ff4aa50fda7001a863736,clarinet
5d7ff4aa50fda7001a863736,flute
5d7ff4aa50fda7001a863736,saxophone
5d7ff4aa50fda7001a863736,trombone
5d7ff4aa50fda7001a863736,cello
5d7ff4aa50fda7001a863736,banjo
5d7ff4aa50fda7001a863736,accordion
5d7ff4aa50fda7001a863736,piano
5d7ff4aa50fda7001a863736,sarod
5d7ff4aa50fda7001a863736,harmonica
5d7ff4aa50fda7001a863736,xylophone
5d7ff4aa50fda7001a863736,bongo
5d7ff4aa50fda7001a863736,triangle
5d7ff4aa50fda7001a863736,ukulele
65cb63e160bb47fbf9349269,piano
65cb63e160bb47fbf9349269,guitar
65cb63e160bb47fbf9349269,violin
65cb63e160bb47fbf9349269,viola
65cb63e160bb47fbf9349269,cello
65cb63e160bb47fbf9349269,xylophone
65cb63e160bb47fbf9349269,bass guitar
65cb63e160bb47fbf9349269,drum
65cb63e160bb47fbf9349269,saxophone
65cb63e160bb47fbf9349269,flute
65cb63e160bb47fbf9349269,recorder
65cb63e160bb47fbf9349269,clarinet
65cb63e160bb47fbf9349269,bassoon
65cb63e160bb47fbf9349269,trombone
65cb63e160bb47fbf9349269,triangle
65cb63e160bb47fbf9349269,trumpet
65cb63e160bb47fbf9349269,bongo
65cb63e160bb47fbf9349269,ukulele
65cb63e160bb47fbf9349269,tar
65e358d9c5e3ee026268b2a7,violin
65e358d9c5e3ee026268b2a7,viola
65e358d9c5e3ee026268b2a7,cello
65e358d9c5e3ee026268b2a7,bassoon
65e358d9c5e3ee026268b2a7,piano
65e358d9c5e3ee026268b2a7,banjo
65e358d9c5e3ee026268b2a7,flute
65e358d9c5e3ee026268b2a7,clarinet
65e358d9c5e3ee026268b2a7,saxophone
65e358d9c5e3ee026268b2a7,trumpet
65e358d9c5e3ee026268b2a7,trombone
65e358d9c5e3ee026268b2a7,drum
65e358d9c5e3ee026268b2a7,accordion
65e358d9c5e3ee026268b2a7,ukulele
65e358d9c5e3ee026268b2a7,mandolin
65e358d9c5e3ee026268b2a7,harp
65e358d9c5e3ee026268b2a7,harmonica
65e358d9c5e3ee026268b2a7,bagpipes
65d54b3b524fcafb543d1b23,saxophone
65d54b3b524fcafb543d1b23,guitar
65d54b3b524fcafb543d1b23,piano
65d54b3b524fcafb543d1b23,violin
65d54b3b524fcafb543d1b23,viola
65d54b3b524fcafb543d1b23,trumpet
65d54b3b524fcafb543d1b23,trombone
65d54b3b524fcafb543d1b23,clarinet
65d54b3b524fcafb543d1b23,bass clarinet
65d54b3b524fcafb543d1b23,electric guitar
65d54b3b524fcafb543d1b23,drum
65d54b3b524fcafb543d1b23,xylophone
65d54b3b524fcafb543d1b23,flute
65d54b3b524fcafb543d1b23,harmonica
65d54b3b524fcafb543d1b23,banjo
65e1f75ab3efd22e847cfbf0,guitar
65e1f75ab3efd22e847cfbf0,violin
65e1f75ab3efd22e847cfbf0,harp
65e1f75ab3efd22e847cfbf0,drum
65e1f75ab3efd22e847cfbf0,banjo
65e1f75ab3efd22e847cfbf0,baryton
65e1f75ab3efd22e847cfbf0,trumpet
65e1f75ab3efd22e847cfbf0,flute
65e1f75ab3efd22e847cfbf0,cello
65e1f75ab3efd22e847cfbf0,violin
65e1f75ab3efd22e847cfbf0,tuba
65e1f75ab3efd22e847cfbf0,piano
65e1f75ab3efd22e847cfbf0,xylophone
65e1f75ab3efd22e847cfbf0,accordion
65e1f75ab3efd22e847cfbf0,clarinet
65e1f75ab3efd22e847cfbf0,harmonica
