SID,entry,timepoint
65d6a09286a0c99e632a46dd,water,0.0
65d6a09286a0c99e632a46dd,soda,1.2
65d6a09286a0c99e632a46dd,gatorade,1.8
65d6a09286a0c99e632a46dd,tea,1.1
65d6a09286a0c99e632a46dd,windshield wiper fluid,3.4
65d6a09286a0c99e632a46dd,saliva,10.1
65d6a09286a0c99e632a46dd,car oil,7.0
65d6a09286a0c99e632a46dd,blood,8.4
65d6a09286a0c99e632a46dd,sweat,1.2
65d6a09286a0c99e632a46dd,tears,0.0
65d6a09286a0c99e632a46dd,alcohol,8.9
65d6a09286a0c99e632a46dd,mercury,4.5
65d6a09286a0c99e632a46dd,hot glue,28.1
65d6a09286a0c99e632a46dd,water,13.9
65d6a09286a0c99e632a46dd,beer,5.0
65c25cf77dca9d7ca7d9ebdb,water,0.0
65c25cf77dca9d7ca7d9ebdb,mercury,0.0
65c25cf77dca9d7ca7d9ebdb,bleach,2.7
65c25cf77dca9d7ca7d9ebdb,gatorade,1.4
65c25cf77dca9d7ca7d9ebdb,powerade,0.0
65c25cf77dca9d7ca7d9ebdb,tea,0.4
65c25cf77dca9d7ca7d9ebdb,coffee,0.5
65c25cf77dca9d7ca7d9ebdb,milk,1.9
65c25cf77dca9d7ca7d9ebdb,juice,2.9
65c25cf77dca9d7ca7d9ebdb,window cleaner,5.2
65c25cf77dca9d7ca7d9ebdb,oil,7.0
65c25cf77dca9d7ca7d9ebdb,avocado oil,8.3
65c25cf77dca9d7ca7d9ebdb,olive oil,1.4
65c25cf77dca9d7ca7d9ebdb,canola oil,0.100000000000001
65c25cf77dca9d7ca7d9ebdb,liquid nitrogen,9.8
65c25cf77dca9d7ca7d9ebdb,soup,15.9
65c25cf77dca9d7ca7d9ebdb,laundry detergent,12.6
65c25cf77dca9d7ca7d9ebdb,softener,3.3
65c25cf77dca9d7ca7d9ebdb,soda,6.2
65c25cf77dca9d7ca7d9ebdb,beer,2.3
65c25cf77dca9d7ca7d9ebdb,wine,1.40000000000001
65c25cf77dca9d7ca7d9ebdb,vodka,2.40000000000001
65c25cf77dca9d7ca7d9ebdb,whiskey,0.0999999999999943
65c25cf77dca9d7ca7d9ebdb,bourbon,1.3
65cc19b4b3d48a22dfc6756d,water,0.0
65cc19b4b3d48a22dfc6756d,coffee,0.0
65cc19b4b3d48a22dfc6756d,juice,0.0
65cc19b4b3d48a22dfc6756d,tea,1.0
65cc19b4b3d48a22dfc6756d,soap,10.0
65cc19b4b3d48a22dfc6756d,hot sauce,4.7
65cc19b4b3d48a22dfc6756d,soy sauce,0.0
65cc19b4b3d48a22dfc6756d,vinegar,0.0
65cc19b4b3d48a22dfc6756d,oil,2.0
65cc19b4b3d48a22dfc6756d,ranch,8.8
65cc19b4b3d48a22dfc6756d,hydrochloric acid,21.1
65cc19b4b3d48a22dfc6756d,mouth wash,7.6
65cc19b4b3d48a22dfc6756d,skincare toner,12.3
65cc19b4b3d48a22dfc6756d,liquid tylenol,10.6
65cc19b4b3d48a22dfc6756d,vodka,12.7
65cc19b4b3d48a22dfc6756d,whiskey,0.0
65cc19b4b3d48a22dfc6756d,gin,2.2
65cc19b4b3d48a22dfc6756d,wine,0.900000000000006
65cb63e160bb47fbf9349269,water,0.0
65cb63e160bb47fbf9349269,soup,0.0
65cb63e160bb47fbf9349269,sodas,0.0
65cb63e160bb47fbf9349269,juice,8.3
65cb63e160bb47fbf9349269,wine,0.0
65cb63e160bb47fbf9349269,beer,0.0
65cb63e160bb47fbf9349269,liquor,0.0
65cb63e160bb47fbf9349269,hydrogen peroxide,5.5
65cb63e160bb47fbf9349269,milk,12.1
65cb63e160bb47fbf9349269,soup stock,8.0
65cb63e160bb47fbf9349269,urine,11.0
65cb63e160bb47fbf9349269,blood,1.2
65cb63e160bb47fbf9349269,tears,3.3
65cb63e160bb47fbf9349269,sweat,4.0
65cb63e160bb47fbf9349269,salsa's,30.9
65cb63e160bb47fbf9349269,honey,9.2
60a48adfe091e410f4eaba34,water,0.0
60a48adfe091e410f4eaba34,cola,3.5
60a48adfe091e410f4eaba34,alcohol,1.1
60a48adfe091e410f4eaba34,detergent,3.3
60a48adfe091e410f4eaba34,cheese,1.7
60a48adfe091e410f4eaba34,milk,3.0
60a48adfe091e410f4eaba34,orange juice,5.1
60a48adfe091e410f4eaba34,apple juice,0.0
60a48adfe091e410f4eaba34,vodka,2.8
60a48adfe091e410f4eaba34,rum,10.9
60a48adfe091e410f4eaba34,whisky,0.0
60a48adfe091e410f4eaba34,bleach,16.7
60a48adfe091e410f4eaba34,tea,15.5
60a48adfe091e410f4eaba34,coffee,0.0
60a48adfe091e410f4eaba34,seltzer,14.5
60a48adfe091e410f4eaba34,mixed drink,21.9
60d731567049e5132e3cc4d4,water,0.0
60d731567049e5132e3cc4d4,gasoline,0.0
60d731567049e5132e3cc4d4,beer,1.3
60d731567049e5132e3cc4d4,wine,0.0
60d731567049e5132e3cc4d4,tequila,0.0
60d731567049e5132e3cc4d4,rum,0.0
60d731567049e5132e3cc4d4,vodka,0.0
60d731567049e5132e3cc4d4,fruit punch,4.3
60d731567049e5132e3cc4d4,milk,1.2
60d731567049e5132e3cc4d4,juice,2.5
60d731567049e5132e3cc4d4,mercury,4.9
60d731567049e5132e3cc4d4,mud,6.0
60d731567049e5132e3cc4d4,rubbing alcohol,4.6
60d731567049e5132e3cc4d4,nail polish remover,0.0
60d731567049e5132e3cc4d4,windex,0.0
60d731567049e5132e3cc4d4,clorox,1.0
60d731567049e5132e3cc4d4,bleach,0.0
60d731567049e5132e3cc4d4,laundry detergent,0.0
60d731567049e5132e3cc4d4,vanilla extract,7.6
60d731567049e5132e3cc4d4,lemon juice,0.0
60d731567049e5132e3cc4d4,chlorine,7.69999999999999
60d731567049e5132e3cc4d4,soda,16.4
60d731567049e5132e3cc4d4,tea,3.40000000000001
60d731567049e5132e3cc4d4,coffee,0.0
60d731567049e5132e3cc4d4,creamer,1.7
60d731567049e5132e3cc4d4,smoothies,3.0
60d731567049e5132e3cc4d4,lava,3.89999999999999
60d731567049e5132e3cc4d4,kombucha,6.5
60d731567049e5132e3cc4d4,seltzer,3.39999999999999
63e802622f8052bd67d6c5f0,water,0.0
63e802622f8052bd67d6c5f0,milk,1.8
63e802622f8052bd67d6c5f0,juice,0.0
63e802622f8052bd67d6c5f0,beer,3.2
63e802622f8052bd67d6c5f0,liquor,2.8
63e802622f8052bd67d6c5f0,liquid itrogen,17.3
63e802622f8052bd67d6c5f0,tea,29.9
63e802622f8052bd67d6c5f0,energy drinks,2.3
63e802622f8052bd67d6c5f0,soda,0.0
65e1f75ab3efd22e847cfbf0,soda,0.0
65e1f75ab3efd22e847cfbf0,tea,0.0
65e1f75ab3efd22e847cfbf0,juice,0.0
65e1f75ab3efd22e847cfbf0,water,0.0
65e1f75ab3efd22e847cfbf0,coca-cola,1.2
65e1f75ab3efd22e847cfbf0,pepsi,0.0
65e1f75ab3efd22e847cfbf0,fanta,0.0
65e1f75ab3efd22e847cfbf0,sprite,0.0
65e1f75ab3efd22e847cfbf0,coke pibb,0.0
65e1f75ab3efd22e847cfbf0,orange juice,1.2
65e1f75ab3efd22e847cfbf0,apple juice,0.0
65e1f75ab3efd22e847cfbf0,cranberry juice,0.0
65e1f75ab3efd22e847cfbf0,welch's juice,0.0
65e1f75ab3efd22e847cfbf0,alcohol,1.6
65e1f75ab3efd22e847cfbf0,dr. pepper,57.3
65e1f75ab3efd22e847cfbf0,pibb,0.0
65e1f75ab3efd22e847cfbf0,lemonade,0.0
65e1f75ab3efd22e847cfbf0,whiskey,5.30000000000001
65e1f75ab3efd22e847cfbf0,grape juice,29.4
65e1f75ab3efd22e847cfbf0,kool-aid,0.0
65d54b3b524fcafb543d1b23,water,0.0
65d54b3b524fcafb543d1b23,mountain dew,2.5
65d54b3b524fcafb543d1b23,sprite,0.0
65d54b3b524fcafb543d1b23,pepsi,0.0
65d54b3b524fcafb543d1b23,coke,0.0
65d54b3b524fcafb543d1b23,juice,5.8
65d54b3b524fcafb543d1b23,apple juice,1.8
65d54b3b524fcafb543d1b23,grape juice,0.0
65d54b3b524fcafb543d1b23,cantaloupe juice,2.6
65d54b3b524fcafb543d1b23,the ocean,2.9
65d54b3b524fcafb543d1b23,gatorade,6.9
65d54b3b524fcafb543d1b23,spring water,31.9
65d54b3b524fcafb543d1b23,purified water,0.0
65d54b3b524fcafb543d1b23,fanta,7.7
65d54b3b524fcafb543d1b23,there's,14.3
65d54b3b524fcafb543d1b23,kombucha,21.6
65e358d9c5e3ee026268b2a7,water,0.0
65e358d9c5e3ee026268b2a7,sparkling water,0.0
65e358d9c5e3ee026268b2a7,alcohol,1.4
65e358d9c5e3ee026268b2a7,beers,0.4
65e358d9c5e3ee026268b2a7,seltzer's,1.9
65e358d9c5e3ee026268b2a7,hard liquor,0.0
65e358d9c5e3ee026268b2a7,vodka,0.0
65e358d9c5e3ee026268b2a7,gin,0.0
65e358d9c5e3ee026268b2a7,rum,0.0
65e358d9c5e3ee026268b2a7,tequila,0.0
65e358d9c5e3ee026268b2a7,juices,11.3
65e358d9c5e3ee026268b2a7,orange juice,0.0
65e358d9c5e3ee026268b2a7,apple juice,0.0
65e358d9c5e3ee026268b2a7,cranberry juice,0.0
65e358d9c5e3ee026268b2a7,grape juice,0.0
65e358d9c5e3ee026268b2a7,sodas,4.0
65e358d9c5e3ee026268b2a7,mountain dew,0.0
65e358d9c5e3ee026268b2a7,car fluids,2.8
65e358d9c5e3ee026268b2a7,windshield,0.0
65e358d9c5e3ee026268b2a7,wiper fluid,0.0
65e358d9c5e3ee026268b2a7,oil,0.0
65e358d9c5e3ee026268b2a7,transmission,0.0
65e358d9c5e3ee026268b2a7,brake fluid,0.0
65e358d9c5e3ee026268b2a7,cleaners,7.5
65e358d9c5e3ee026268b2a7,bleach,0.0
65e358d9c5e3ee026268b2a7,ocean,10.3
65e358d9c5e3ee026268b2a7,ocean water,0.0
65e358d9c5e3ee026268b2a7,rain,2.3
65e358d9c5e3ee026268b2a7,liquid metals,11.2
65e358d9c5e3ee026268b2a7,olive oil,12.4
65e358d9c5e3ee026268b2a7,vegetable oil,0.0
65e358d9c5e3ee026268b2a7,canola oil,0.0
65e358d9c5e3ee026268b2a7,blood,3.2
65e358d9c5e3ee026268b2a7,milk,1.80000000000001
65e358d9c5e3ee026268b2a7,almond milk,2.3
65e358d9c5e3ee026268b2a7,oat milk,0.0
65e862f844f1b7a803bb3c5a,urine,0.0
65e862f844f1b7a803bb3c5a,milk,0.0
65e862f844f1b7a803bb3c5a,blood,0.0
65e862f844f1b7a803bb3c5a,cider,1.2
65e862f844f1b7a803bb3c5a,wine,0.0
65e862f844f1b7a803bb3c5a,beer,0.0
65e862f844f1b7a803bb3c5a,army,2.6
65e862f844f1b7a803bb3c5a,water,1.5
65e862f844f1b7a803bb3c5a,coffee,0.0
65e862f844f1b7a803bb3c5a,vinegar,0.799999999999997
65e862f844f1b7a803bb3c5a,alcohol,0.899999999999999
65e862f844f1b7a803bb3c5a,petrol,0.0
65e862f844f1b7a803bb3c5a,oil,0.0
65e862f844f1b7a803bb3c5a,diesel,1.5
65e862f844f1b7a803bb3c5a,gasoline,2.4
65e862f844f1b7a803bb3c5a,drip,4.8
65e862f844f1b7a803bb3c5a,cooking oil,46.7
65e862f844f1b7a803bb3c5a,hand sanitizer,0.0
65e862f844f1b7a803bb3c5a,fruit juice,0.0
65e862f844f1b7a803bb3c5a,coconut water,0.0
5d7ff4aa50fda7001a863736,water,0.0
5d7ff4aa50fda7001a863736,orange juice,2.9
5d7ff4aa50fda7001a863736,milk,1.2
5d7ff4aa50fda7001a863736,blood,2.7
5d7ff4aa50fda7001a863736,wine,6.7
5d7ff4aa50fda7001a863736,alcohol,1.7
5d7ff4aa50fda7001a863736,pee,8.4
5d7ff4aa50fda7001a863736,coffee,7.1
5d7ff4aa50fda7001a863736,soda,2.5
5d7ff4aa50fda7001a863736,tea,0.0
5d7ff4aa50fda7001a863736,hot chocolate,12.0
5d7ff4aa50fda7001a863736,smoothie,9.9
5d7ff4aa50fda7001a863736,lemonade,14.0
5d7ff4aa50fda7001a863736,oil,13.2
5d7ff4aa50fda7001a863736,gas,6.80000000000001
5d7ff4aa50fda7001a863736,fruit punch,5.90000000000001
63ea4ab1ce4168cbe9f63775,water,0.0
63ea4ab1ce4168cbe9f63775,mercury,2.0
63ea4ab1ce4168cbe9f63775,liquid nitrogen,2.1
63ea4ab1ce4168cbe9f63775,coca-cola,2.0
63ea4ab1ce4168cbe9f63775,pepsi,1.7
63ea4ab1ce4168cbe9f63775,diet coke,1.2
63ea4ab1ce4168cbe9f63775,diet pepsi,1.0
63ea4ab1ce4168cbe9f63775,beer,1.4
63ea4ab1ce4168cbe9f63775,wine,1.2
63ea4ab1ce4168cbe9f63775,light beer,1.4
63ea4ab1ce4168cbe9f63775,tequila,1.1
63ea4ab1ce4168cbe9f63775,vodka,1.9
63ea4ab1ce4168cbe9f63775,scotch,1.4
63ea4ab1ce4168cbe9f63775,coffee,1.4
63ea4ab1ce4168cbe9f63775,smoothie,1.9
63ea4ab1ce4168cbe9f63775,decaf coffee,1.6
63ea4ab1ce4168cbe9f63775,milkshake,2.7
63ea4ab1ce4168cbe9f63775,motor,3.4
63ea4ab1ce4168cbe9f63775,oil,0.0
63ea4ab1ce4168cbe9f63775,gasoline,0.0
63ea4ab1ce4168cbe9f63775,paint,3.4
63ea4ab1ce4168cbe9f63775,nail polish,2.0
63ea4ab1ce4168cbe9f63775,nail polish remover,1.8
63ea4ab1ce4168cbe9f63775,rubbing alcohol,1.7
63ea4ab1ce4168cbe9f63775,calamine lotion,2.09999999999999
63ea4ab1ce4168cbe9f63775,lotion,5.3
63ea4ab1ce4168cbe9f63775,windex,2.90000000000001
63ea4ab1ce4168cbe9f63775,clorox,2.3
63ea4ab1ce4168cbe9f63775,bleach,1.8
63ea4ab1ce4168cbe9f63775,laundry detergent,2.0
63ea4ab1ce4168cbe9f63775,hot metal,10.0
63ea4ab1ce4168cbe9f63775,molten lava,1.7
63ea4ab1ce4168cbe9f63775,kool-aid,3.7
63ea4ab1ce4168cbe9f63775,apple juice,2.40000000000001
63ea4ab1ce4168cbe9f63775,grape juice,1.69999999999999
65b15afd94153c1f50c92493,water,0.0
65b15afd94153c1f50c92493,oil,8.3
65b15afd94153c1f50c92493,blood,0.0
65b15afd94153c1f50c92493,milk,1.4
65b15afd94153c1f50c92493,green,3.8
65b15afd94153c1f50c92493,glue,0.0
65b15afd94153c1f50c92493,coffee,1.5
65b15afd94153c1f50c92493,tea,1.3
65b15afd94153c1f50c92493,juice,1.4
65b15afd94153c1f50c92493,gatorade,4.0
65b15afd94153c1f50c92493,acetone,0.0
65b15afd94153c1f50c92493,soup,0.0
65b15afd94153c1f50c92493,yogurt,1.5
65b15afd94153c1f50c92493,dressing,1.8
65b15afd94153c1f50c92493,gas,2.0
65b15afd94153c1f50c92493,honey,10.6
65b15afd94153c1f50c92493,helium,3.0
65b15afd94153c1f50c92493,soda,19.4
65b15afd94153c1f50c92493,alcohol,2.8
65b15afd94153c1f50c92493,oil,3.8
65b15afd94153c1f50c92493,ketchup,3.10000000000001
65b15afd94153c1f50c92493,shampoo,0.0
65b15afd94153c1f50c92493,vinegar,3.7
65b15afd94153c1f50c92493,lava,6.39999999999999
65b15afd94153c1f50c92493,paint,4.39999999999999
65b15afd94153c1f50c92493,glue,1.3
5f5aa60bef062519ff711fe6,orange juice,0.0
5f5aa60bef062519ff711fe6,apple juice,0.0
5f5aa60bef062519ff711fe6,water,1.8
5f5aa60bef062519ff711fe6,dr. pepper,2.1
5f5aa60bef062519ff711fe6,fanta,1.5
5f5aa60bef062519ff711fe6,coke,1.5
5f5aa60bef062519ff711fe6,pepsi,0.700000000000003
5f5aa60bef062519ff711fe6,coconut water,1.4
5f5aa60bef062519ff711fe6,milk,7.9
5f5aa60bef062519ff711fe6,almond milk,2.8
5f5aa60bef062519ff711fe6,lemonade,16.4
5f5aa60bef062519ff711fe6,sprite,4.8
5f5aa60bef062519ff711fe6,root beer,22.1
5f5aa60bef062519ff711fe6,saline,2.59999999999999
