SID,entry
547183,painting
547183,wrestling
547183,sculpting
547183,iking
547183,baking
547183,baking
547183,bookbinding
547183,drawing
547183,sailing
547183,wakeboarding
547183,beading
547183,wrestling
610108,drawing
610108,painting
610108,tap dancing
610108,knitting
610108,crocheting
610108,sewing
610108,iking
610108,gardening
610108,beading
610108,birdwatching
610108,birdwatching
610108,baking
610108,cooking
610108,boxing
610108,mosaics
610108,hiking
610108,camping
610108,trekking
610108,sewing
610108,weaving
610108,fishkeeping
610108,shooting
610108,boxing
610108,wrestling
610108,painting
610108,climbing
610108,baking
610108,caving
610108,pickling
610108,pickling
610108,pickling
610108,baking
610108,baking
610108,mosaics
610108,mosaics
610108,pickling
610108,tango
610108,pickling
787646,juggling
787646,fishing
787646,sailing
787646,wakeboarding
787646,windsurfing
787646,knitting
787646,crocheting
787646,cooking
787646,baking
787646,wrestling
787646,photography
787646,scrapbooking
787646,hiking
787646,baking
787646,riddles
787646,tap dancing
787646,boating
787646,canning
787646,baking
787646,ballet
787646,boxing
920371,drawing
920371,painting
920371,cooking
920371,fishkeeping
920371,birdwatching
920371,pickling
920371,pickling
920371,knitting
920371,bushcraft
920371,baking
920371,gardening
920371,sewing
920371,geocaching
920371,geocaching
920371,beading
920371,shooting
920371,whittling
920371,trekking
920371,weaving
920371,cooking
898793,diy crafts
898793,ballet
898793,chess
898793,diy crafts
898793,painting
898793,ceramics
898793,editing
898793,oil painting
898793,ceramics
898793,chess
898793,boxing
898793,cooking
898793,trekking
