SID,entry
65d54b3b524fcafb543d1b23,christmas
65d54b3b524fcafb543d1b23,ramadan
65d54b3b524fcafb543d1b23,easter
65d54b3b524fcafb543d1b23,halloween
65d54b3b524fcafb543d1b23,thanksgiving
65d54b3b524fcafb543d1b23,labor day
65b15afd94153c1f50c92493,easter
65b15afd94153c1f50c92493,independence day
65b15afd94153c1f50c92493,christmas
65b15afd94153c1f50c92493,halloween
65b15afd94153c1f50c92493,hanukkah
65b15afd94153c1f50c92493,labor day
65b15afd94153c1f50c92493,thanksgiving
65c25cf77dca9d7ca7d9ebdb,christmas
65c25cf77dca9d7ca7d9ebdb,easter
65c25cf77dca9d7ca7d9ebdb,halloween
65c25cf77dca9d7ca7d9ebdb,thanksgiving
61363ce02e6022a741d63a6e,christmas
61363ce02e6022a741d63a6e,easter
61363ce02e6022a741d63a6e,independence day
61363ce02e6022a741d63a6e,labor day
63619eb02e5bd8f4f7bd138a,christmas
63619eb02e5bd8f4f7bd138a,halloween
63619eb02e5bd8f4f7bd138a,easter
63619eb02e5bd8f4f7bd138a,thanksgiving
63619eb02e5bd8f4f7bd138a,halloween
63619eb02e5bd8f4f7bd138a,hanukkah
63619eb02e5bd8f4f7bd138a,kwanzaa
63619eb02e5bd8f4f7bd138a,passover
63619eb02e5bd8f4f7bd138a,ramadan
610c59ee34cc312d7ca55e45,labor day
610c59ee34cc312d7ca55e45,good friday
610c59ee34cc312d7ca55e45,easter
610c59ee34cc312d7ca55e45,hanukkah
610c59ee34cc312d7ca55e45,kwanzaa
610c59ee34cc312d7ca55e45,halloween
60a48adfe091e410f4eaba34,christmas
60a48adfe091e410f4eaba34,easter
60a48adfe091e410f4eaba34,thanksgiving
60a48adfe091e410f4eaba34,halloween
63e802622f8052bd67d6c5f0,easter
63e802622f8052bd67d6c5f0,halloween
63e802622f8052bd67d6c5f0,hanukkah
63e802622f8052bd67d6c5f0,thanksgiving
65e358d9c5e3ee026268b2a7,easter
65e358d9c5e3ee026268b2a7,thanksgiving
65e358d9c5e3ee026268b2a7,halloween
65e358d9c5e3ee026268b2a7,christmas
65e358d9c5e3ee026268b2a7,labor day
65e862f844f1b7a803bb3c5a,christmas
65e862f844f1b7a803bb3c5a,independence day
65e862f844f1b7a803bb3c5a,easter
654108d38225e168af4b1fa0,christmas
654108d38225e168af4b1fa0,thanksgiving
654108d38225e168af4b1fa0,mardi gras
654108d38225e168af4b1fa0,easter
654108d38225e168af4b1fa0,labor day
654108d38225e168af4b1fa0,halloween
654108d38225e168af4b1fa0,good friday
654108d38225e168af4b1fa0,hanukkah
654108d38225e168af4b1fa0,kwanzaa
65cc19b4b3d48a22dfc6756d,christmas
65cc19b4b3d48a22dfc6756d,labor day
65cc19b4b3d48a22dfc6756d,halloween
65cc19b4b3d48a22dfc6756d,easter
65cb63e160bb47fbf9349269,easter
65cb63e160bb47fbf9349269,ramadan
65cb63e160bb47fbf9349269,independence day
65cb63e160bb47fbf9349269,labor day
65cb63e160bb47fbf9349269,halloween
65cb63e160bb47fbf9349269,christmas
65cb63e160bb47fbf9349269,hanukkah
65cb63e160bb47fbf9349269,kwanzaa
601f6a2231a2904b79df1671,christmas
601f6a2231a2904b79df1671,thanksgiving
601f6a2231a2904b79df1671,halloween
601f6a2231a2904b79df1671,easter
601f6a2231a2904b79df1671,labor day
601f6a2231a2904b79df1671,hanukkah
601f6a2231a2904b79df1671,kwanzaa
601f6a2231a2904b79df1671,passover
601f6a2231a2904b79df1671,ramadan
5f1f3581b5cf3e103cc545c9,ramadan
629e241d171ec6698e05f149,easter
629e241d171ec6698e05f149,christmas
629e241d171ec6698e05f149,hanukkah
629e241d171ec6698e05f149,thanksgiving
629e241d171ec6698e05f149,halloween
629e241d171ec6698e05f149,independence day
6596a5cad60ef105b6c18897,christmas
6596a5cad60ef105b6c18897,halloween
6596a5cad60ef105b6c18897,thanksgiving
6596a5cad60ef105b6c18897,labor day
6596a5cad60ef105b6c18897,easter
6596a5cad60ef105b6c18897,independence day
6596a5cad60ef105b6c18897,hanukkah
6596a5cad60ef105b6c18897,kwanzaa
6596a5cad60ef105b6c18897,ramadan
6596a5cad60ef105b6c18897,passover
5885f97f41da4500014d3645,christmas
5885f97f41da4500014d3645,easter
5885f97f41da4500014d3645,ramadan
5885f97f41da4500014d3645,kwanzaa
656e3caa43f1f7f0615252ff,ramadan
656e3caa43f1f7f0615252ff,easter
656e3caa43f1f7f0615252ff,independence day
656e3caa43f1f7f0615252ff,labor day
656e3caa43f1f7f0615252ff,ramadan
656e3caa43f1f7f0615252ff,thanksgiving
656e3caa43f1f7f0615252ff,halloween
656e3caa43f1f7f0615252ff,christmas
656e3caa43f1f7f0615252ff,hanukkah
6073e0d481953bbd2cd61145,christmas
6073e0d481953bbd2cd61145,easter
6073e0d481953bbd2cd61145,halloween
6073e0d481953bbd2cd61145,thanksgiving
6073e0d481953bbd2cd61145,ramadan
6073e0d481953bbd2cd61145,kwanzaa
6073e0d481953bbd2cd61145,labor day
6081806ab383aa89f6c61940,labor day
6081806ab383aa89f6c61940,christmas
6081806ab383aa89f6c61940,thanksgiving
6081806ab383aa89f6c61940,easter
6081806ab383aa89f6c61940,hanukkah
6081806ab383aa89f6c61940,kwanzaa
6081806ab383aa89f6c61940,ramadan
65e1f75ab3efd22e847cfbf0,easter
65e1f75ab3efd22e847cfbf0,independence day
65e1f75ab3efd22e847cfbf0,labor day
65e1f75ab3efd22e847cfbf0,halloween
65e1f75ab3efd22e847cfbf0,christmas
65e1f75ab3efd22e847cfbf0,hanukkah
65e1f75ab3efd22e847cfbf0,kwanzaa
65e1f75ab3efd22e847cfbf0,ramadan
6001487015e5f62961639e7d,labor day
6001487015e5f62961639e7d,easter
6001487015e5f62961639e7d,halloween
6001487015e5f62961639e7d,christmas
6001487015e5f62961639e7d,thanksgiving
5d7ff4aa50fda7001a863736,christmas
5d7ff4aa50fda7001a863736,halloween
5d7ff4aa50fda7001a863736,thanksgiving
5d7ff4aa50fda7001a863736,easter
5d7ff4aa50fda7001a863736,labor day
5d7ff4aa50fda7001a863736,independence day
6554de7d91c1b1bf51104fda,christmas
6554de7d91c1b1bf51104fda,halloween
6554de7d91c1b1bf51104fda,thanksgiving
5f5aa60bef062519ff711fe6,ramadan
5f5aa60bef062519ff711fe6,christmas
5f5aa60bef062519ff711fe6,halloween
5f5aa60bef062519ff711fe6,easter
5f5aa60bef062519ff711fe6,hanukkah
5f5aa60bef062519ff711fe6,thanksgiving
5f5aa60bef062519ff711fe6,independence day
63ea4ab1ce4168cbe9f63775,good friday
63ea4ab1ce4168cbe9f63775,easter
63ea4ab1ce4168cbe9f63775,passover
63ea4ab1ce4168cbe9f63775,independence day
63ea4ab1ce4168cbe9f63775,labor day
63ea4ab1ce4168cbe9f63775,halloween
63ea4ab1ce4168cbe9f63775,thanksgiving
63ea4ab1ce4168cbe9f63775,christmas
63ea4ab1ce4168cbe9f63775,kwanzaa
63ea4ab1ce4168cbe9f63775,hanukkah
63ea4ab1ce4168cbe9f63775,ramadan
63ea4ab1ce4168cbe9f63775,diwali
63ea4ab1ce4168cbe9f63775,mardi gras
60d731567049e5132e3cc4d4,easter
60d731567049e5132e3cc4d4,labor day
60d731567049e5132e3cc4d4,halloween
60d731567049e5132e3cc4d4,thanksgiving
60d731567049e5132e3cc4d4,christmas
60d731567049e5132e3cc4d4,kwanzaa
60d731567049e5132e3cc4d4,ramadan
60d731567049e5132e3cc4d4,hanukkah
65d6a09286a0c99e632a46dd,passover
65d6a09286a0c99e632a46dd,easter
65d6a09286a0c99e632a46dd,thanksgiving
65d6a09286a0c99e632a46dd,christmas
65d6a09286a0c99e632a46dd,christmas
