SID,entry,timepoint
65d54b3b524fcafb543d1b23,christmas,0.0
65d54b3b524fcafb543d1b23,new year's,0.0
65d54b3b524fcafb543d1b23,ramadan,1.4
65d54b3b524fcafb543d1b23,easter,0.0
65d54b3b524fcafb543d1b23,resurrection day,7.5
65d54b3b524fcafb543d1b23,halloween,9.6
65d54b3b524fcafb543d1b23,thanksgiving,0.0
65d54b3b524fcafb543d1b23,martin luther king's day,7.1
65d54b3b524fcafb543d1b23,labor day,0.0
65d54b3b524fcafb543d1b23,valentine's day,9.4
65d54b3b524fcafb543d1b23,saint patrick's day,2.90000000000001
65d54b3b524fcafb543d1b23,april fool's day,0.0
65d54b3b524fcafb543d1b23,memorial day,1.7
65d54b3b524fcafb543d1b23,4th of july,8.8
65d54b3b524fcafb543d1b23,anniversaries,8.0
65d54b3b524fcafb543d1b23,columbus day,8.5
65b15afd94153c1f50c92493,valentine's day,0.0
65b15afd94153c1f50c92493,saint patrick's day,0.0
65b15afd94153c1f50c92493,easter,1.2
65b15afd94153c1f50c92493,fourth of july,5.0
65b15afd94153c1f50c92493,independence day,2.0
65b15afd94153c1f50c92493,president's day,0.0
65b15afd94153c1f50c92493,christmas,2.5
65b15afd94153c1f50c92493,halloween,1.5
65b15afd94153c1f50c92493,new year's,1.7
65b15afd94153c1f50c92493,saint patrick's day,2.3
65b15afd94153c1f50c92493,hanukkah,1.8
65b15afd94153c1f50c92493,labor day,7.7
65b15afd94153c1f50c92493,thanksgiving,29.3
65b15afd94153c1f50c92493,spring break,11.7
65b15afd94153c1f50c92493,presidents day,4.40000000000001
65c25cf77dca9d7ca7d9ebdb,hanukkah,0.0
65c25cf77dca9d7ca7d9ebdb,christmas,0.0
65c25cf77dca9d7ca7d9ebdb,valentine's day,0.0
65c25cf77dca9d7ca7d9ebdb,easter,0.0
65c25cf77dca9d7ca7d9ebdb,halloween,0.0
65c25cf77dca9d7ca7d9ebdb,veterans day,6.9
65c25cf77dca9d7ca7d9ebdb,women's day,3.1
65c25cf77dca9d7ca7d9ebdb,mother's day,0.0
65c25cf77dca9d7ca7d9ebdb,father's day,0.0
65c25cf77dca9d7ca7d9ebdb,chinese new year,22.6
65c25cf77dca9d7ca7d9ebdb,new year,0.0
65c25cf77dca9d7ca7d9ebdb,new year's eve,0.0
65c25cf77dca9d7ca7d9ebdb,christmas eve,1.2
65c25cf77dca9d7ca7d9ebdb,thanksgiving,1.5
65c25cf77dca9d7ca7d9ebdb,spring break,3.4
65c25cf77dca9d7ca7d9ebdb,saint patrick's day,20.6
65c25cf77dca9d7ca7d9ebdb,fourth of july,1.0
65c25cf77dca9d7ca7d9ebdb,cinco de mayo,2.0
60a48adfe091e410f4eaba34,christmas,0.0
60a48adfe091e410f4eaba34,new year's,0.0
60a48adfe091e410f4eaba34,easter,2.7
60a48adfe091e410f4eaba34,fourth of july,1.6
60a48adfe091e410f4eaba34,thanksgiving,22.8
60a48adfe091e410f4eaba34,halloween,0.0
60a48adfe091e410f4eaba34,martin luther king day,8.0
60a48adfe091e410f4eaba34,christopher columbus day,2.0
60a48adfe091e410f4eaba34,veterans day,16.8
60a48adfe091e410f4eaba34,black friday,33.4
60a48adfe091e410f4eaba34,valentine's day,6.0
63e802622f8052bd67d6c5f0,easter,0.0
63e802622f8052bd67d6c5f0,halloween,4.0
63e802622f8052bd67d6c5f0,hanukkah,19.5
63e802622f8052bd67d6c5f0,thanksgiving,9.2
63e802622f8052bd67d6c5f0,presidents day,4.4
65e358d9c5e3ee026268b2a7,new year's,0.0
65e358d9c5e3ee026268b2a7,valentine's day,0.0
65e358d9c5e3ee026268b2a7,st patrick's day,3.5
65e358d9c5e3ee026268b2a7,easter,1.5
65e358d9c5e3ee026268b2a7,memorial day ,1.3
65e358d9c5e3ee026268b2a7,veterans day,0.0
65e358d9c5e3ee026268b2a7,fourth of july,4.4
65e358d9c5e3ee026268b2a7,mlk.day,5.3
65e358d9c5e3ee026268b2a7,thanksgiving,3.2
65e358d9c5e3ee026268b2a7,halloween,0.0
65e358d9c5e3ee026268b2a7,christmas,1.6
65e358d9c5e3ee026268b2a7,the chinese new year,6.6
65e358d9c5e3ee026268b2a7,labor day,19.8
65e358d9c5e3ee026268b2a7,columbus day,10.1
65e358d9c5e3ee026268b2a7,juneteenth,8.40000000000001
65e358d9c5e3ee026268b2a7,president's day,13.2
65e358d9c5e3ee026268b2a7,presidents day,1.3
65e862f844f1b7a803bb3c5a,christmas,0.0
65e862f844f1b7a803bb3c5a,new year,1.0
65e862f844f1b7a803bb3c5a,veterans day,0.0
65e862f844f1b7a803bb3c5a,thansgiving day,1.7
65e862f844f1b7a803bb3c5a,independence day,0.6
65e862f844f1b7a803bb3c5a,labor day,0.700000000000001
65e862f844f1b7a803bb3c5a,memorial day,-0.199999999999999
65e862f844f1b7a803bb3c5a,veteran's day,1.0
65e862f844f1b7a803bb3c5a,columbus day,0.699999999999999
65e862f844f1b7a803bb3c5a,memorial day,1.2
65e862f844f1b7a803bb3c5a,martin luther king day,1.0
65e862f844f1b7a803bb3c5a,juneteenth,1.7
65e862f844f1b7a803bb3c5a,democracy day,1.2
65e862f844f1b7a803bb3c5a,easter day,8.3
65e862f844f1b7a803bb3c5a,inauguration day,9.2
65cc19b4b3d48a22dfc6756d,christmas,0.0
65cc19b4b3d48a22dfc6756d,new year's,0.0
65cc19b4b3d48a22dfc6756d,valentine's day,0.0
65cc19b4b3d48a22dfc6756d,st. partrick's day,-1.6
65cc19b4b3d48a22dfc6756d,presidents day,0.5
65cc19b4b3d48a22dfc6756d,labor day,0.0
65cc19b4b3d48a22dfc6756d,mother's day,11.8
65cc19b4b3d48a22dfc6756d,father's day,0.0
65cc19b4b3d48a22dfc6756d,4th of july,0.0
65cc19b4b3d48a22dfc6756d,martin luther king day,5.0
65cc19b4b3d48a22dfc6756d,thanksgiving,6.0
65cc19b4b3d48a22dfc6756d,halloween,0.0
65cc19b4b3d48a22dfc6756d,easter,1.2
65cc19b4b3d48a22dfc6756d,april fool's,2.4
65cc19b4b3d48a22dfc6756d,hanukkah,35.4
65cb63e160bb47fbf9349269,new year's day,0.0
65cb63e160bb47fbf9349269,martin luther king day,0.0
65cb63e160bb47fbf9349269,presidents day,0.0
65cb63e160bb47fbf9349269,valentine's day,0.0
65cb63e160bb47fbf9349269,st patrick's day,3.0
65cb63e160bb47fbf9349269,easter,0.0
65cb63e160bb47fbf9349269,ramadan,1.6
65cb63e160bb47fbf9349269,mother's day,4.3
65cb63e160bb47fbf9349269,father's day,2.1
65cb63e160bb47fbf9349269,memorial day,0.0
65cb63e160bb47fbf9349269,4th of july,0.0
65cb63e160bb47fbf9349269,independence day,0.0
65cb63e160bb47fbf9349269,labor day,0.0
65cb63e160bb47fbf9349269,halloween,2.6
65cb63e160bb47fbf9349269,veterans day,1.4
65cb63e160bb47fbf9349269,indigenous peoples day,1.4
65cb63e160bb47fbf9349269,thanksgiving day,4.9
65cb63e160bb47fbf9349269,black friday,0.0
65cb63e160bb47fbf9349269,christmas,1.7
65cb63e160bb47fbf9349269,hanukkah,0.0
65cb63e160bb47fbf9349269,kwanzaa,0.0
65cb63e160bb47fbf9349269,yom kippur,2.3
65cb63e160bb47fbf9349269,rosh hashanah,3.6
65cb63e160bb47fbf9349269,parents day,4.09999999999999
65cb63e160bb47fbf9349269,children's day,0.0
65cb63e160bb47fbf9349269,bank holiday,0.0
65cb63e160bb47fbf9349269,the queen's jubilee day,3.60000000000001
65cb63e160bb47fbf9349269,three kings day,38.1
65e1f75ab3efd22e847cfbf0,new year,0.0
65e1f75ab3efd22e847cfbf0,valentines day,1.5
65e1f75ab3efd22e847cfbf0,saint patrick's day,0.0
65e1f75ab3efd22e847cfbf0,easter,0.0
65e1f75ab3efd22e847cfbf0,mother's day,0.0
65e1f75ab3efd22e847cfbf0,father's day,0.0
65e1f75ab3efd22e847cfbf0,independence day,1.7
65e1f75ab3efd22e847cfbf0,labor day,0.0
65e1f75ab3efd22e847cfbf0,halloween,1.7
65e1f75ab3efd22e847cfbf0,christmas,0.0
65e1f75ab3efd22e847cfbf0,hanukkah,0.0
65e1f75ab3efd22e847cfbf0,kwanzaa,0.0
65e1f75ab3efd22e847cfbf0,ramadan,0.0
65e1f75ab3efd22e847cfbf0,chinese new year,19.2
65e1f75ab3efd22e847cfbf0,july 4th,49.8
65e1f75ab3efd22e847cfbf0,fourth of july,3.90000000000001
5d7ff4aa50fda7001a863736,christmas,0.0
5d7ff4aa50fda7001a863736,halloween,0.0
5d7ff4aa50fda7001a863736,thanksgiving,0.0
5d7ff4aa50fda7001a863736,st patricks.day,1.8
5d7ff4aa50fda7001a863736,valentine's day,0.0
5d7ff4aa50fda7001a863736,new year,1.5
5d7ff4aa50fda7001a863736,fourth of july,7.8
5d7ff4aa50fda7001a863736,dia de los muertos,3.4
5d7ff4aa50fda7001a863736,day of the dead,0.0
5d7ff4aa50fda7001a863736,cinco de mayo,4.3
5d7ff4aa50fda7001a863736,easter,4.2
5d7ff4aa50fda7001a863736,labor day,1.9
5d7ff4aa50fda7001a863736,mother's day,5.4
5d7ff4aa50fda7001a863736,father's day,0.0
5d7ff4aa50fda7001a863736,presidents day,9.9
5d7ff4aa50fda7001a863736,veterans day,2.3
5d7ff4aa50fda7001a863736,april fools,12.4
5d7ff4aa50fda7001a863736,memorial day,5.40000000000001
5d7ff4aa50fda7001a863736,juneteenth,3.10000000000001
5d7ff4aa50fda7001a863736,independence day,25.7
5f5aa60bef062519ff711fe6,ramadan,0.0
5f5aa60bef062519ff711fe6,christmas,1.2
5f5aa60bef062519ff711fe6,halloween,1.5
5f5aa60bef062519ff711fe6,easter,2.2
5f5aa60bef062519ff711fe6,hanukkah,1.7
5f5aa60bef062519ff711fe6,valentine's day,3.4
5f5aa60bef062519ff711fe6,martin luther king day,2.0
5f5aa60bef062519ff711fe6,christopher,3.2
5f5aa60bef062519ff711fe6,columbus day,0.0
5f5aa60bef062519ff711fe6,presidents day,2.0
5f5aa60bef062519ff711fe6,father's day,0.0
5f5aa60bef062519ff711fe6,mother's day,0.0
5f5aa60bef062519ff711fe6,thanksgiving,9.4
5f5aa60bef062519ff711fe6,april fools,5.90000000000001
5f5aa60bef062519ff711fe6,independence day,17.6
5f5aa60bef062519ff711fe6,fourth of july,2.39999999999999
63ea4ab1ce4168cbe9f63775,new year's eve,0.0
63ea4ab1ce4168cbe9f63775,new year's day,1.3
63ea4ab1ce4168cbe9f63775,martin luther king jr. day,1.7
63ea4ab1ce4168cbe9f63775,presidents day,1.4
63ea4ab1ce4168cbe9f63775,earth day,1.3
63ea4ab1ce4168cbe9f63775,good friday,2.5
63ea4ab1ce4168cbe9f63775,easter,1.5
63ea4ab1ce4168cbe9f63775,yom kippur,1.1
63ea4ab1ce4168cbe9f63775,passover,1.6
63ea4ab1ce4168cbe9f63775,memorial day,3.3
63ea4ab1ce4168cbe9f63775,independence day,1.8
63ea4ab1ce4168cbe9f63775,indigenous peoples day,5.3
63ea4ab1ce4168cbe9f63775,labor day,2.2
63ea4ab1ce4168cbe9f63775,halloween,1.8
63ea4ab1ce4168cbe9f63775,thanksgiving,1.5
63ea4ab1ce4168cbe9f63775,christmas,2.0
63ea4ab1ce4168cbe9f63775,kwanzaa,2.0
63ea4ab1ce4168cbe9f63775,hanukkah,2.0
63ea4ab1ce4168cbe9f63775,ramadan,2.7
63ea4ab1ce4168cbe9f63775,lunar new year,4.3
63ea4ab1ce4168cbe9f63775,chinese new year,1.7
63ea4ab1ce4168cbe9f63775,diwali,1.8
63ea4ab1ce4168cbe9f63775,fat tuesday,17.0
63ea4ab1ce4168cbe9f63775,mardi gras,1.5
63ea4ab1ce4168cbe9f63775,carnivale,2.40000000000001
60d731567049e5132e3cc4d4,valentine's day,0.0
60d731567049e5132e3cc4d4,st patrick's day,0.0
60d731567049e5132e3cc4d4,easter,1.6
60d731567049e5132e3cc4d4,memorial day,0.0
60d731567049e5132e3cc4d4,labor day,0.0
60d731567049e5132e3cc4d4,4th of july,0.0
60d731567049e5132e3cc4d4,halloween,3.2
60d731567049e5132e3cc4d4,thanksgiving,0.0
60d731567049e5132e3cc4d4,christmas,0.0
60d731567049e5132e3cc4d4,new year's,0.0
60d731567049e5132e3cc4d4,flag day,1.5
60d731567049e5132e3cc4d4,presidents day,0.0
60d731567049e5132e3cc4d4,earth day,0.0
60d731567049e5132e3cc4d4,juneteenth,2.1
60d731567049e5132e3cc4d4,president's day,0.0
60d731567049e5132e3cc4d4,indigenous peoples day,1.9
60d731567049e5132e3cc4d4,kwanzaa,5.9
60d731567049e5132e3cc4d4,ramadan,0.0
60d731567049e5132e3cc4d4,hanukkah,0.0
60d731567049e5132e3cc4d4,rosh hashanah,1.1
60d731567049e5132e3cc4d4,yom kippur,4.3
60d731567049e5132e3cc4d4,arbor day,28.2
60d731567049e5132e3cc4d4,boxing day,3.0
60d731567049e5132e3cc4d4,chinese new year,2.7
60d731567049e5132e3cc4d4,holi,15.9
65d6a09286a0c99e632a46dd,new year's day,0.0
65d6a09286a0c99e632a46dd,mlk.day,1.9
65d6a09286a0c99e632a46dd,valentine's day,2.8
65d6a09286a0c99e632a46dd,passover,5.6
65d6a09286a0c99e632a46dd,easter,1.6
65d6a09286a0c99e632a46dd,memorial day,9.5
65d6a09286a0c99e632a46dd,flag day,5.5
65d6a09286a0c99e632a46dd,4th of july,0.0
65d6a09286a0c99e632a46dd,groundhog's day,2.8
65d6a09286a0c99e632a46dd,presidents day,13.5
65d6a09286a0c99e632a46dd,columbus day,1.3
65d6a09286a0c99e632a46dd,thanksgiving,5.50000000000001
65d6a09286a0c99e632a46dd,christmas,0.0
65d6a09286a0c99e632a46dd,rosh hashanah,2.40000000000001
65d6a09286a0c99e632a46dd,president's day,12.7
65d6a09286a0c99e632a46dd,election day,2.40000000000001
65d6a09286a0c99e632a46dd,superbowl,8.89999999999999
65d6a09286a0c99e632a46dd,christmas,19.8
