SID,entry,timepoint
61035836646fb6ee2152f950,rose,0.0
61035836646fb6ee2152f950,iris,0.0
61035836646fb6ee2152f950,tulip,0.0
61035836646fb6ee2152f950,peony,2.7
61035836646fb6ee2152f950,daffodil,7.1
61035836646fb6ee2152f950,sunflower,0.0
61035836646fb6ee2152f950,asters,2.3
61035836646fb6ee2152f950,petunia,12.1
61035836646fb6ee2152f950,baby's breath,16.5
61035836646fb6ee2152f950,lavender,31.7
5e8a76b3939b3072dc76fb5c,daisy,0.0
5e8a76b3939b3072dc76fb5c,iris,0.0
5e8a76b3939b3072dc76fb5c,tulip,0.0
5e8a76b3939b3072dc76fb5c,sunflower,2.2
5e8a76b3939b3072dc76fb5c,catmint,3.3
5e8a76b3939b3072dc76fb5c,rose,6.5
5e8a76b3939b3072dc76fb5c,violet,3.5
5e8a76b3939b3072dc76fb5c,clover,23.7
5c1942e200849900010afdcd,rose,0.0
5c1942e200849900010afdcd,violet,0.0
5c1942e200849900010afdcd,sunflower,0.0
5c1942e200849900010afdcd,daffodil,0.0
5c1942e200849900010afdcd,tiger lily,0.0
5c1942e200849900010afdcd,water lily,0.0
5c1942e200849900010afdcd,blanket flower,0.0
5c1942e200849900010afdcd,morning glory,5.5
5c1942e200849900010afdcd,canna lily,2.0
5c1942e200849900010afdcd,tulip,13.8
5c1942e200849900010afdcd,chrysanthemum,5.9
5c1942e200849900010afdcd,magnolia,3.7
5c4a428161c51f0001e96b3f,iris,0.0
5c4a428161c51f0001e96b3f,tulip,0.0
5c4a428161c51f0001e96b3f,rose,0.0
5c4a428161c51f0001e96b3f,lavender,6.7
5c4a428161c51f0001e96b3f,sunflower,1.0
5c4a428161c51f0001e96b3f,bluebell,8.2
5c4a428161c51f0001e96b3f,windflower,8.39999999999999
5c4a428161c51f0001e96b3f,daffodil,7.0
60fcf1a04c245326d05076e0,daffodil,0.0
60fcf1a04c245326d05076e0,daisy,0.0
60fcf1a04c245326d05076e0,sunflower,0.0
60fcf1a04c245326d05076e0,rose,5.1
60fcf1a04c245326d05076e0,lily,0.0
60fcf1a04c245326d05076e0,chrysanthemum,5.0
60fcf1a04c245326d05076e0,water lily,11.7
60fcf1a04c245326d05076e0,baby's breath,22.0
60fcf1a04c245326d05076e0,bluebell,3.8
60fcf1a04c245326d05076e0,daffodil,16.2
60fcf1a04c245326d05076e0,lavender,18.1
5e7fefe06c12706d47e35211,lily,0.0
5e7fefe06c12706d47e35211,daisy,0.0
5e7fefe06c12706d47e35211,sunflower,1.1
5e7fefe06c12706d47e35211,baby's breath,1.4
5e7fefe06c12706d47e35211,magnolia,2.9
5e7fefe06c12706d47e35211,cactus flower,9.7
5e7fefe06c12706d47e35211,rose,0.0
5e7fefe06c12706d47e35211,tulip,0.0
5fc6df58f380620a09116434,daisy,0.0
5fc6df58f380620a09116434,daffodil,0.0
5fc6df58f380620a09116434,rose,0.0
5fc6df58f380620a09116434,peony,0.0
5fc6df58f380620a09116434,aster,0.0
5fc6df58f380620a09116434,azalea,0.0
5fc6df58f380620a09116434,baby's breath,6.3
5fc6df58f380620a09116434,orchid,2.1
5fc6df58f380620a09116434,aster,0.0
5fc6df58f380620a09116434,lavender,20.4
5ed9311e1a69d449577bb8cf,rose,0.0
5ed9311e1a69d449577bb8cf,tulip,1.3
5ed9311e1a69d449577bb8cf,lily,3.3
5ed9311e1a69d449577bb8cf,daffodil,17.2
5ed9311e1a69d449577bb8cf,sunflower,2.6
5ed9311e1a69d449577bb8cf,daisy,5.8
5ed9311e1a69d449577bb8cf,lavender,1.09999999999999
60da4f9aa1ced7efeecca18a,dahlia,0.0
60da4f9aa1ced7efeecca18a,chrysanthemum,0.0
60da4f9aa1ced7efeecca18a,rose,1.7
60da4f9aa1ced7efeecca18a,petunia,0.0
60da4f9aa1ced7efeecca18a,marigold,0.0
60da4f9aa1ced7efeecca18a,gardenia,3.2
60da4f9aa1ced7efeecca18a,daisy,24.4
60da4f9aa1ced7efeecca18a,hyacinth,1.4
60da4f9aa1ced7efeecca18a,lily,13.9
60da4f9aa1ced7efeecca18a,peony,25.7
65512e3cc12f463bc327b7c3,rose,0.0
65512e3cc12f463bc327b7c3,carnation,1.9
65512e3cc12f463bc327b7c3,daisy,1.7
65512e3cc12f463bc327b7c3,sunflower,5.3
65512e3cc12f463bc327b7c3,tulip,5.1
65512e3cc12f463bc327b7c3,daffodil,3.1
65512e3cc12f463bc327b7c3,marigold,2.7
65512e3cc12f463bc327b7c3,orchid,9.5
65512e3cc12f463bc327b7c3,lily,4.8
65512e3cc12f463bc327b7c3,azalea,5.2
65512e3cc12f463bc327b7c3,carnation,7.09999999999999
65512e3cc12f463bc327b7c3,marigold,1.5
65512e3cc12f463bc327b7c3,violet,2.89999999999999
65512e3cc12f463bc327b7c3,petunia,7.10000000000001
65512e3cc12f463bc327b7c3,pansy,5.0
65778c02cde55736bb830eca,tulip,0.0
65778c02cde55736bb830eca,poppy,0.0
65778c02cde55736bb830eca,rose,0.0
65778c02cde55736bb830eca,sunflower,3.1
65778c02cde55736bb830eca,black-eyed susan,51.4
65778c02cde55736bb830eca,baby's breath,9.69999999999999
65778c02cde55736bb830eca,orchid,1.5
65778c02cde55736bb830eca,daisy,4.39999999999999
5f6c102b6ec04317fc9a8127,tulip,0.0
5f6c102b6ec04317fc9a8127,daisy,0.0
5f6c102b6ec04317fc9a8127,rose,1.5
5f6c102b6ec04317fc9a8127,sunflower,1.2
5f6c102b6ec04317fc9a8127,violet,1.7
5f6c102b6ec04317fc9a8127,poppy,6.6
5f6c102b6ec04317fc9a8127,lavender,6.0
5f6c102b6ec04317fc9a8127,daffodil,13.5
5f6c102b6ec04317fc9a8127,orchid,27.0
6595e3b4dc9090390e4edb5f,rose,0.0
6595e3b4dc9090390e4edb5f,asters,0.0
6595e3b4dc9090390e4edb5f,iris,0.0
6595e3b4dc9090390e4edb5f,lavender,1.9
6595e3b4dc9090390e4edb5f,sunflower,1.7
6595e3b4dc9090390e4edb5f,daffodil,1.4
6595e3b4dc9090390e4edb5f,rose,2.8
6595e3b4dc9090390e4edb5f,marigold,0.0
6595e3b4dc9090390e4edb5f,orchid,0.0
6595e3b4dc9090390e4edb5f,viola,1.5
6595e3b4dc9090390e4edb5f,carnation,2.2
6595e3b4dc9090390e4edb5f,tulip,6.7
6595e3b4dc9090390e4edb5f,gardenia,2.2
6595e3b4dc9090390e4edb5f,bluebell,2.5
6595e3b4dc9090390e4edb5f,hydrangea,1.69999999999999
6595e3b4dc9090390e4edb5f,poppy,1.8
6595e3b4dc9090390e4edb5f,jasmine,8.0
6595e3b4dc9090390e4edb5f,dahlia,8.10000000000001
6595e3b4dc9090390e4edb5f,hibiscus,10.0
6595e3b4dc9090390e4edb5f,forget-me-not,6.19999999999999
6595e3b4dc9090390e4edb5f,snowdrop,0.0
5d3cc9010e510a00013df6f6,rose,4.5
5d3cc9010e510a00013df6f6,sunflower,18.9
5d3cc9010e510a00013df6f6,tulip,17.7
5d3cc9010e510a00013df6f6,lily,13.7
5d3cc9010e510a00013df6f6,daisy,7.09999999999999
5d3cc9010e510a00013df6f6,chrysanthemum,6.2
