SID,entry
60a48adfe091e410f4eaba34,therapist
60a48adfe091e410f4eaba34,doctor
60a48adfe091e410f4eaba34,therapist
60a48adfe091e410f4eaba34,auditor
60a48adfe091e410f4eaba34,real estate agent
60a48adfe091e410f4eaba34,veterinarian
610c59ee34cc312d7ca55e45,social worker
610c59ee34cc312d7ca55e45,counselor
610c59ee34cc312d7ca55e45,psychiatrist
610c59ee34cc312d7ca55e45,teacher
610c59ee34cc312d7ca55e45,doctor
610c59ee34cc312d7ca55e45,lawyer
610c59ee34cc312d7ca55e45,dentist
610c59ee34cc312d7ca55e45,engineer
610c59ee34cc312d7ca55e45,architect
610c59ee34cc312d7ca55e45,electrician
6596a5cad60ef105b6c18897,secretary
6596a5cad60ef105b6c18897,lawyer
6596a5cad60ef105b6c18897,teacher
6596a5cad60ef105b6c18897,professor
6596a5cad60ef105b6c18897,nurse
6596a5cad60ef105b6c18897,nurse
6596a5cad60ef105b6c18897,teacher
6596a5cad60ef105b6c18897,electrician
6596a5cad60ef105b6c18897,plumber
6596a5cad60ef105b6c18897,architect
6596a5cad60ef105b6c18897,writer
6596a5cad60ef105b6c18897,chef
5885f97f41da4500014d3645,nurse
5885f97f41da4500014d3645,teacher
5885f97f41da4500014d3645,secretary
5885f97f41da4500014d3645,chef
5885f97f41da4500014d3645,mason
5885f97f41da4500014d3645,doctor
5885f97f41da4500014d3645,pilot
6001487015e5f62961639e7d,doctor
6001487015e5f62961639e7d,nurse
6001487015e5f62961639e7d,marketing manager
6001487015e5f62961639e7d,mason
6001487015e5f62961639e7d,plumber
6001487015e5f62961639e7d,electrician
6001487015e5f62961639e7d,gardener
6001487015e5f62961639e7d,appraiser
6001487015e5f62961639e7d,welder
65e862f844f1b7a803bb3c5a,doctor
65e862f844f1b7a803bb3c5a,accountant
65e862f844f1b7a803bb3c5a,teacher
65e862f844f1b7a803bb3c5a,lecturer
65e862f844f1b7a803bb3c5a,dentist
65e862f844f1b7a803bb3c5a,architect
65e862f844f1b7a803bb3c5a,electrician
65e862f844f1b7a803bb3c5a,farmer
65e862f844f1b7a803bb3c5a,carpenter
65e862f844f1b7a803bb3c5a,astronomer
65e862f844f1b7a803bb3c5a,bricklayer
65e862f844f1b7a803bb3c5a,actor
65e862f844f1b7a803bb3c5a,engineer
65e862f844f1b7a803bb3c5a,lawyer
65e862f844f1b7a803bb3c5a,doctor
65e862f844f1b7a803bb3c5a,firefighter
65e862f844f1b7a803bb3c5a,nurse
65e862f844f1b7a803bb3c5a,scientist
65e862f844f1b7a803bb3c5a,engineer
65e862f844f1b7a803bb3c5a,lawyer
65e862f844f1b7a803bb3c5a,lawyer
65e862f844f1b7a803bb3c5a,secretary
65e862f844f1b7a803bb3c5a,pilot
65e862f844f1b7a803bb3c5a,gardener
65d54b3b524fcafb543d1b23,nurse
65d54b3b524fcafb543d1b23,plumber
65d54b3b524fcafb543d1b23,surgeon
65d54b3b524fcafb543d1b23,doctor
65d54b3b524fcafb543d1b23,nurse
65d54b3b524fcafb543d1b23,counselor
65d54b3b524fcafb543d1b23,receptionist
65d54b3b524fcafb543d1b23,therapist
65d54b3b524fcafb543d1b23,therapist
65d54b3b524fcafb543d1b23,therapist
65d54b3b524fcafb543d1b23,nurse
65d54b3b524fcafb543d1b23,doctor
65d54b3b524fcafb543d1b23,electrician
65d54b3b524fcafb543d1b23,welder
6081806ab383aa89f6c61940,teacher
6081806ab383aa89f6c61940,lawyer
6081806ab383aa89f6c61940,doctor
6081806ab383aa89f6c61940,nurse
6081806ab383aa89f6c61940,receptionist
6081806ab383aa89f6c61940,accountant
6081806ab383aa89f6c61940,recruiter
6081806ab383aa89f6c61940,mechanic
6081806ab383aa89f6c61940,writer
6081806ab383aa89f6c61940,firefighter
6081806ab383aa89f6c61940,police officer
60d731567049e5132e3cc4d4,surgeon
60d731567049e5132e3cc4d4,pediatrician
60d731567049e5132e3cc4d4,lawyer
60d731567049e5132e3cc4d4,scientist
60d731567049e5132e3cc4d4,plumber
60d731567049e5132e3cc4d4,carpenter
60d731567049e5132e3cc4d4,electrician
60d731567049e5132e3cc4d4,gardener
60d731567049e5132e3cc4d4,teacher
60d731567049e5132e3cc4d4,nurse
60d731567049e5132e3cc4d4,accountant
60d731567049e5132e3cc4d4,insurance agent
60d731567049e5132e3cc4d4,police officer
60d731567049e5132e3cc4d4,firefighter
60d731567049e5132e3cc4d4,mechanic
60d731567049e5132e3cc4d4,artist
60d731567049e5132e3cc4d4,musician
60d731567049e5132e3cc4d4,actor
60d731567049e5132e3cc4d4,photographer
60d731567049e5132e3cc4d4,professor
65e1f75ab3efd22e847cfbf0,doctor
65e1f75ab3efd22e847cfbf0,lawyer
65e1f75ab3efd22e847cfbf0,nurse
65e1f75ab3efd22e847cfbf0,receptionist
65e1f75ab3efd22e847cfbf0,accountant
65e1f75ab3efd22e847cfbf0,surgeon
65e1f75ab3efd22e847cfbf0,anesthesiologist
65e1f75ab3efd22e847cfbf0,social worker
65e1f75ab3efd22e847cfbf0,physicist
65e1f75ab3efd22e847cfbf0,dentist
65e1f75ab3efd22e847cfbf0,scientist
65e1f75ab3efd22e847cfbf0,mechanic
65e1f75ab3efd22e847cfbf0,pilot
61363ce02e6022a741d63a6e,lawyer
61363ce02e6022a741d63a6e,doctor
61363ce02e6022a741d63a6e,surgeon
61363ce02e6022a741d63a6e,jeweler
61363ce02e6022a741d63a6e,jeweler
61363ce02e6022a741d63a6e,engineer
61363ce02e6022a741d63a6e,engineer
61363ce02e6022a741d63a6e,mechanic
61363ce02e6022a741d63a6e,actress
61363ce02e6022a741d63a6e,musician
61363ce02e6022a741d63a6e,professor
61363ce02e6022a741d63a6e,art teacher
61363ce02e6022a741d63a6e,doctor
61363ce02e6022a741d63a6e,dentist
61363ce02e6022a741d63a6e,barista
61363ce02e6022a741d63a6e,chef
63ea4ab1ce4168cbe9f63775,nurse
63ea4ab1ce4168cbe9f63775,doctor
63ea4ab1ce4168cbe9f63775,police officer
63ea4ab1ce4168cbe9f63775,real estate agent
63ea4ab1ce4168cbe9f63775,salesperson
63ea4ab1ce4168cbe9f63775,insurance agent
63ea4ab1ce4168cbe9f63775,chef
63ea4ab1ce4168cbe9f63775,chef
63ea4ab1ce4168cbe9f63775,engineer
63ea4ab1ce4168cbe9f63775,engineer
63ea4ab1ce4168cbe9f63775,engineer
63ea4ab1ce4168cbe9f63775,architect
63ea4ab1ce4168cbe9f63775,coach
63ea4ab1ce4168cbe9f63775,therapist
6554de7d91c1b1bf51104fda,farmer
6554de7d91c1b1bf51104fda,chef
6554de7d91c1b1bf51104fda,lawyer
6554de7d91c1b1bf51104fda,doctor
6554de7d91c1b1bf51104fda,engineer
6554de7d91c1b1bf51104fda,accountant
6554de7d91c1b1bf51104fda,teacher
6554de7d91c1b1bf51104fda,carpenter
6554de7d91c1b1bf51104fda,artist
6554de7d91c1b1bf51104fda,scientist
6554de7d91c1b1bf51104fda,professor
6554de7d91c1b1bf51104fda,nurse
6554de7d91c1b1bf51104fda,farmer
6554de7d91c1b1bf51104fda,musician
6554de7d91c1b1bf51104fda,architect
6554de7d91c1b1bf51104fda,mason
6073e0d481953bbd2cd61145,nurse
6073e0d481953bbd2cd61145,doctor
6073e0d481953bbd2cd61145,lawyer
6073e0d481953bbd2cd61145,lawyer
6073e0d481953bbd2cd61145,lawyer
6073e0d481953bbd2cd61145,coach
6073e0d481953bbd2cd61145,plumber
6073e0d481953bbd2cd61145,mechanic
6073e0d481953bbd2cd61145,writer
6073e0d481953bbd2cd61145,pilot
6073e0d481953bbd2cd61145,professor
6073e0d481953bbd2cd61145,teacher
6073e0d481953bbd2cd61145,scientist
6073e0d481953bbd2cd61145,researcher
5d7ff4aa50fda7001a863736,doctor
5d7ff4aa50fda7001a863736,teacher
5d7ff4aa50fda7001a863736,lawyer
5d7ff4aa50fda7001a863736,nurse
5d7ff4aa50fda7001a863736,engineer
5d7ff4aa50fda7001a863736,scientist
5d7ff4aa50fda7001a863736,dentist
5d7ff4aa50fda7001a863736,chef
5d7ff4aa50fda7001a863736,actress
5d7ff4aa50fda7001a863736,writer
5d7ff4aa50fda7001a863736,writer
5d7ff4aa50fda7001a863736,pilot
5d7ff4aa50fda7001a863736,actress
5d7ff4aa50fda7001a863736,artist
5d7ff4aa50fda7001a863736,police officer
5d7ff4aa50fda7001a863736,bartender
5d7ff4aa50fda7001a863736,accountant
5d7ff4aa50fda7001a863736,architect
5d7ff4aa50fda7001a863736,firefighter
5d7ff4aa50fda7001a863736,gardener
5d7ff4aa50fda7001a863736,farmer
5d7ff4aa50fda7001a863736,zookeeper
5d7ff4aa50fda7001a863736,astronaut
629e241d171ec6698e05f149,doctor
629e241d171ec6698e05f149,psychiatrist
629e241d171ec6698e05f149,psychologist
629e241d171ec6698e05f149,teacher
629e241d171ec6698e05f149,lawyer
629e241d171ec6698e05f149,writer
629e241d171ec6698e05f149,receptionist
629e241d171ec6698e05f149,secretary
629e241d171ec6698e05f149,architect
629e241d171ec6698e05f149,chef
629e241d171ec6698e05f149,pilot
629e241d171ec6698e05f149,electrician
629e241d171ec6698e05f149,chef
629e241d171ec6698e05f149,chef
629e241d171ec6698e05f149,researcher
629e241d171ec6698e05f149,artist
601f6a2231a2904b79df1671,firefighter
601f6a2231a2904b79df1671,police officer
601f6a2231a2904b79df1671,lawyer
601f6a2231a2904b79df1671,social worker
601f6a2231a2904b79df1671,teacher
601f6a2231a2904b79df1671,professor
601f6a2231a2904b79df1671,programmer
601f6a2231a2904b79df1671,scientist
601f6a2231a2904b79df1671,engineer
601f6a2231a2904b79df1671,engineer
601f6a2231a2904b79df1671,engineer
601f6a2231a2904b79df1671,engineer
601f6a2231a2904b79df1671,mechanic
601f6a2231a2904b79df1671,engineer
601f6a2231a2904b79df1671,mechanic
601f6a2231a2904b79df1671,electrician
601f6a2231a2904b79df1671,plumber
601f6a2231a2904b79df1671,farmer
601f6a2231a2904b79df1671,engineer
601f6a2231a2904b79df1671,scientist
601f6a2231a2904b79df1671,mason
5f5aa60bef062519ff711fe6,doctor
5f5aa60bef062519ff711fe6,lawyer
5f5aa60bef062519ff711fe6,accountant
5f5aa60bef062519ff711fe6,engineer
5f5aa60bef062519ff711fe6,mechanic
5f5aa60bef062519ff711fe6,engineer
5f5aa60bef062519ff711fe6,engineer
5f5aa60bef062519ff711fe6,lawyer
5f5aa60bef062519ff711fe6,police officer
5f5aa60bef062519ff711fe6,scientist
5f5aa60bef062519ff711fe6,nurse
5f5aa60bef062519ff711fe6,surgeon
5f5aa60bef062519ff711fe6,receptionist
654108d38225e168af4b1fa0,therapist
654108d38225e168af4b1fa0,doctor
654108d38225e168af4b1fa0,lawyer
654108d38225e168af4b1fa0,firefighter
654108d38225e168af4b1fa0,police officer
654108d38225e168af4b1fa0,nurse
654108d38225e168af4b1fa0,interior designer
654108d38225e168af4b1fa0,actor
654108d38225e168af4b1fa0,veterinarian
654108d38225e168af4b1fa0,accountant
654108d38225e168af4b1fa0,artist
654108d38225e168af4b1fa0,architect
654108d38225e168af4b1fa0,engineer
65cb63e160bb47fbf9349269,doctor
65cb63e160bb47fbf9349269,lawyer
65cb63e160bb47fbf9349269,police officer
65cb63e160bb47fbf9349269,teacher
65cb63e160bb47fbf9349269,firefighter
65cb63e160bb47fbf9349269,accountant
65cb63e160bb47fbf9349269,scientist
65cb63e160bb47fbf9349269,engineer
65cb63e160bb47fbf9349269,mechanic
65cb63e160bb47fbf9349269,engineer
65cb63e160bb47fbf9349269,engineer
65cb63e160bb47fbf9349269,professor
65cb63e160bb47fbf9349269,tutor
65cb63e160bb47fbf9349269,welder
65cb63e160bb47fbf9349269,musician
65cb63e160bb47fbf9349269,photographer
65cb63e160bb47fbf9349269,actor
65cb63e160bb47fbf9349269,actress
65cb63e160bb47fbf9349269,pilot
63e802622f8052bd67d6c5f0,barber
63e802622f8052bd67d6c5f0,firefighter
63e802622f8052bd67d6c5f0,teacher
63e802622f8052bd67d6c5f0,doctor
63e802622f8052bd67d6c5f0,veterinarian
63e802622f8052bd67d6c5f0,firefighter
63e802622f8052bd67d6c5f0,writer
63e802622f8052bd67d6c5f0,lawyer
63e802622f8052bd67d6c5f0,engineer
63e802622f8052bd67d6c5f0,electrician
5f1f3581b5cf3e103cc545c9,social worker
5f1f3581b5cf3e103cc545c9,doctor
5f1f3581b5cf3e103cc545c9,surgeon
5f1f3581b5cf3e103cc545c9,electrician
65d6a09286a0c99e632a46dd,teacher
65d6a09286a0c99e632a46dd,lawyer
65d6a09286a0c99e632a46dd,lawyer
65d6a09286a0c99e632a46dd,accountant
65d6a09286a0c99e632a46dd,doctor
65d6a09286a0c99e632a46dd,coach
65d6a09286a0c99e632a46dd,professor
65d6a09286a0c99e632a46dd,dentist
65d6a09286a0c99e632a46dd,police officer
65d6a09286a0c99e632a46dd,firefighter
65d6a09286a0c99e632a46dd,receptionist
65d6a09286a0c99e632a46dd,mason
65cc19b4b3d48a22dfc6756d,plumber
65cc19b4b3d48a22dfc6756d,electrician
65cc19b4b3d48a22dfc6756d,doctor
65cc19b4b3d48a22dfc6756d,chef
65cc19b4b3d48a22dfc6756d,secretary
65cc19b4b3d48a22dfc6756d,engineer
65cc19b4b3d48a22dfc6756d,scientist
65cc19b4b3d48a22dfc6756d,actress
65cc19b4b3d48a22dfc6756d,seamstress
65cc19b4b3d48a22dfc6756d,mechanic
65cc19b4b3d48a22dfc6756d,rancher
65cc19b4b3d48a22dfc6756d,actor
65cc19b4b3d48a22dfc6756d,teacher
65c25cf77dca9d7ca7d9ebdb,doctor
65c25cf77dca9d7ca7d9ebdb,electrician
65c25cf77dca9d7ca7d9ebdb,engineer
65c25cf77dca9d7ca7d9ebdb,teacher
65c25cf77dca9d7ca7d9ebdb,professor
65c25cf77dca9d7ca7d9ebdb,architect
65c25cf77dca9d7ca7d9ebdb,psychologist
65c25cf77dca9d7ca7d9ebdb,psychiatrist
65c25cf77dca9d7ca7d9ebdb,dentist
65c25cf77dca9d7ca7d9ebdb,writer
65c25cf77dca9d7ca7d9ebdb,pilot
65c25cf77dca9d7ca7d9ebdb,police officer
65c25cf77dca9d7ca7d9ebdb,rancher
65b15afd94153c1f50c92493,writer
65b15afd94153c1f50c92493,teacher
65b15afd94153c1f50c92493,therapist
65b15afd94153c1f50c92493,nurse
65b15afd94153c1f50c92493,architect
65b15afd94153c1f50c92493,dentist
65b15afd94153c1f50c92493,therapist
65b15afd94153c1f50c92493,artist
65b15afd94153c1f50c92493,musician
65b15afd94153c1f50c92493,artist
65b15afd94153c1f50c92493,mechanic
65b15afd94153c1f50c92493,doctor
656e3caa43f1f7f0615252ff,dentist
656e3caa43f1f7f0615252ff,doctor
656e3caa43f1f7f0615252ff,lawyer
656e3caa43f1f7f0615252ff,chef
656e3caa43f1f7f0615252ff,engineer
656e3caa43f1f7f0615252ff,teacher
656e3caa43f1f7f0615252ff,rancher
656e3caa43f1f7f0615252ff,barber
656e3caa43f1f7f0615252ff,lawyer
656e3caa43f1f7f0615252ff,lawyer
656e3caa43f1f7f0615252ff,lawyer
656e3caa43f1f7f0615252ff,pilot
65e358d9c5e3ee026268b2a7,nurse
65e358d9c5e3ee026268b2a7,doctor
65e358d9c5e3ee026268b2a7,nutritionist
65e358d9c5e3ee026268b2a7,therapist
65e358d9c5e3ee026268b2a7,chef
65e358d9c5e3ee026268b2a7,engineer
65e358d9c5e3ee026268b2a7,engineer
65e358d9c5e3ee026268b2a7,mechanic
65e358d9c5e3ee026268b2a7,electrician
65e358d9c5e3ee026268b2a7,engineer
65e358d9c5e3ee026268b2a7,electrician
65e358d9c5e3ee026268b2a7,lawyer
63619eb02e5bd8f4f7bd138a,accountant
63619eb02e5bd8f4f7bd138a,lawyer
63619eb02e5bd8f4f7bd138a,police officer
63619eb02e5bd8f4f7bd138a,firefighter
63619eb02e5bd8f4f7bd138a,paramedic
63619eb02e5bd8f4f7bd138a,doctor
63619eb02e5bd8f4f7bd138a,nurse
63619eb02e5bd8f4f7bd138a,surgeon
63619eb02e5bd8f4f7bd138a,engineer
63619eb02e5bd8f4f7bd138a,researcher
600f9342e7bc5518fa9ca92a,doctor
600f9342e7bc5518fa9ca92a,engineer
600f9342e7bc5518fa9ca92a,lawyer
600f9342e7bc5518fa9ca92a,teacher
