SID,entry
6596a5cad60ef105b6c18897,hammer
6596a5cad60ef105b6c18897,screwdriver
6596a5cad60ef105b6c18897,screwdriver
6596a5cad60ef105b6c18897,screwdriver
6596a5cad60ef105b6c18897,drill
6596a5cad60ef105b6c18897,pliers
6596a5cad60ef105b6c18897,pliers
6596a5cad60ef105b6c18897,ratchet
6596a5cad60ef105b6c18897,sander
6596a5cad60ef105b6c18897,clamp
6596a5cad60ef105b6c18897,level
6596a5cad60ef105b6c18897,stapler
5f1f3581b5cf3e103cc545c9,hammer
5f1f3581b5cf3e103cc545c9,screwdriver
5f1f3581b5cf3e103cc545c9,drill
65e862f844f1b7a803bb3c5a,screwdriver
65e862f844f1b7a803bb3c5a,trowel
65e862f844f1b7a803bb3c5a,saw
65e862f844f1b7a803bb3c5a,chainsaw
65e862f844f1b7a803bb3c5a,wrench
65e862f844f1b7a803bb3c5a,mallet
65e862f844f1b7a803bb3c5a,scraper
65e862f844f1b7a803bb3c5a,ladder
629e241d171ec6698e05f149,hammer
629e241d171ec6698e05f149,saw
629e241d171ec6698e05f149,tack hammer
629e241d171ec6698e05f149,screwdriver
629e241d171ec6698e05f149,pliers
629e241d171ec6698e05f149,chisel
629e241d171ec6698e05f149,jack
629e241d171ec6698e05f149,vice
629e241d171ec6698e05f149,stapler
629e241d171ec6698e05f149,stapler
629e241d171ec6698e05f149,mallet
629e241d171ec6698e05f149,mallet
629e241d171ec6698e05f149,mallet
629e241d171ec6698e05f149,table saw
629e241d171ec6698e05f149,wrench
629e241d171ec6698e05f149,wrench
629e241d171ec6698e05f149,wrench
610c59ee34cc312d7ca55e45,screwdriver
610c59ee34cc312d7ca55e45,hammer
610c59ee34cc312d7ca55e45,punch
63ea4ab1ce4168cbe9f63775,hammer
63ea4ab1ce4168cbe9f63775,saw
63ea4ab1ce4168cbe9f63775,wrench
63ea4ab1ce4168cbe9f63775,ratchet
63ea4ab1ce4168cbe9f63775,mallet
63ea4ab1ce4168cbe9f63775,wrench
63ea4ab1ce4168cbe9f63775,screwdriver
63ea4ab1ce4168cbe9f63775,screwdriver
63ea4ab1ce4168cbe9f63775,drill
63ea4ab1ce4168cbe9f63775,hoe
63ea4ab1ce4168cbe9f63775,punch
63ea4ab1ce4168cbe9f63775,hammer
63ea4ab1ce4168cbe9f63775,wrench
63ea4ab1ce4168cbe9f63775,table saw
63ea4ab1ce4168cbe9f63775,jigsaw
63ea4ab1ce4168cbe9f63775,saw
63ea4ab1ce4168cbe9f63775,sander
63ea4ab1ce4168cbe9f63775,level
63ea4ab1ce4168cbe9f63775,planer
63ea4ab1ce4168cbe9f63775,level
63ea4ab1ce4168cbe9f63775,sander
656e3caa43f1f7f0615252ff,wrench
656e3caa43f1f7f0615252ff,mallet
656e3caa43f1f7f0615252ff,fork
656e3caa43f1f7f0615252ff,mallet
656e3caa43f1f7f0615252ff,wrench
656e3caa43f1f7f0615252ff,hammer
656e3caa43f1f7f0615252ff,saw
656e3caa43f1f7f0615252ff,level
656e3caa43f1f7f0615252ff,router
65d6a09286a0c99e632a46dd,wrench
65d6a09286a0c99e632a46dd,wrench
65d6a09286a0c99e632a46dd,screwdriver
65d6a09286a0c99e632a46dd,saw
65d6a09286a0c99e632a46dd,hammer
65d6a09286a0c99e632a46dd,ladder
65d6a09286a0c99e632a46dd,saw
65d6a09286a0c99e632a46dd,mallet
65d6a09286a0c99e632a46dd,paintbrush
65d6a09286a0c99e632a46dd,pliers
5885f97f41da4500014d3645,hammer
5885f97f41da4500014d3645,screwdriver
5885f97f41da4500014d3645,wrench
5885f97f41da4500014d3645,jack
5885f97f41da4500014d3645,sickle
5885f97f41da4500014d3645,level
60a48adfe091e410f4eaba34,hammer
60a48adfe091e410f4eaba34,drill
60a48adfe091e410f4eaba34,chisel
60a48adfe091e410f4eaba34,screwdriver
60a48adfe091e410f4eaba34,mallet
60a48adfe091e410f4eaba34,file
60a48adfe091e410f4eaba34,chainsaw
60a48adfe091e410f4eaba34,axe
63e802622f8052bd67d6c5f0,hammer
63e802622f8052bd67d6c5f0,screwdriver
63e802622f8052bd67d6c5f0,drill
63e802622f8052bd67d6c5f0,spade
63e802622f8052bd67d6c5f0,ladder
60d731567049e5132e3cc4d4,hammer
60d731567049e5132e3cc4d4,screwdriver
60d731567049e5132e3cc4d4,wrench
60d731567049e5132e3cc4d4,router
60d731567049e5132e3cc4d4,clamp
60d731567049e5132e3cc4d4,vice
60d731567049e5132e3cc4d4,saw
60d731567049e5132e3cc4d4,file
60d731567049e5132e3cc4d4,rasp
60d731567049e5132e3cc4d4,stapler
60d731567049e5132e3cc4d4,drill
60d731567049e5132e3cc4d4,level
60d731567049e5132e3cc4d4,rake
60d731567049e5132e3cc4d4,hoe
60d731567049e5132e3cc4d4,tiller
60d731567049e5132e3cc4d4,hoe
60d731567049e5132e3cc4d4,punch
60d731567049e5132e3cc4d4,stapler
65cb63e160bb47fbf9349269,hammer
65cb63e160bb47fbf9349269,drill
65cb63e160bb47fbf9349269,wrench
65cb63e160bb47fbf9349269,shovel
65cb63e160bb47fbf9349269,ladder
65cb63e160bb47fbf9349269,vice
65cb63e160bb47fbf9349269,drill
65cb63e160bb47fbf9349269,brush
65cb63e160bb47fbf9349269,pencil
6073e0d481953bbd2cd61145,hammer
6073e0d481953bbd2cd61145,screwdriver
6073e0d481953bbd2cd61145,rake
6073e0d481953bbd2cd61145,sledgehammer
6073e0d481953bbd2cd61145,vice
6073e0d481953bbd2cd61145,router
6001487015e5f62961639e7d,screwdriver
6001487015e5f62961639e7d,wrench
6001487015e5f62961639e7d,ratchet
6001487015e5f62961639e7d,crowbar
6001487015e5f62961639e7d,drill
6001487015e5f62961639e7d,saw
6001487015e5f62961639e7d,table saw
6001487015e5f62961639e7d,sander
6001487015e5f62961639e7d,axe
6001487015e5f62961639e7d,screwdriver
6001487015e5f62961639e7d,level
6001487015e5f62961639e7d,chisel
6001487015e5f62961639e7d,clamp
6001487015e5f62961639e7d,sander
601f6a2231a2904b79df1671,hammer
601f6a2231a2904b79df1671,chisel
601f6a2231a2904b79df1671,screwdriver
601f6a2231a2904b79df1671,screwdriver
601f6a2231a2904b79df1671,float
601f6a2231a2904b79df1671,pliers
601f6a2231a2904b79df1671,wrench
601f6a2231a2904b79df1671,router
601f6a2231a2904b79df1671,level
601f6a2231a2904b79df1671,stapler
601f6a2231a2904b79df1671,saw
601f6a2231a2904b79df1671,hacksaw
601f6a2231a2904b79df1671,saw
601f6a2231a2904b79df1671,drill
601f6a2231a2904b79df1671,saw
601f6a2231a2904b79df1671,table saw
654108d38225e168af4b1fa0,screwdriver
654108d38225e168af4b1fa0,hammer
654108d38225e168af4b1fa0,wrench
654108d38225e168af4b1fa0,drill
654108d38225e168af4b1fa0,router
654108d38225e168af4b1fa0,saw
654108d38225e168af4b1fa0,pliers
5f5aa60bef062519ff711fe6,rake
5f5aa60bef062519ff711fe6,screwdriver
5f5aa60bef062519ff711fe6,wrench
5f5aa60bef062519ff711fe6,vice
5f5aa60bef062519ff711fe6,hammer
5f5aa60bef062519ff711fe6,mallet
5f5aa60bef062519ff711fe6,pickaxe
5f5aa60bef062519ff711fe6,axe
65e358d9c5e3ee026268b2a7,hammer
65e358d9c5e3ee026268b2a7,screwdriver
65e358d9c5e3ee026268b2a7,wrench
65e358d9c5e3ee026268b2a7,mallet
65e358d9c5e3ee026268b2a7,wrench
65e358d9c5e3ee026268b2a7,tiller
65e358d9c5e3ee026268b2a7,saw
65e358d9c5e3ee026268b2a7,drill
65e358d9c5e3ee026268b2a7,saw
65e358d9c5e3ee026268b2a7,wrench
65e358d9c5e3ee026268b2a7,fork
65e358d9c5e3ee026268b2a7,mallet
65e358d9c5e3ee026268b2a7,pliers
65e358d9c5e3ee026268b2a7,table saw
65e358d9c5e3ee026268b2a7,sander
65e358d9c5e3ee026268b2a7,level
65c25cf77dca9d7ca7d9ebdb,sickle
65c25cf77dca9d7ca7d9ebdb,axe
65c25cf77dca9d7ca7d9ebdb,axe
65c25cf77dca9d7ca7d9ebdb,axe
65c25cf77dca9d7ca7d9ebdb,drill
65c25cf77dca9d7ca7d9ebdb,screwdriver
65b15afd94153c1f50c92493,wrench
65b15afd94153c1f50c92493,screwdriver
65b15afd94153c1f50c92493,mallet
65b15afd94153c1f50c92493,drill
65b15afd94153c1f50c92493,axe
65b15afd94153c1f50c92493,mallet
65b15afd94153c1f50c92493,file
65b15afd94153c1f50c92493,chisel
65b15afd94153c1f50c92493,clamp
65b15afd94153c1f50c92493,file
65b15afd94153c1f50c92493,saw
65b15afd94153c1f50c92493,ladder
65b15afd94153c1f50c92493,paintbrush
65b15afd94153c1f50c92493,paint roller
65b15afd94153c1f50c92493,level
63619eb02e5bd8f4f7bd138a,screwdriver
63619eb02e5bd8f4f7bd138a,hammer
63619eb02e5bd8f4f7bd138a,drill
63619eb02e5bd8f4f7bd138a,level
63619eb02e5bd8f4f7bd138a,pliers
63619eb02e5bd8f4f7bd138a,jack
63619eb02e5bd8f4f7bd138a,wrench
5d7ff4aa50fda7001a863736,hammer
5d7ff4aa50fda7001a863736,screwdriver
5d7ff4aa50fda7001a863736,drill
5d7ff4aa50fda7001a863736,saw
5d7ff4aa50fda7001a863736,chainsaw
5d7ff4aa50fda7001a863736,axe
5d7ff4aa50fda7001a863736,wrench
65cc19b4b3d48a22dfc6756d,screwdriver
65cc19b4b3d48a22dfc6756d,wrench
6554de7d91c1b1bf51104fda,screwdriver
6554de7d91c1b1bf51104fda,hammer
6554de7d91c1b1bf51104fda,drill
6554de7d91c1b1bf51104fda,axe
6554de7d91c1b1bf51104fda,ratchet
6554de7d91c1b1bf51104fda,vice
6554de7d91c1b1bf51104fda,pliers
6554de7d91c1b1bf51104fda,hoe
65d54b3b524fcafb543d1b23,hammer
65d54b3b524fcafb543d1b23,wrench
65d54b3b524fcafb543d1b23,punch
65d54b3b524fcafb543d1b23,screwdriver
65d54b3b524fcafb543d1b23,router
65e1f75ab3efd22e847cfbf0,screwdriver
65e1f75ab3efd22e847cfbf0,wrench
65e1f75ab3efd22e847cfbf0,drill
65e1f75ab3efd22e847cfbf0,hammer
65e1f75ab3efd22e847cfbf0,axe
65e1f75ab3efd22e847cfbf0,pliers
65e1f75ab3efd22e847cfbf0,wrench
65e1f75ab3efd22e847cfbf0,hoe
61363ce02e6022a741d63a6e,screwdriver
61363ce02e6022a741d63a6e,wrench
61363ce02e6022a741d63a6e,mallet
61363ce02e6022a741d63a6e,wrench
61363ce02e6022a741d63a6e,wrench
61363ce02e6022a741d63a6e,wrench
61363ce02e6022a741d63a6e,hammer
61363ce02e6022a741d63a6e,hoe
61363ce02e6022a741d63a6e,stapler
61363ce02e6022a741d63a6e,stapler
61363ce02e6022a741d63a6e,tack hammer
61363ce02e6022a741d63a6e,brush
61363ce02e6022a741d63a6e,jack
6081806ab383aa89f6c61940,wrench
6081806ab383aa89f6c61940,screwdriver
6081806ab383aa89f6c61940,saw
6081806ab383aa89f6c61940,screwdriver
6081806ab383aa89f6c61940,crowbar
6081806ab383aa89f6c61940,level
6081806ab383aa89f6c61940,file
6081806ab383aa89f6c61940,drill
6081806ab383aa89f6c61940,chainsaw
6081806ab383aa89f6c61940,axe
