SID,entry
60a48adfe091e410f4eaba34,construction
60a48adfe091e410f4eaba34,manager
60a48adfe091e410f4eaba34,retail sales
60a48adfe091e410f4eaba34,tech
60a48adfe091e410f4eaba34,engineering
60a48adfe091e410f4eaba34,physical therapist
60a48adfe091e410f4eaba34,doctor
60a48adfe091e410f4eaba34,occupational therapist
60a48adfe091e410f4eaba34,physician's assistant
60a48adfe091e410f4eaba34,laborer
60a48adfe091e410f4eaba34,auditor
60a48adfe091e410f4eaba34,auctioneer
60a48adfe091e410f4eaba34,real estate agent
60a48adfe091e410f4eaba34,leasing manager
60a48adfe091e410f4eaba34,office worker
60a48adfe091e410f4eaba34,veterinarian
60a48adfe091e410f4eaba34,transporter
60a48adfe091e410f4eaba34,rideshare worker
60a48adfe091e410f4eaba34,food delivery
65e862f844f1b7a803bb3c5a,doctor
65e862f844f1b7a803bb3c5a,accountants
65e862f844f1b7a803bb3c5a,chef
65e862f844f1b7a803bb3c5a,teacher
65e862f844f1b7a803bb3c5a,lecturer
65e862f844f1b7a803bb3c5a,dentist
65e862f844f1b7a803bb3c5a,architect
65e862f844f1b7a803bb3c5a,baker
65e862f844f1b7a803bb3c5a,butcher
65e862f844f1b7a803bb3c5a,electrician
65e862f844f1b7a803bb3c5a,farmer
65e862f844f1b7a803bb3c5a,bus driver
65e862f844f1b7a803bb3c5a,carpenter
65e862f844f1b7a803bb3c5a,astronomer
65e862f844f1b7a803bb3c5a,bricklayer
65e862f844f1b7a803bb3c5a,cleaner
65e862f844f1b7a803bb3c5a,factory worker
65e862f844f1b7a803bb3c5a,designer
65e862f844f1b7a803bb3c5a,engineer
65e862f844f1b7a803bb3c5a,fisherman
65e862f844f1b7a803bb3c5a,lawyer
65e862f844f1b7a803bb3c5a,actor
65e862f844f1b7a803bb3c5a,firefighter
65e862f844f1b7a803bb3c5a,nurse
65e862f844f1b7a803bb3c5a,teacher
65e862f844f1b7a803bb3c5a,scientist
65e862f844f1b7a803bb3c5a,trader
65e862f844f1b7a803bb3c5a,analyst
65e862f844f1b7a803bb3c5a,software engineer
65e862f844f1b7a803bb3c5a,software analyst
65e862f844f1b7a803bb3c5a,train conductor
65e862f844f1b7a803bb3c5a,american football player
65e862f844f1b7a803bb3c5a,basketball player
65e862f844f1b7a803bb3c5a,secretary
65e862f844f1b7a803bb3c5a,policeman
65e862f844f1b7a803bb3c5a,soldier
65e862f844f1b7a803bb3c5a,repairman
65e862f844f1b7a803bb3c5a,businessman
65e862f844f1b7a803bb3c5a,reporter
65e862f844f1b7a803bb3c5a,journalist
65e862f844f1b7a803bb3c5a,postman
65e862f844f1b7a803bb3c5a,photographer
65e862f844f1b7a803bb3c5a,pilots
65e862f844f1b7a803bb3c5a,construction worker
65e862f844f1b7a803bb3c5a,lifeguard
65e862f844f1b7a803bb3c5a,housekeeper
65e862f844f1b7a803bb3c5a,gardener
65e862f844f1b7a803bb3c5a,footballer
65e862f844f1b7a803bb3c5a,fire man
65e862f844f1b7a803bb3c5a,flight attendants
65d54b3b524fcafb543d1b23,nurse
65d54b3b524fcafb543d1b23,plumber
65d54b3b524fcafb543d1b23,surgeon
65d54b3b524fcafb543d1b23,doctor
65d54b3b524fcafb543d1b23,nurse's assistant
65d54b3b524fcafb543d1b23,assistant
65d54b3b524fcafb543d1b23,software developer
65d54b3b524fcafb543d1b23,security
65d54b3b524fcafb543d1b23,counselor
65d54b3b524fcafb543d1b23,office assistant
65d54b3b524fcafb543d1b23,receptionist
65d54b3b524fcafb543d1b23,massage therapist
65d54b3b524fcafb543d1b23,physical therapist
65d54b3b524fcafb543d1b23,occupational therapist
65d54b3b524fcafb543d1b23,nurse anesthetist
65d54b3b524fcafb543d1b23,anesthesia doctor
65d54b3b524fcafb543d1b23,foreman
65d54b3b524fcafb543d1b23,general contractor
65d54b3b524fcafb543d1b23,electrician
65d54b3b524fcafb543d1b23,welder
60d731567049e5132e3cc4d4,surgeon
60d731567049e5132e3cc4d4,pediatrician
60d731567049e5132e3cc4d4,lawyer
60d731567049e5132e3cc4d4,scientist
60d731567049e5132e3cc4d4,plumber
60d731567049e5132e3cc4d4,carpenter
60d731567049e5132e3cc4d4,electrician
60d731567049e5132e3cc4d4,botanist
60d731567049e5132e3cc4d4,gardner
60d731567049e5132e3cc4d4,construction worker
60d731567049e5132e3cc4d4,teacher
60d731567049e5132e3cc4d4,principal
60d731567049e5132e3cc4d4,nurse
60d731567049e5132e3cc4d4,accountant
60d731567049e5132e3cc4d4,business executive
60d731567049e5132e3cc4d4,financial planner
60d731567049e5132e3cc4d4,tax broker
60d731567049e5132e3cc4d4,insurance agent
60d731567049e5132e3cc4d4,police officer
60d731567049e5132e3cc4d4,firefighter
60d731567049e5132e3cc4d4,mechanic
60d731567049e5132e3cc4d4,window washer
60d731567049e5132e3cc4d4,artist
60d731567049e5132e3cc4d4,model
60d731567049e5132e3cc4d4,musician
60d731567049e5132e3cc4d4,actor
60d731567049e5132e3cc4d4,director
60d731567049e5132e3cc4d4,photographer
60d731567049e5132e3cc4d4,chauffeur
60d731567049e5132e3cc4d4,gymnast
60d731567049e5132e3cc4d4,athlete
60d731567049e5132e3cc4d4,ski instructor
60d731567049e5132e3cc4d4,tutor
60d731567049e5132e3cc4d4,professor
60d731567049e5132e3cc4d4,assistant
60d731567049e5132e3cc4d4,advertiser
60d731567049e5132e3cc4d4,talk show host
60d731567049e5132e3cc4d4,producer
65e1f75ab3efd22e847cfbf0,doctor
65e1f75ab3efd22e847cfbf0,lawyer
65e1f75ab3efd22e847cfbf0,construction person
65e1f75ab3efd22e847cfbf0,manager
65e1f75ab3efd22e847cfbf0,assistant
65e1f75ab3efd22e847cfbf0,nurse
65e1f75ab3efd22e847cfbf0,cashier
65e1f75ab3efd22e847cfbf0,retail manager
65e1f75ab3efd22e847cfbf0,receptionist
65e1f75ab3efd22e847cfbf0,assistant
65e1f75ab3efd22e847cfbf0,party host
65e1f75ab3efd22e847cfbf0,porter
65e1f75ab3efd22e847cfbf0,sales manager
65e1f75ab3efd22e847cfbf0,accountant
65e1f75ab3efd22e847cfbf0,technician
65e1f75ab3efd22e847cfbf0,surgeon
65e1f75ab3efd22e847cfbf0,anesthesiologist
65e1f75ab3efd22e847cfbf0,social worker
65e1f75ab3efd22e847cfbf0,physician
65e1f75ab3efd22e847cfbf0,dentist
65e1f75ab3efd22e847cfbf0,community health worker
65e1f75ab3efd22e847cfbf0,scientist
65e1f75ab3efd22e847cfbf0,mechanic
65e1f75ab3efd22e847cfbf0,technician
65e1f75ab3efd22e847cfbf0,administrator
65e1f75ab3efd22e847cfbf0,pilot
65e1f75ab3efd22e847cfbf0,flight attendant
63ea4ab1ce4168cbe9f63775,nurse
63ea4ab1ce4168cbe9f63775,doctor
63ea4ab1ce4168cbe9f63775,x-ray technician
63ea4ab1ce4168cbe9f63775,nursing assistant
63ea4ab1ce4168cbe9f63775,physician's assistant
63ea4ab1ce4168cbe9f63775,fireman
63ea4ab1ce4168cbe9f63775,police officer
63ea4ab1ce4168cbe9f63775,marketing executives
63ea4ab1ce4168cbe9f63775,business development executive
63ea4ab1ce4168cbe9f63775,event planner
63ea4ab1ce4168cbe9f63775,cashier
63ea4ab1ce4168cbe9f63775,real estate agent
63ea4ab1ce4168cbe9f63775,leasing agent
63ea4ab1ce4168cbe9f63775,salesperson
63ea4ab1ce4168cbe9f63775,factory worker
63ea4ab1ce4168cbe9f63775,insurance agent
63ea4ab1ce4168cbe9f63775,cook
63ea4ab1ce4168cbe9f63775,chef
63ea4ab1ce4168cbe9f63775,sous chef
63ea4ab1ce4168cbe9f63775,server
63ea4ab1ce4168cbe9f63775,host
63ea4ab1ce4168cbe9f63775,entrepreneur
63ea4ab1ce4168cbe9f63775,web developer
63ea4ab1ce4168cbe9f63775,u i engineer
63ea4ab1ce4168cbe9f63775,chemical engineer
63ea4ab1ce4168cbe9f63775,architectural engineer
63ea4ab1ce4168cbe9f63775,architect
63ea4ab1ce4168cbe9f63775,construction worker
63ea4ab1ce4168cbe9f63775,construction foreman
63ea4ab1ce4168cbe9f63775,professional athlete
63ea4ab1ce4168cbe9f63775,coach
63ea4ab1ce4168cbe9f63775,trainer
63ea4ab1ce4168cbe9f63775,physical therapist
5d7ff4aa50fda7001a863736,doctor
5d7ff4aa50fda7001a863736,teacher
5d7ff4aa50fda7001a863736,lawyer
5d7ff4aa50fda7001a863736,nurse
5d7ff4aa50fda7001a863736,cashier
5d7ff4aa50fda7001a863736,engineer
5d7ff4aa50fda7001a863736,librarian
5d7ff4aa50fda7001a863736,scientist
5d7ff4aa50fda7001a863736,dentist
5d7ff4aa50fda7001a863736,chef
5d7ff4aa50fda7001a863736,waitress
5d7ff4aa50fda7001a863736,limo driver
5d7ff4aa50fda7001a863736,taxi driver
5d7ff4aa50fda7001a863736,bus driver
5d7ff4aa50fda7001a863736,airline pilot
5d7ff4aa50fda7001a863736,captain of a ship
5d7ff4aa50fda7001a863736,actor
5d7ff4aa50fda7001a863736,or
5d7ff4aa50fda7001a863736,actress
5d7ff4aa50fda7001a863736,politician
5d7ff4aa50fda7001a863736,artist
5d7ff4aa50fda7001a863736,police officer
5d7ff4aa50fda7001a863736,mailman
5d7ff4aa50fda7001a863736,bartender
5d7ff4aa50fda7001a863736,accountant
5d7ff4aa50fda7001a863736,architect
5d7ff4aa50fda7001a863736,firefighter
5d7ff4aa50fda7001a863736,gardener
5d7ff4aa50fda7001a863736,farmer
5d7ff4aa50fda7001a863736,zookeeper
5d7ff4aa50fda7001a863736,astronaut
5f5aa60bef062519ff711fe6,doctor
5f5aa60bef062519ff711fe6,lawyer
5f5aa60bef062519ff711fe6,accountant
5f5aa60bef062519ff711fe6,transcriptionist
5f5aa60bef062519ff711fe6,translator
5f5aa60bef062519ff711fe6,engineer
5f5aa60bef062519ff711fe6,electrica engineerl
5f5aa60bef062519ff711fe6,mechanical engineer
5f5aa60bef062519ff711fe6,civil engineer
5f5aa60bef062519ff711fe6,attorney
5f5aa60bef062519ff711fe6,/
5f5aa60bef062519ff711fe6,lawyer
5f5aa60bef062519ff711fe6,public defender
5f5aa60bef062519ff711fe6,judge
5f5aa60bef062519ff711fe6,security guard
5f5aa60bef062519ff711fe6,police officer
5f5aa60bef062519ff711fe6,mall cop
5f5aa60bef062519ff711fe6,cashier
5f5aa60bef062519ff711fe6,baker
5f5aa60bef062519ff711fe6,salesman
5f5aa60bef062519ff711fe6,computer scientist
5f5aa60bef062519ff711fe6,it specialist
5f5aa60bef062519ff711fe6,courier
5f5aa60bef062519ff711fe6,nurse
5f5aa60bef062519ff711fe6,surgeon
5f5aa60bef062519ff711fe6,lab tech
5f5aa60bef062519ff711fe6,receptionist
5f5aa60bef062519ff711fe6,general
5f5aa60bef062519ff711fe6,manager
5f5aa60bef062519ff711fe6,analyst
5f5aa60bef062519ff711fe6,content creator
65cb63e160bb47fbf9349269,doctor
65cb63e160bb47fbf9349269,lawyer
65cb63e160bb47fbf9349269,police officer
65cb63e160bb47fbf9349269,politician
65cb63e160bb47fbf9349269,teacher
65cb63e160bb47fbf9349269,firefighter
65cb63e160bb47fbf9349269,accountant
65cb63e160bb47fbf9349269,curator
65cb63e160bb47fbf9349269,investor
65cb63e160bb47fbf9349269,computer scientist
65cb63e160bb47fbf9349269,software engineer
65cb63e160bb47fbf9349269,mechanical engineers
65cb63e160bb47fbf9349269,civil engineer
65cb63e160bb47fbf9349269,technician
65cb63e160bb47fbf9349269,operator
65cb63e160bb47fbf9349269,professor
65cb63e160bb47fbf9349269,tutor
65cb63e160bb47fbf9349269,babysitter
65cb63e160bb47fbf9349269,dog walker
65cb63e160bb47fbf9349269,market
65cb63e160bb47fbf9349269,marketing team
65cb63e160bb47fbf9349269,director
65cb63e160bb47fbf9349269,program manager
65cb63e160bb47fbf9349269,musician
65cb63e160bb47fbf9349269,photographer
65cb63e160bb47fbf9349269,lyricist
65cb63e160bb47fbf9349269,actor
65cb63e160bb47fbf9349269,actress
65cb63e160bb47fbf9349269,juicer
65cb63e160bb47fbf9349269,lighting coordinator
65cb63e160bb47fbf9349269,meeting coordinator
65cb63e160bb47fbf9349269,pilot
63e802622f8052bd67d6c5f0,barber
63e802622f8052bd67d6c5f0,firefighter
63e802622f8052bd67d6c5f0,policeman
63e802622f8052bd67d6c5f0,teacher
63e802622f8052bd67d6c5f0,bus driver
63e802622f8052bd67d6c5f0,contruction worker
63e802622f8052bd67d6c5f0,fast food worker
63e802622f8052bd67d6c5f0,retail salesman
63e802622f8052bd67d6c5f0,car salesman
63e802622f8052bd67d6c5f0,doctor
63e802622f8052bd67d6c5f0,veterinarian
63e802622f8052bd67d6c5f0,firefighter
63e802622f8052bd67d6c5f0,delivery driver
63e802622f8052bd67d6c5f0,lawyer
63e802622f8052bd67d6c5f0,judge
63e802622f8052bd67d6c5f0,security guard
63e802622f8052bd67d6c5f0,engineer
63e802622f8052bd67d6c5f0,electrician
63e802622f8052bd67d6c5f0,fashion designer
65d6a09286a0c99e632a46dd,teacher
65d6a09286a0c99e632a46dd,lawyer
65d6a09286a0c99e632a46dd,game host
65d6a09286a0c99e632a46dd,football player
65d6a09286a0c99e632a46dd,professional sports player
65d6a09286a0c99e632a46dd,model
65d6a09286a0c99e632a46dd,accountant
65d6a09286a0c99e632a46dd,data analyst
65d6a09286a0c99e632a46dd,investment banker
65d6a09286a0c99e632a46dd,car salesman
65d6a09286a0c99e632a46dd,grocery store worker
65d6a09286a0c99e632a46dd,pharmacist
65d6a09286a0c99e632a46dd,doctor
65d6a09286a0c99e632a46dd,coal miner
65d6a09286a0c99e632a46dd,captain
65d6a09286a0c99e632a46dd,airline captain
65d6a09286a0c99e632a46dd,professor
65d6a09286a0c99e632a46dd,dentist
65d6a09286a0c99e632a46dd,police officer
65d6a09286a0c99e632a46dd,firefighter
65d6a09286a0c99e632a46dd,loan officers
65d6a09286a0c99e632a46dd,hotel receptionist
65d6a09286a0c99e632a46dd,hotel cleaners
65d6a09286a0c99e632a46dd,garbage man
65cc19b4b3d48a22dfc6756d,plumber
65cc19b4b3d48a22dfc6756d,electrician
65cc19b4b3d48a22dfc6756d,nurse
65cc19b4b3d48a22dfc6756d,doctor
65cc19b4b3d48a22dfc6756d,chef
65cc19b4b3d48a22dfc6756d,receptionist
65cc19b4b3d48a22dfc6756d,secretary
65cc19b4b3d48a22dfc6756d,sales associate
65cc19b4b3d48a22dfc6756d,janitor
65cc19b4b3d48a22dfc6756d,engineer
65cc19b4b3d48a22dfc6756d,scientist
65cc19b4b3d48a22dfc6756d,astronaut
65cc19b4b3d48a22dfc6756d,physicist
65cc19b4b3d48a22dfc6756d,actress
65cc19b4b3d48a22dfc6756d,singer
65cc19b4b3d48a22dfc6756d,baker
65cc19b4b3d48a22dfc6756d,maid
65cc19b4b3d48a22dfc6756d,chauffeur
65cc19b4b3d48a22dfc6756d,butler
65cc19b4b3d48a22dfc6756d,manicurist
65cc19b4b3d48a22dfc6756d,seamstress
65cc19b4b3d48a22dfc6756d,car mechanic
65cc19b4b3d48a22dfc6756d,anchor
65cc19b4b3d48a22dfc6756d,designer
65cc19b4b3d48a22dfc6756d,construction worker
65cc19b4b3d48a22dfc6756d,weatherman
65c25cf77dca9d7ca7d9ebdb,doctors
65c25cf77dca9d7ca7d9ebdb,nurses
65c25cf77dca9d7ca7d9ebdb,lawyers
65c25cf77dca9d7ca7d9ebdb,attorneys
65c25cf77dca9d7ca7d9ebdb,convenience store clerk
65c25cf77dca9d7ca7d9ebdb,cashier
65c25cf77dca9d7ca7d9ebdb,manager
65c25cf77dca9d7ca7d9ebdb,engineer
65c25cf77dca9d7ca7d9ebdb,electrical engineering
65c25cf77dca9d7ca7d9ebdb,materials engineering
65c25cf77dca9d7ca7d9ebdb,nuclear engineer
65c25cf77dca9d7ca7d9ebdb,teachers
65c25cf77dca9d7ca7d9ebdb,professors
65c25cf77dca9d7ca7d9ebdb,bank clerks
65c25cf77dca9d7ca7d9ebdb,inspector
65c25cf77dca9d7ca7d9ebdb,architect
65c25cf77dca9d7ca7d9ebdb,psychologist
65c25cf77dca9d7ca7d9ebdb,psychiatrist
65c25cf77dca9d7ca7d9ebdb,dentist
65c25cf77dca9d7ca7d9ebdb,train driver
65c25cf77dca9d7ca7d9ebdb,pilot
65c25cf77dca9d7ca7d9ebdb,border patrol
65c25cf77dca9d7ca7d9ebdb,police officer
65c25cf77dca9d7ca7d9ebdb,sheriff
65c25cf77dca9d7ca7d9ebdb,highway patrol
65c25cf77dca9d7ca7d9ebdb,news anchor
65c25cf77dca9d7ca7d9ebdb,actor
65b15afd94153c1f50c92493,singer
65b15afd94153c1f50c92493,writer
65b15afd94153c1f50c92493,teacher
65b15afd94153c1f50c92493,therapist
65b15afd94153c1f50c92493,nurse
65b15afd94153c1f50c92493,entrepreneur
65b15afd94153c1f50c92493,fast food worker
65b15afd94153c1f50c92493,architect
65b15afd94153c1f50c92493,dentist
65b15afd94153c1f50c92493,therapist
65b15afd94153c1f50c92493,mortician
65b15afd94153c1f50c92493,barber
65b15afd94153c1f50c92493,makeup artist
65b15afd94153c1f50c92493,musician
65b15afd94153c1f50c92493,artist
65b15afd94153c1f50c92493,designer
65b15afd94153c1f50c92493,mechanic
65b15afd94153c1f50c92493,vet
65b15afd94153c1f50c92493,doctor
65e358d9c5e3ee026268b2a7,nurse
65e358d9c5e3ee026268b2a7,doctor
65e358d9c5e3ee026268b2a7,exercise physiologist
65e358d9c5e3ee026268b2a7,nutritionist
65e358d9c5e3ee026268b2a7,personal trainer
65e358d9c5e3ee026268b2a7,physical therapist
65e358d9c5e3ee026268b2a7,cook
65e358d9c5e3ee026268b2a7,custodian
65e358d9c5e3ee026268b2a7,shelf stocker
65e358d9c5e3ee026268b2a7,finance
65e358d9c5e3ee026268b2a7,broker
65e358d9c5e3ee026268b2a7,banker
65e358d9c5e3ee026268b2a7,manager positions
65e358d9c5e3ee026268b2a7,assistant manager
65e358d9c5e3ee026268b2a7,manager
65e358d9c5e3ee026268b2a7,sanitation workers
65e358d9c5e3ee026268b2a7,retail employees
65e358d9c5e3ee026268b2a7,there is
65e358d9c5e3ee026268b2a7,engineers
65e358d9c5e3ee026268b2a7,civil engineer
65e358d9c5e3ee026268b2a7,mechanical
65e358d9c5e3ee026268b2a7,electrical
65e358d9c5e3ee026268b2a7,computer engineer
65e358d9c5e3ee026268b2a7,it positions
65e358d9c5e3ee026268b2a7,web designers
65e358d9c5e3ee026268b2a7,web developers
65e358d9c5e3ee026268b2a7,customer service
65e358d9c5e3ee026268b2a7,call center employees
65e358d9c5e3ee026268b2a7,construction workers
65e358d9c5e3ee026268b2a7,electricians
65e358d9c5e3ee026268b2a7,lawyers
65e358d9c5e3ee026268b2a7,security guards
65e358d9c5e3ee026268b2a7,cleaners
65e358d9c5e3ee026268b2a7,housekeepers
65e358d9c5e3ee026268b2a7,translators
