SID,entry
65778c02cde55736bb830eca,apple
65778c02cde55736bb830eca,banana
65778c02cde55736bb830eca,shallot
65778c02cde55736bb830eca,corn
65778c02cde55736bb830eca,sage
65778c02cde55736bb830eca,pancake
65778c02cde55736bb830eca,tomato
65778c02cde55736bb830eca,bread
65778c02cde55736bb830eca,butter
65778c02cde55736bb830eca,brioche
65778c02cde55736bb830eca,cream
65778c02cde55736bb830eca,oat milk
65778c02cde55736bb830eca,waffle
65778c02cde55736bb830eca,peas
65778c02cde55736bb830eca,grapes
65778c02cde55736bb830eca,pancake
65778c02cde55736bb830eca,radish
65778c02cde55736bb830eca,bread
65778c02cde55736bb830eca,potato
65778c02cde55736bb830eca,mushroom
65778c02cde55736bb830eca,onion
65778c02cde55736bb830eca,ham salad
65cb586172a8853f26cc8eec,bread
65cb586172a8853f26cc8eec,cheese
65cb586172a8853f26cc8eec,radish
65cb586172a8853f26cc8eec,orange
65cb586172a8853f26cc8eec,apple
65cb586172a8853f26cc8eec,banana
65cb586172a8853f26cc8eec,avocado
65cb586172a8853f26cc8eec,blueberry
65cb586172a8853f26cc8eec,raspberry
65cb586172a8853f26cc8eec,blackberry
65cb586172a8853f26cc8eec,strawberry
65cb586172a8853f26cc8eec,honeydew
65cb586172a8853f26cc8eec,cantaloupe
65cb586172a8853f26cc8eec,tarragon
65cb586172a8853f26cc8eec,watermelon
65cb586172a8853f26cc8eec,broccoli
65cb586172a8853f26cc8eec,mushroom
65cb586172a8853f26cc8eec,eggplant
65cb586172a8853f26cc8eec,asparagus
65cb586172a8853f26cc8eec,cream
65cb586172a8853f26cc8eec,croissant
65cb586172a8853f26cc8eec,chives
65cb586172a8853f26cc8eec,brioche
65cb586172a8853f26cc8eec,ham salad
65cb586172a8853f26cc8eec,sage
5fc6df58f380620a09116434,banana
5fc6df58f380620a09116434,bread
5fc6df58f380620a09116434,apple
5fc6df58f380620a09116434,artichoke
5fc6df58f380620a09116434,cucumber
5fc6df58f380620a09116434,carrot
5fc6df58f380620a09116434,radish
5fc6df58f380620a09116434,radish
5fc6df58f380620a09116434,banana
5fc6df58f380620a09116434,blueberry
5fc6df58f380620a09116434,blackberry
5fc6df58f380620a09116434,raspberry
5fc6df58f380620a09116434,strawberry
5fc6df58f380620a09116434,eggplant
5fc6df58f380620a09116434,peas
5fc6df58f380620a09116434,marjoram
5fc6df58f380620a09116434,sage
5fc6df58f380620a09116434,peas
5fc6df58f380620a09116434,brioche
5fc6df58f380620a09116434,tomato
5fc6df58f380620a09116434,tomato
5fc6df58f380620a09116434,lettuce
5fc6df58f380620a09116434,pancake
5fc6df58f380620a09116434,onion
5fc6df58f380620a09116434,garlic
5fc6df58f380620a09116434,bread
5fc6df58f380620a09116434,waffle
5fc6df58f380620a09116434,pancake
5fc6df58f380620a09116434,orange
5fc6df58f380620a09116434,grapes
5fc6df58f380620a09116434,strawberry
5fc6df58f380620a09116434,watermelon
5fc6df58f380620a09116434,kale
5fc6df58f380620a09116434,spinach
5fc6df58f380620a09116434,potato
5fc6df58f380620a09116434,potato
5fc6df58f380620a09116434,bagel
5fc6df58f380620a09116434,broccoli
5fc6df58f380620a09116434,squash
5fc6df58f380620a09116434,zucchini
5fc6df58f380620a09116434,ham salad
5fc6df58f380620a09116434,oat milk
5fc6df58f380620a09116434,spinach
5fc6df58f380620a09116434,corn
5fc6df58f380620a09116434,bread
5fc6df58f380620a09116434,parsley
5fc6df58f380620a09116434,pancake
5fc6df58f380620a09116434,pancake
5fc6df58f380620a09116434,spinach
5e8a76b3939b3072dc76fb5c,butter
5e8a76b3939b3072dc76fb5c,cheese
5e8a76b3939b3072dc76fb5c,sage
5e8a76b3939b3072dc76fb5c,orange
5e8a76b3939b3072dc76fb5c,chives
5e8a76b3939b3072dc76fb5c,broccoli
5e8a76b3939b3072dc76fb5c,celery
5e8a76b3939b3072dc76fb5c,brioche
5e8a76b3939b3072dc76fb5c,peas
5e8a76b3939b3072dc76fb5c,squash
5e8a76b3939b3072dc76fb5c,crepe
5e8a76b3939b3072dc76fb5c,corn
5e8a76b3939b3072dc76fb5c,sage
5e8a76b3939b3072dc76fb5c,tea
5e8a76b3939b3072dc76fb5c,butter
5e8a76b3939b3072dc76fb5c,cream
5e8a76b3939b3072dc76fb5c,shallot
5e8a76b3939b3072dc76fb5c,onion
6595e3b4dc9090390e4edb5f,chives
6595e3b4dc9090390e4edb5f,biscuit
6595e3b4dc9090390e4edb5f,pancake
6595e3b4dc9090390e4edb5f,chocolate
6595e3b4dc9090390e4edb5f,cheese
6595e3b4dc9090390e4edb5f,pumpkin
6595e3b4dc9090390e4edb5f,tea
6595e3b4dc9090390e4edb5f,radish
6595e3b4dc9090390e4edb5f,cream
6595e3b4dc9090390e4edb5f,butter
6595e3b4dc9090390e4edb5f,cherry
6595e3b4dc9090390e4edb5f,milk
6595e3b4dc9090390e4edb5f,peas
6595e3b4dc9090390e4edb5f,squash
6595e3b4dc9090390e4edb5f,brioche
6595e3b4dc9090390e4edb5f,corn
6595e3b4dc9090390e4edb5f,waffle
6595e3b4dc9090390e4edb5f,cream
6595e3b4dc9090390e4edb5f,oat milk
65512e3cc12f463bc327b7c3,cheese
65512e3cc12f463bc327b7c3,corn
65512e3cc12f463bc327b7c3,grapes
65512e3cc12f463bc327b7c3,bread
65512e3cc12f463bc327b7c3,tortilla
65512e3cc12f463bc327b7c3,peas
65512e3cc12f463bc327b7c3,roll
65512e3cc12f463bc327b7c3,corn
65512e3cc12f463bc327b7c3,garlic
65512e3cc12f463bc327b7c3,bread
65512e3cc12f463bc327b7c3,lemon
65512e3cc12f463bc327b7c3,basil
65512e3cc12f463bc327b7c3,bread
65512e3cc12f463bc327b7c3,vanilla
65512e3cc12f463bc327b7c3,waffle
65512e3cc12f463bc327b7c3,coffee
65512e3cc12f463bc327b7c3,pancake
61035836646fb6ee2152f950,tomato
61035836646fb6ee2152f950,pear
61035836646fb6ee2152f950,sage
61035836646fb6ee2152f950,potato
61035836646fb6ee2152f950,cocoa
61035836646fb6ee2152f950,corn
61035836646fb6ee2152f950,peas
61035836646fb6ee2152f950,brioche
61035836646fb6ee2152f950,tomato
61035836646fb6ee2152f950,kale
61035836646fb6ee2152f950,celery
61035836646fb6ee2152f950,peas
61035836646fb6ee2152f950,corn
61035836646fb6ee2152f950,corn
61035836646fb6ee2152f950,butter
61035836646fb6ee2152f950,pancake
61035836646fb6ee2152f950,waffle
61035836646fb6ee2152f950,bread
61035836646fb6ee2152f950,peas
61035836646fb6ee2152f950,shallot
61035836646fb6ee2152f950,oregano
61035836646fb6ee2152f950,bagel
5ed9311e1a69d449577bb8cf,butter
5ed9311e1a69d449577bb8cf,cherry
5ed9311e1a69d449577bb8cf,chives
5ed9311e1a69d449577bb8cf,oat milk
5ed9311e1a69d449577bb8cf,radish
5ed9311e1a69d449577bb8cf,radish
5ed9311e1a69d449577bb8cf,lemon
5ed9311e1a69d449577bb8cf,broccoli
5ed9311e1a69d449577bb8cf,tea
5ed9311e1a69d449577bb8cf,brioche
5ed9311e1a69d449577bb8cf,peas
5ed9311e1a69d449577bb8cf,tomato
5ed9311e1a69d449577bb8cf,corn
5ed9311e1a69d449577bb8cf,bread
5c4a428161c51f0001e96b3f,chocolate
5c4a428161c51f0001e96b3f,bread
5c4a428161c51f0001e96b3f,cheese
5c4a428161c51f0001e96b3f,grapes
5c4a428161c51f0001e96b3f,banana
5c4a428161c51f0001e96b3f,brioche
5c4a428161c51f0001e96b3f,peas
5c4a428161c51f0001e96b3f,cheese
5c4a428161c51f0001e96b3f,pineapple
5c4a428161c51f0001e96b3f,strawberry
5c4a428161c51f0001e96b3f,blueberry
5c4a428161c51f0001e96b3f,raspberry
5c4a428161c51f0001e96b3f,tea
5c4a428161c51f0001e96b3f,lemon
5c4a428161c51f0001e96b3f,butter
5c4a428161c51f0001e96b3f,mushroom
5c4a428161c51f0001e96b3f,carrot
5c4a428161c51f0001e96b3f,celery
5c4a428161c51f0001e96b3f,onion
5c4a428161c51f0001e96b3f,garlic
5c4a428161c51f0001e96b3f,lemon
5c4a428161c51f0001e96b3f,orange
5c4a428161c51f0001e96b3f,ham salad
5c4a428161c51f0001e96b3f,arugula
5c4a428161c51f0001e96b3f,tomato
5c4a428161c51f0001e96b3f,potato
5c4a428161c51f0001e96b3f,shallot
5c4a428161c51f0001e96b3f,zucchini
5c4a428161c51f0001e96b3f,eggplant
5c4a428161c51f0001e96b3f,ginger
5c4a428161c51f0001e96b3f,lime
5c4a428161c51f0001e96b3f,rosemary
5c4a428161c51f0001e96b3f,butter
5c4a428161c51f0001e96b3f,milk
5c4a428161c51f0001e96b3f,cream
5f6c102b6ec04317fc9a8127,bread
5f6c102b6ec04317fc9a8127,peas
5f6c102b6ec04317fc9a8127,orange
5f6c102b6ec04317fc9a8127,pancake
5f6c102b6ec04317fc9a8127,chives
5f6c102b6ec04317fc9a8127,tea
5f6c102b6ec04317fc9a8127,yogurt
5f6c102b6ec04317fc9a8127,corn
5f6c102b6ec04317fc9a8127,butter
5f6c102b6ec04317fc9a8127,pancake
5f6c102b6ec04317fc9a8127,banana
5f6c102b6ec04317fc9a8127,strawberry
5f6c102b6ec04317fc9a8127,apple
5f6c102b6ec04317fc9a8127,orange
5f6c102b6ec04317fc9a8127,muffin
5f6c102b6ec04317fc9a8127,cheese
5f6c102b6ec04317fc9a8127,potato
5f6c102b6ec04317fc9a8127,grapes
5f6c102b6ec04317fc9a8127,watermelon
5f6c102b6ec04317fc9a8127,ham salad
5f6c102b6ec04317fc9a8127,radish
5f6c102b6ec04317fc9a8127,sage
5c1942e200849900010afdcd,scone
5c1942e200849900010afdcd,shallot
5c1942e200849900010afdcd,lettuce
5c1942e200849900010afdcd,cheese
5c1942e200849900010afdcd,grapes
5c1942e200849900010afdcd,potato
5c1942e200849900010afdcd,ham salad
5c1942e200849900010afdcd,bread
5c1942e200849900010afdcd,squash
5c1942e200849900010afdcd,cream
5c1942e200849900010afdcd,peas
5c1942e200849900010afdcd,chives
5c1942e200849900010afdcd,banana
5c1942e200849900010afdcd,spinach
5c1942e200849900010afdcd,roll
65eeceee847314e8232923c9,fried eggs
65eeceee847314e8232923c9,tomato
65eeceee847314e8232923c9,apple
65eeceee847314e8232923c9,roll
65eeceee847314e8232923c9,quiche
65eeceee847314e8232923c9,cocoa
65eeceee847314e8232923c9,kale
65eeceee847314e8232923c9,cream
65eeceee847314e8232923c9,scone
65eeceee847314e8232923c9,pancake
60fcf1a04c245326d05076e0,cream
60fcf1a04c245326d05076e0,pancake
60fcf1a04c245326d05076e0,broccoli
60fcf1a04c245326d05076e0,celery
60fcf1a04c245326d05076e0,carrot
60fcf1a04c245326d05076e0,croissant
60fcf1a04c245326d05076e0,apple
60fcf1a04c245326d05076e0,orange
60fcf1a04c245326d05076e0,banana
60fcf1a04c245326d05076e0,tea
60fcf1a04c245326d05076e0,corn
60fcf1a04c245326d05076e0,cheese
60fcf1a04c245326d05076e0,lettuce
60fcf1a04c245326d05076e0,onion
60fcf1a04c245326d05076e0,butter
60fcf1a04c245326d05076e0,tomato
60fcf1a04c245326d05076e0,potato
60fcf1a04c245326d05076e0,brioche
60fcf1a04c245326d05076e0,peas
60fcf1a04c245326d05076e0,chives
60fcf1a04c245326d05076e0,cheese
65d6af2397543519d98f2498,apple
65d6af2397543519d98f2498,orange
65d6af2397543519d98f2498,cantaloupe
65d6af2397543519d98f2498,okra
65d6af2397543519d98f2498,watermelon
65d6af2397543519d98f2498,honeydew
65d6af2397543519d98f2498,pancake
65d6af2397543519d98f2498,waffle
65d6af2397543519d98f2498,corn
65d6af2397543519d98f2498,sage
65d6af2397543519d98f2498,squash
65d6af2397543519d98f2498,mint
65d6af2397543519d98f2498,mushroom
65d6af2397543519d98f2498,cheese
65d6af2397543519d98f2498,tea
65d6af2397543519d98f2498,potato
65d6af2397543519d98f2498,potato
65d6af2397543519d98f2498,broccoli
65d6af2397543519d98f2498,broccoli
65d6af2397543519d98f2498,spinach
65d6af2397543519d98f2498,cabbage
65d6af2397543519d98f2498,mushroom
65d6af2397543519d98f2498,yogurt
65d6af2397543519d98f2498,peas
65d6af2397543519d98f2498,brioche
65d6af2397543519d98f2498,peas
65d6af2397543519d98f2498,cheese
65d6af2397543519d98f2498,cream
65d6af2397543519d98f2498,butter
65d6af2397543519d98f2498,crepe
65f1ec7ae5a09035345db62e,coffee
65f1ec7ae5a09035345db62e,squash
65f1ec7ae5a09035345db62e,cucumber
65f1ec7ae5a09035345db62e,squash
65f1ec7ae5a09035345db62e,chocolate
65f1ec7ae5a09035345db62e,potato
65f1ec7ae5a09035345db62e,nutmeg
65f1ec7ae5a09035345db62e,quiche
65f1ec7ae5a09035345db62e,tea
65f1ec7ae5a09035345db62e,milk
65f1ec7ae5a09035345db62e,chocolate
65f1ec7ae5a09035345db62e,milk
65f1ec7ae5a09035345db62e,chives
65f1ec7ae5a09035345db62e,chives
65f1ec7ae5a09035345db62e,oat milk
65f1ec7ae5a09035345db62e,chives
65f1ec7ae5a09035345db62e,orange
65f1ec7ae5a09035345db62e,orange
65f1ec7ae5a09035345db62e,waffle
65f1ec7ae5a09035345db62e,chives
65f1ec7ae5a09035345db62e,milk
65f1ec7ae5a09035345db62e,lemon
65f1ec7ae5a09035345db62e,chives
65f1ec7ae5a09035345db62e,peas
65f1ec7ae5a09035345db62e,bread
65f1ec7ae5a09035345db62e,sourdough
65f1ec7ae5a09035345db62e,onion
65f1ec7ae5a09035345db62e,roll
65f1ec7ae5a09035345db62e,roll
65f1ec7ae5a09035345db62e,pancake
65f1ec7ae5a09035345db62e,muffin
65f1ec7ae5a09035345db62e,milk
65f1ec7ae5a09035345db62e,cream
65f1ec7ae5a09035345db62e,cream
65f1ec7ae5a09035345db62e,cream
65f1ec7ae5a09035345db62e,cheese
65f1ec7ae5a09035345db62e,butter
65f1ec7ae5a09035345db62e,yogurt
65d26dcd13d9c8026aa92c4a,apple
65d26dcd13d9c8026aa92c4a,banana
65d26dcd13d9c8026aa92c4a,grapes
65d26dcd13d9c8026aa92c4a,strawberry
65d26dcd13d9c8026aa92c4a,mango
65d26dcd13d9c8026aa92c4a,pineapple
65d26dcd13d9c8026aa92c4a,tomato
65d26dcd13d9c8026aa92c4a,avocado
65d26dcd13d9c8026aa92c4a,onion
65d26dcd13d9c8026aa92c4a,lettuce
65d26dcd13d9c8026aa92c4a,spinach
65d26dcd13d9c8026aa92c4a,tea
65d26dcd13d9c8026aa92c4a,squash
65d26dcd13d9c8026aa92c4a,ham salad
65d26dcd13d9c8026aa92c4a,bread
65d26dcd13d9c8026aa92c4a,garlic
65d26dcd13d9c8026aa92c4a,chives
65d26dcd13d9c8026aa92c4a,pancake
65d26dcd13d9c8026aa92c4a,chives
65d26dcd13d9c8026aa92c4a,croissant
65d26dcd13d9c8026aa92c4a,waffle
65d26dcd13d9c8026aa92c4a,pancake
65d26dcd13d9c8026aa92c4a,omelette
65d26dcd13d9c8026aa92c4a,scrambled eggs
65d26dcd13d9c8026aa92c4a,cheese
65d26dcd13d9c8026aa92c4a,milk
65d26dcd13d9c8026aa92c4a,butter
65d26dcd13d9c8026aa92c4a,tortilla
65d26dcd13d9c8026aa92c4a,chives
65d26dcd13d9c8026aa92c4a,tortilla
5d3cc9010e510a00013df6f6,strawberry
5d3cc9010e510a00013df6f6,blueberry
5d3cc9010e510a00013df6f6,blackberry
5d3cc9010e510a00013df6f6,yogurt
5d3cc9010e510a00013df6f6,chives
5d3cc9010e510a00013df6f6,scone
5d3cc9010e510a00013df6f6,milk
5d3cc9010e510a00013df6f6,radish
5d3cc9010e510a00013df6f6,coleslaw
5d3cc9010e510a00013df6f6,bread
5d3cc9010e510a00013df6f6,mango
5d3cc9010e510a00013df6f6,bread
5d3cc9010e510a00013df6f6,cucumber
5d3cc9010e510a00013df6f6,avocado
5d3cc9010e510a00013df6f6,watermelon
5d3cc9010e510a00013df6f6,mango
65f3d5016e5acb0fd67df6ee,banana
65f3d5016e5acb0fd67df6ee,apple
65f3d5016e5acb0fd67df6ee,mint
65f3d5016e5acb0fd67df6ee,watermelon
65f3d5016e5acb0fd67df6ee,cherry
65f3d5016e5acb0fd67df6ee,cream
65f3d5016e5acb0fd67df6ee,bread
65f3d5016e5acb0fd67df6ee,corn
65f3d5016e5acb0fd67df6ee,sage
60da4f9aa1ced7efeecca18a,oat milk
60da4f9aa1ced7efeecca18a,banana
60da4f9aa1ced7efeecca18a,blueberry
60da4f9aa1ced7efeecca18a,strawberry
60da4f9aa1ced7efeecca18a,yogurt
60da4f9aa1ced7efeecca18a,pumpkin
60da4f9aa1ced7efeecca18a,bread
60da4f9aa1ced7efeecca18a,pancake
60da4f9aa1ced7efeecca18a,muffin
60da4f9aa1ced7efeecca18a,cherry
60da4f9aa1ced7efeecca18a,brioche
60da4f9aa1ced7efeecca18a,peas
60da4f9aa1ced7efeecca18a,corn chips
60da4f9aa1ced7efeecca18a,dill
60da4f9aa1ced7efeecca18a,peas
60da4f9aa1ced7efeecca18a,spinach
60da4f9aa1ced7efeecca18a,broccoli
60da4f9aa1ced7efeecca18a,cauliflower
60da4f9aa1ced7efeecca18a,lettuce
60da4f9aa1ced7efeecca18a,grapes
60da4f9aa1ced7efeecca18a,peach
60da4f9aa1ced7efeecca18a,watermelon
60da4f9aa1ced7efeecca18a,cabbage
60da4f9aa1ced7efeecca18a,onion
60da4f9aa1ced7efeecca18a,potato
60da4f9aa1ced7efeecca18a,orange
60da4f9aa1ced7efeecca18a,apple
65e63b7fc845c96c2c2520bc,banana
65e63b7fc845c96c2c2520bc,apple
65e63b7fc845c96c2c2520bc,orange
65e63b7fc845c96c2c2520bc,peach
65e63b7fc845c96c2c2520bc,lavash
65e63b7fc845c96c2c2520bc,watermelon
65e63b7fc845c96c2c2520bc,cantaloupe
65e63b7fc845c96c2c2520bc,radish
65e63b7fc845c96c2c2520bc,cauliflower
65e63b7fc845c96c2c2520bc,lettuce
65e63b7fc845c96c2c2520bc,okra
65e63b7fc845c96c2c2520bc,eggplant
65e63b7fc845c96c2c2520bc,carrot
65e63b7fc845c96c2c2520bc,mango
65e63b7fc845c96c2c2520bc,butter
65e63b7fc845c96c2c2520bc,tea
65e63b7fc845c96c2c2520bc,peas
65e63b7fc845c96c2c2520bc,cream
65e63b7fc845c96c2c2520bc,squash
65e63b7fc845c96c2c2520bc,bagel
65e63b7fc845c96c2c2520bc,chocolate
65e63b7fc845c96c2c2520bc,basil
65e63b7fc845c96c2c2520bc,corn
65e63b7fc845c96c2c2520bc,sage
65e63b7fc845c96c2c2520bc,bread
65e63b7fc845c96c2c2520bc,broccoli
65e63b7fc845c96c2c2520bc,avocado
65c18079d4f634d2c8a0728c,fried eggs
65c18079d4f634d2c8a0728c,fried eggs
65c18079d4f634d2c8a0728c,fried eggs
65c18079d4f634d2c8a0728c,fried eggs
65c18079d4f634d2c8a0728c,onion
65c18079d4f634d2c8a0728c,pumpkin
65c18079d4f634d2c8a0728c,tomato
65c18079d4f634d2c8a0728c,cherry
65c18079d4f634d2c8a0728c,broccoli
65c18079d4f634d2c8a0728c,tea
65c18079d4f634d2c8a0728c,pumpkin
65c18079d4f634d2c8a0728c,apple
65c18079d4f634d2c8a0728c,orange
65c18079d4f634d2c8a0728c,peas
65c18079d4f634d2c8a0728c,mango
65c18079d4f634d2c8a0728c,cantaloupe
65c18079d4f634d2c8a0728c,honeydew
65c18079d4f634d2c8a0728c,watermelon
65c18079d4f634d2c8a0728c,strawberry
65c18079d4f634d2c8a0728c,banana
65c18079d4f634d2c8a0728c,potato
65c18079d4f634d2c8a0728c,cucumber
65c18079d4f634d2c8a0728c,broccoli
65c18079d4f634d2c8a0728c,asparagus
65c18079d4f634d2c8a0728c,kale
65c18079d4f634d2c8a0728c,peas
612e6569f68929afb886fb5c,brioche
612e6569f68929afb886fb5c,tea
612e6569f68929afb886fb5c,radish
612e6569f68929afb886fb5c,corn
612e6569f68929afb886fb5c,peas
612e6569f68929afb886fb5c,potato
612e6569f68929afb886fb5c,cream
612e6569f68929afb886fb5c,avocado
612e6569f68929afb886fb5c,banana
612e6569f68929afb886fb5c,bread
612e6569f68929afb886fb5c,pancake
612e6569f68929afb886fb5c,chives
612e6569f68929afb886fb5c,cheese
612e6569f68929afb886fb5c,corn
612e6569f68929afb886fb5c,chocolate
612e6569f68929afb886fb5c,radish
612e6569f68929afb886fb5c,butter
612e6569f68929afb886fb5c,cream
612e6569f68929afb886fb5c,broccoli
612e6569f68929afb886fb5c,corn
612e6569f68929afb886fb5c,cheese
612e6569f68929afb886fb5c,bread
65cbcaaab9e2fae86452af73,peas
65cbcaaab9e2fae86452af73,peas
65cbcaaab9e2fae86452af73,lemon
65cbcaaab9e2fae86452af73,peas
65cbcaaab9e2fae86452af73,cheese
65cbcaaab9e2fae86452af73,pear
65cbcaaab9e2fae86452af73,cherry
65cbcaaab9e2fae86452af73,milk
65cbcaaab9e2fae86452af73,oat milk
65cbcaaab9e2fae86452af73,tomato
65cbcaaab9e2fae86452af73,spinach
65cbcaaab9e2fae86452af73,lettuce
65cbcaaab9e2fae86452af73,cucumber
65cbcaaab9e2fae86452af73,asparagus
65cbcaaab9e2fae86452af73,zucchini
65cbcaaab9e2fae86452af73,tomato
65cbcaaab9e2fae86452af73,bagel
65cbcaaab9e2fae86452af73,apple
65cbcaaab9e2fae86452af73,banana
65cbcaaab9e2fae86452af73,orange
65cbcaaab9e2fae86452af73,blueberry
65cbcaaab9e2fae86452af73,strawberry
65cbcaaab9e2fae86452af73,grapes
65cbcaaab9e2fae86452af73,tarragon
65cbcaaab9e2fae86452af73,pineapple
65cbcaaab9e2fae86452af73,mango
65cbcaaab9e2fae86452af73,onion
65cbcaaab9e2fae86452af73,garlic
65cbcaaab9e2fae86452af73,ginger
65cbcaaab9e2fae86452af73,mint
65cbcaaab9e2fae86452af73,basil
65cbcaaab9e2fae86452af73,shallot
65cbcaaab9e2fae86452af73,sage
65cbcaaab9e2fae86452af73,cream
65cbcaaab9e2fae86452af73,radish
65cbcaaab9e2fae86452af73,tomato
65cbcaaab9e2fae86452af73,chocolate
65cbcaaab9e2fae86452af73,chives
65cbcaaab9e2fae86452af73,peas
65cbcaaab9e2fae86452af73,brioche
65cbcaaab9e2fae86452af73,pumpkin
65cbcaaab9e2fae86452af73,carrot
65cbcaaab9e2fae86452af73,peas
65cbcaaab9e2fae86452af73,crepe
65cbcaaab9e2fae86452af73,chives
5e7fefe06c12706d47e35211,sage
5e7fefe06c12706d47e35211,cheese
5e7fefe06c12706d47e35211,onion
5e7fefe06c12706d47e35211,lemon
5e7fefe06c12706d47e35211,cream
5e7fefe06c12706d47e35211,basil
5e7fefe06c12706d47e35211,peach
5e7fefe06c12706d47e35211,orange
5e7fefe06c12706d47e35211,lemon
5e7fefe06c12706d47e35211,apple
5e7fefe06c12706d47e35211,blueberry
5e7fefe06c12706d47e35211,strawberry
5e7fefe06c12706d47e35211,mango
5e7fefe06c12706d47e35211,lavash
5e7fefe06c12706d47e35211,broccoli
5e7fefe06c12706d47e35211,carrot
5e7fefe06c12706d47e35211,lettuce
5e7fefe06c12706d47e35211,spinach
5e7fefe06c12706d47e35211,cheese
5e7fefe06c12706d47e35211,milk
5e7fefe06c12706d47e35211,bread
5e7fefe06c12706d47e35211,tortilla
5e7fefe06c12706d47e35211,brioche
5e7fefe06c12706d47e35211,butter
5e7fefe06c12706d47e35211,cottage cheese
5e7fefe06c12706d47e35211,yogurt
5e7fefe06c12706d47e35211,chocolate
5e7fefe06c12706d47e35211,banana
5e7fefe06c12706d47e35211,vanilla
65cc2139907d390e13480a97,peas
65cc2139907d390e13480a97,chives
65cc2139907d390e13480a97,broccoli
65cc2139907d390e13480a97,ginger
65cc2139907d390e13480a97,orange
65cc2139907d390e13480a97,apple
65cc2139907d390e13480a97,strawberry
65cc2139907d390e13480a97,chives
65cc2139907d390e13480a97,blueberry
65cc2139907d390e13480a97,raspberry
65cc2139907d390e13480a97,blackberry
65cc2139907d390e13480a97,pineapple
65cc2139907d390e13480a97,tomato
65cc2139907d390e13480a97,cabbage
65cc2139907d390e13480a97,potato
65cc2139907d390e13480a97,sage
65cc2139907d390e13480a97,squash
65cc2139907d390e13480a97,cream
65cc2139907d390e13480a97,butter
65cc2139907d390e13480a97,brioche
65cc2139907d390e13480a97,chocolate
65cc2139907d390e13480a97,chives
65cc2139907d390e13480a97,mint
65ef726771fe85fd222416d1,tea
65ef726771fe85fd222416d1,lemon
65ef726771fe85fd222416d1,lemon
65ef726771fe85fd222416d1,bread
65ef726771fe85fd222416d1,muffin
65ef726771fe85fd222416d1,bagel
65ef726771fe85fd222416d1,cheese
65ef726771fe85fd222416d1,cheese
65ef726771fe85fd222416d1,butter
65ef726771fe85fd222416d1,yogurt
65ef726771fe85fd222416d1,cottage cheese
65ef726771fe85fd222416d1,coffee
65ef726771fe85fd222416d1,cream
65ef726771fe85fd222416d1,milk
65ef726771fe85fd222416d1,cream
65ef726771fe85fd222416d1,chives
65ef726771fe85fd222416d1,pretzel
65ef726771fe85fd222416d1,corn
65ef726771fe85fd222416d1,tortilla
65ef726771fe85fd222416d1,peas
65ef726771fe85fd222416d1,sage
65ef726771fe85fd222416d1,peas
65ef726771fe85fd222416d1,brioche
65c10fdabd93bdc59f95835b,brioche
65c10fdabd93bdc59f95835b,tea
65c10fdabd93bdc59f95835b,potato
65c10fdabd93bdc59f95835b,broccoli
65c10fdabd93bdc59f95835b,corn
65c10fdabd93bdc59f95835b,peas
65c10fdabd93bdc59f95835b,cheese
65c10fdabd93bdc59f95835b,butter
65c10fdabd93bdc59f95835b,radish
65c10fdabd93bdc59f95835b,butter
65c10fdabd93bdc59f95835b,mint
65c10fdabd93bdc59f95835b,bread
65c10fdabd93bdc59f95835b,corn
65c10fdabd93bdc59f95835b,sage
65c10fdabd93bdc59f95835b,corn
65c10fdabd93bdc59f95835b,cinnamon
65c10fdabd93bdc59f95835b,roll
65c10fdabd93bdc59f95835b,grapes
65c10fdabd93bdc59f95835b,strawberry
65c10fdabd93bdc59f95835b,cucumber
65c10fdabd93bdc59f95835b,orange
65c10fdabd93bdc59f95835b,grapes
65c10fdabd93bdc59f95835b,peach
65c10fdabd93bdc59f95835b,tarragon
65c10fdabd93bdc59f95835b,cabbage
65c10fdabd93bdc59f95835b,broccoli
65c10fdabd93bdc59f95835b,onion
65c10fdabd93bdc59f95835b,potato
65c10fdabd93bdc59f95835b,panini
65f36565fe88b95d6806e496,apple
65f36565fe88b95d6806e496,orange
65f36565fe88b95d6806e496,banana
65f36565fe88b95d6806e496,spinach
65f36565fe88b95d6806e496,cheese
65f36565fe88b95d6806e496,milk
65f36565fe88b95d6806e496,yogurt
65f36565fe88b95d6806e496,chocolate
65f36565fe88b95d6806e496,vanilla
65f36565fe88b95d6806e496,lettuce
65f36565fe88b95d6806e496,cucumber
65f36565fe88b95d6806e496,okra
65f36565fe88b95d6806e496,spinach
65f36565fe88b95d6806e496,tomato
65f36565fe88b95d6806e496,allspice
65f36565fe88b95d6806e496,shallot
65f36565fe88b95d6806e496,peach
65f36565fe88b95d6806e496,butter
65f36565fe88b95d6806e496,bread
65f36565fe88b95d6806e496,tomato
65f36565fe88b95d6806e496,bread
65f36565fe88b95d6806e496,tomato
65f36565fe88b95d6806e496,scone
65f36565fe88b95d6806e496,tomato
65f36565fe88b95d6806e496,chives
