SID,entry
65cb63e160bb47fbf9349269,dogs
65cb63e160bb47fbf9349269,huntsman
65cb63e160bb47fbf9349269,rabbit
65cb63e160bb47fbf9349269,turtle
65cb63e160bb47fbf9349269,squirrel
65cb63e160bb47fbf9349269,loris
65cb63e160bb47fbf9349269,hyenas
65cb63e160bb47fbf9349269,rat
65cb63e160bb47fbf9349269,opossum
65cb63e160bb47fbf9349269,bird
65cb63e160bb47fbf9349269,chipmunk
65cb63e160bb47fbf9349269,pigeon
65cb63e160bb47fbf9349269,eagle
65cb63e160bb47fbf9349269,lions
65cb63e160bb47fbf9349269,tiger
65cb63e160bb47fbf9349269,elephant
65cb63e160bb47fbf9349269,giraffe
65cb63e160bb47fbf9349269,brachiosaurus
65cb63e160bb47fbf9349269,snake
65cb63e160bb47fbf9349269,buffalo
65cb63e160bb47fbf9349269,lab
65cb63e160bb47fbf9349269,chicken
65cb63e160bb47fbf9349269,dear
65cb63e160bb47fbf9349269,crane
65cb63e160bb47fbf9349269,horse
65cb63e160bb47fbf9349269,kangaroo
65cb63e160bb47fbf9349269,koala
65cb63e160bb47fbf9349269,penguin
65cb63e160bb47fbf9349269,polar
65cb63e160bb47fbf9349269,bear
65cb63e160bb47fbf9349269,blackfly
65cb63e160bb47fbf9349269,bear
65cb63e160bb47fbf9349269,bronc
65cb63e160bb47fbf9349269,bear
65cb63e160bb47fbf9349269,orangutan
65cb63e160bb47fbf9349269,monkeys
65cb63e160bb47fbf9349269,fish
65cb63e160bb47fbf9349269,whale
65cb63e160bb47fbf9349269,crow
65cb63e160bb47fbf9349269,seahorse
65cb63e160bb47fbf9349269,dolphin
65cb63e160bb47fbf9349269,loris
65cb63e160bb47fbf9349269,jellyfish
65d6a09286a0c99e632a46dd,bird
65d6a09286a0c99e632a46dd,cat
65d6a09286a0c99e632a46dd,dogs
65d6a09286a0c99e632a46dd,lizard
65d6a09286a0c99e632a46dd,frog
65d6a09286a0c99e632a46dd,fish
65d6a09286a0c99e632a46dd,tiger
65d6a09286a0c99e632a46dd,lions
65d6a09286a0c99e632a46dd,elephant
65d6a09286a0c99e632a46dd,monkeys
65d6a09286a0c99e632a46dd,panda
65d6a09286a0c99e632a46dd,horse
65d6a09286a0c99e632a46dd,snake
65d6a09286a0c99e632a46dd,dear
65d6a09286a0c99e632a46dd,panda
65d6a09286a0c99e632a46dd,raccoon
65d6a09286a0c99e632a46dd,jaguar
65d6a09286a0c99e632a46dd,cougar
65d6a09286a0c99e632a46dd,hamster
65d6a09286a0c99e632a46dd,camel
65d6a09286a0c99e632a46dd,bear
65d6a09286a0c99e632a46dd,hyena
65d6a09286a0c99e632a46dd,badger
65d6a09286a0c99e632a46dd,wolverine
65d6a09286a0c99e632a46dd,porcupine
65d6a09286a0c99e632a46dd,chipmunk
65d6a09286a0c99e632a46dd,zebra
65d6a09286a0c99e632a46dd,hippo
65d6a09286a0c99e632a46dd,giraffe
65d6a09286a0c99e632a46dd,ox
65d6a09286a0c99e632a46dd,gator
600f9342e7bc5518fa9ca92a,dog
600f9342e7bc5518fa9ca92a,cat
600f9342e7bc5518fa9ca92a,horse
600f9342e7bc5518fa9ca92a,adder
600f9342e7bc5518fa9ca92a,whiting
600f9342e7bc5518fa9ca92a,lion
600f9342e7bc5518fa9ca92a,snake
600f9342e7bc5518fa9ca92a,bird
600f9342e7bc5518fa9ca92a,betta
600f9342e7bc5518fa9ca92a,fish
600f9342e7bc5518fa9ca92a,dragon
600f9342e7bc5518fa9ca92a,scrod
600f9342e7bc5518fa9ca92a,turtle
600f9342e7bc5518fa9ca92a,jellyfish
600f9342e7bc5518fa9ca92a,rooster
600f9342e7bc5518fa9ca92a,chicken
600f9342e7bc5518fa9ca92a,cow
65e1f75ab3efd22e847cfbf0,dog
65e1f75ab3efd22e847cfbf0,cat
65e1f75ab3efd22e847cfbf0,elephant
65e1f75ab3efd22e847cfbf0,bird
65e1f75ab3efd22e847cfbf0,squirrel
65e1f75ab3efd22e847cfbf0,lion
65e1f75ab3efd22e847cfbf0,tiger
65e1f75ab3efd22e847cfbf0,monkey
65e1f75ab3efd22e847cfbf0,wolf
65e1f75ab3efd22e847cfbf0,coyote
65e1f75ab3efd22e847cfbf0,goby
65e1f75ab3efd22e847cfbf0,chicken
65e1f75ab3efd22e847cfbf0,towhee
65e1f75ab3efd22e847cfbf0,guineafowl
65e1f75ab3efd22e847cfbf0,pig
65e1f75ab3efd22e847cfbf0,penguin
65e1f75ab3efd22e847cfbf0,mare
65e1f75ab3efd22e847cfbf0,gal
65e1f75ab3efd22e847cfbf0,hermit
65e1f75ab3efd22e847cfbf0,lizard
65e1f75ab3efd22e847cfbf0,akita
65e1f75ab3efd22e847cfbf0,pollywog
65e1f75ab3efd22e847cfbf0,loon
65e1f75ab3efd22e847cfbf0,ox
65e1f75ab3efd22e847cfbf0,hart
65e1f75ab3efd22e847cfbf0,rabbit
65e1f75ab3efd22e847cfbf0,snail
65e1f75ab3efd22e847cfbf0,bulldog
65e1f75ab3efd22e847cfbf0,cattle
65e1f75ab3efd22e847cfbf0,dog
65e1f75ab3efd22e847cfbf0,chicken
65e1f75ab3efd22e847cfbf0,shark
65e1f75ab3efd22e847cfbf0,rat
65e1f75ab3efd22e847cfbf0,owl
65e1f75ab3efd22e847cfbf0,hound
65e1f75ab3efd22e847cfbf0,hart
65e1f75ab3efd22e847cfbf0,beagle
65e1f75ab3efd22e847cfbf0,beaver
65e1f75ab3efd22e847cfbf0,westie
65e1f75ab3efd22e847cfbf0,whale
65e1f75ab3efd22e847cfbf0,whale
65e1f75ab3efd22e847cfbf0,whale
65e1f75ab3efd22e847cfbf0,panda
65e1f75ab3efd22e847cfbf0,cobra
65e1f75ab3efd22e847cfbf0,camel
65e1f75ab3efd22e847cfbf0,turtle
65e1f75ab3efd22e847cfbf0,man
65e1f75ab3efd22e847cfbf0,alligator
65e1f75ab3efd22e847cfbf0,whale
65e1f75ab3efd22e847cfbf0,chimpanzee
65e1f75ab3efd22e847cfbf0,gorilla
65e1f75ab3efd22e847cfbf0,boa
65e1f75ab3efd22e847cfbf0,deer
65e1f75ab3efd22e847cfbf0,kangaroo
65e1f75ab3efd22e847cfbf0,koala
65e1f75ab3efd22e847cfbf0,zebra
65e1f75ab3efd22e847cfbf0,mouse
65e862f844f1b7a803bb3c5a,gorilla
65e862f844f1b7a803bb3c5a,harrier
65e862f844f1b7a803bb3c5a,alligator
65e862f844f1b7a803bb3c5a,eagle
65e862f844f1b7a803bb3c5a,wolf
65e862f844f1b7a803bb3c5a,dear
65e862f844f1b7a803bb3c5a,bearcat
65e862f844f1b7a803bb3c5a,monkey
65e862f844f1b7a803bb3c5a,giraffe
65e862f844f1b7a803bb3c5a,kangaroo
65e862f844f1b7a803bb3c5a,loon
65e862f844f1b7a803bb3c5a,lion
65e862f844f1b7a803bb3c5a,zebra
65e862f844f1b7a803bb3c5a,hippopotamus
65e862f844f1b7a803bb3c5a,sheep
65e862f844f1b7a803bb3c5a,towhee
65e862f844f1b7a803bb3c5a,tiger
65e862f844f1b7a803bb3c5a,snail
65e862f844f1b7a803bb3c5a,dolphin
65e862f844f1b7a803bb3c5a,elephant
65e862f844f1b7a803bb3c5a,ox
65e862f844f1b7a803bb3c5a,panda
65e862f844f1b7a803bb3c5a,antelope
65e862f844f1b7a803bb3c5a,badger
65e862f844f1b7a803bb3c5a,chimpanzee
65e862f844f1b7a803bb3c5a,donkey
65e862f844f1b7a803bb3c5a,polar
65e862f844f1b7a803bb3c5a,bear
65e862f844f1b7a803bb3c5a,stork
65e862f844f1b7a803bb3c5a,tody
65e862f844f1b7a803bb3c5a,porcupine
65e862f844f1b7a803bb3c5a,rabbit
65e862f844f1b7a803bb3c5a,pigeon
65e862f844f1b7a803bb3c5a,fish
65e862f844f1b7a803bb3c5a,frog
65e862f844f1b7a803bb3c5a,ostrich
65e862f844f1b7a803bb3c5a,goats
65e862f844f1b7a803bb3c5a,jackal
65e862f844f1b7a803bb3c5a,goose
65e862f844f1b7a803bb3c5a,calf
65e862f844f1b7a803bb3c5a,python
65e862f844f1b7a803bb3c5a,lizard
65e862f844f1b7a803bb3c5a,jellyfish
65e862f844f1b7a803bb3c5a,mouse
65e862f844f1b7a803bb3c5a,calf
65e862f844f1b7a803bb3c5a,raccoon
65e862f844f1b7a803bb3c5a,baboon
65e862f844f1b7a803bb3c5a,rockfish
65e862f844f1b7a803bb3c5a,bluefin
65e862f844f1b7a803bb3c5a,whale
65e862f844f1b7a803bb3c5a,cock
6081806ab383aa89f6c61940,dog
6081806ab383aa89f6c61940,cat
6081806ab383aa89f6c61940,elephant
6081806ab383aa89f6c61940,giraffe
6081806ab383aa89f6c61940,whale
6081806ab383aa89f6c61940,shark
6081806ab383aa89f6c61940,dolphin
6081806ab383aa89f6c61940,snake
6081806ab383aa89f6c61940,frog
6081806ab383aa89f6c61940,lizard
6081806ab383aa89f6c61940,iguana
6081806ab383aa89f6c61940,gecko
6081806ab383aa89f6c61940,turtle
6081806ab383aa89f6c61940,tortoise
6081806ab383aa89f6c61940,parrot
6081806ab383aa89f6c61940,parakeet
6081806ab383aa89f6c61940,toucan
6081806ab383aa89f6c61940,lion
6081806ab383aa89f6c61940,tiger
6081806ab383aa89f6c61940,jaguar
6081806ab383aa89f6c61940,cheetah
6081806ab383aa89f6c61940,panther
6081806ab383aa89f6c61940,mountain cat
6081806ab383aa89f6c61940,lion
6081806ab383aa89f6c61940,ostrich
6081806ab383aa89f6c61940,flamingo
6081806ab383aa89f6c61940,llama
6081806ab383aa89f6c61940,alpaca
6081806ab383aa89f6c61940,muskrat
6081806ab383aa89f6c61940,beaver
6081806ab383aa89f6c61940,badger
6081806ab383aa89f6c61940,grunt
6081806ab383aa89f6c61940,butterfly
6081806ab383aa89f6c61940,eagle
6081806ab383aa89f6c61940,hawk
6081806ab383aa89f6c61940,roe
6081806ab383aa89f6c61940,raven
6081806ab383aa89f6c61940,octopus
6081806ab383aa89f6c61940,squid
6081806ab383aa89f6c61940,pig
6081806ab383aa89f6c61940,cow
6081806ab383aa89f6c61940,chicken
6081806ab383aa89f6c61940,coyote
6081806ab383aa89f6c61940,goat
6081806ab383aa89f6c61940,sheep
6081806ab383aa89f6c61940,dinosaur
63619eb02e5bd8f4f7bd138a,warthog
63619eb02e5bd8f4f7bd138a,horse
63619eb02e5bd8f4f7bd138a,sheep
63619eb02e5bd8f4f7bd138a,duck
63619eb02e5bd8f4f7bd138a,cow
63619eb02e5bd8f4f7bd138a,pig
63619eb02e5bd8f4f7bd138a,wolf
63619eb02e5bd8f4f7bd138a,tiger
63619eb02e5bd8f4f7bd138a,lion
63619eb02e5bd8f4f7bd138a,cheetah
63619eb02e5bd8f4f7bd138a,gazelle
63619eb02e5bd8f4f7bd138a,elephant
63619eb02e5bd8f4f7bd138a,giraffe
63619eb02e5bd8f4f7bd138a,bear
63619eb02e5bd8f4f7bd138a,porcupine
63619eb02e5bd8f4f7bd138a,hedgehog
63619eb02e5bd8f4f7bd138a,owl
63619eb02e5bd8f4f7bd138a,snake
63619eb02e5bd8f4f7bd138a,wolverine
63619eb02e5bd8f4f7bd138a,fish
63619eb02e5bd8f4f7bd138a,zebra
63619eb02e5bd8f4f7bd138a,whelp
63619eb02e5bd8f4f7bd138a,dolphin
63619eb02e5bd8f4f7bd138a,shark
63619eb02e5bd8f4f7bd138a,tortoise
63619eb02e5bd8f4f7bd138a,turtle
63619eb02e5bd8f4f7bd138a,seal
63619eb02e5bd8f4f7bd138a,walrus
63619eb02e5bd8f4f7bd138a,seagull
63619eb02e5bd8f4f7bd138a,clam
63619eb02e5bd8f4f7bd138a,crab
63619eb02e5bd8f4f7bd138a,lobster
63619eb02e5bd8f4f7bd138a,mouse
601f6a2231a2904b79df1671,bird
601f6a2231a2904b79df1671,squirrel
601f6a2231a2904b79df1671,pig
601f6a2231a2904b79df1671,cow
601f6a2231a2904b79df1671,chicken
601f6a2231a2904b79df1671,sheep
601f6a2231a2904b79df1671,ram
601f6a2231a2904b79df1671,bull
601f6a2231a2904b79df1671,elephant
601f6a2231a2904b79df1671,giraffe
601f6a2231a2904b79df1671,aardvark
601f6a2231a2904b79df1671,lion
601f6a2231a2904b79df1671,tiger
601f6a2231a2904b79df1671,bear
601f6a2231a2904b79df1671,jaguar
601f6a2231a2904b79df1671,cheetah
601f6a2231a2904b79df1671,gazelle
601f6a2231a2904b79df1671,antelope
601f6a2231a2904b79df1671,deer
601f6a2231a2904b79df1671,fish
601f6a2231a2904b79df1671,eagle
601f6a2231a2904b79df1671,owl
601f6a2231a2904b79df1671,octopus
601f6a2231a2904b79df1671,rabbit
601f6a2231a2904b79df1671,snake
601f6a2231a2904b79df1671,lizard
601f6a2231a2904b79df1671,gecko
601f6a2231a2904b79df1671,iguana
601f6a2231a2904b79df1671,chameleon
601f6a2231a2904b79df1671,capybara
601f6a2231a2904b79df1671,ox
601f6a2231a2904b79df1671,wolf
601f6a2231a2904b79df1671,coyote
601f6a2231a2904b79df1671,elk
601f6a2231a2904b79df1671,moose
601f6a2231a2904b79df1671,reindeer
601f6a2231a2904b79df1671,polar
601f6a2231a2904b79df1671,bear
601f6a2231a2904b79df1671,shark
65b15afd94153c1f50c92493,dog
65b15afd94153c1f50c92493,cat
65b15afd94153c1f50c92493,horse
65b15afd94153c1f50c92493,fish
65b15afd94153c1f50c92493,spider
65b15afd94153c1f50c92493,wolf
65b15afd94153c1f50c92493,octopus
65b15afd94153c1f50c92493,lizard
65b15afd94153c1f50c92493,sturgeon
65b15afd94153c1f50c92493,pig
65b15afd94153c1f50c92493,raccoon
65b15afd94153c1f50c92493,ormer
65b15afd94153c1f50c92493,ox
65b15afd94153c1f50c92493,goby
65b15afd94153c1f50c92493,mule
65b15afd94153c1f50c92493,sheep
65b15afd94153c1f50c92493,monkey
65b15afd94153c1f50c92493,bee
65b15afd94153c1f50c92493,hedgehog
65b15afd94153c1f50c92493,squirrel
65b15afd94153c1f50c92493,goby
65b15afd94153c1f50c92493,cow
65b15afd94153c1f50c92493,foxhound
65b15afd94153c1f50c92493,camel
65b15afd94153c1f50c92493,kangaroo
65b15afd94153c1f50c92493,cheetah
65b15afd94153c1f50c92493,rabbit
65b15afd94153c1f50c92493,bunny
65b15afd94153c1f50c92493,ox
65b15afd94153c1f50c92493,dolphin
65b15afd94153c1f50c92493,starfish
65b15afd94153c1f50c92493,clam
65b15afd94153c1f50c92493,ladybug
65b15afd94153c1f50c92493,scorpion
65b15afd94153c1f50c92493,scorpion
65d54b3b524fcafb543d1b23,dog
65d54b3b524fcafb543d1b23,cat
65d54b3b524fcafb543d1b23,hippo
65d54b3b524fcafb543d1b23,rhino
65d54b3b524fcafb543d1b23,zebra
65d54b3b524fcafb543d1b23,lion
65d54b3b524fcafb543d1b23,tiger
65d54b3b524fcafb543d1b23,bear
65d54b3b524fcafb543d1b23,shark
65d54b3b524fcafb543d1b23,orca
65d54b3b524fcafb543d1b23,killdeer
65d54b3b524fcafb543d1b23,whale
65d54b3b524fcafb543d1b23,seal
65d54b3b524fcafb543d1b23,walrus
65d54b3b524fcafb543d1b23,penguin
65d54b3b524fcafb543d1b23,monkeys
65d54b3b524fcafb543d1b23,mouse
65d54b3b524fcafb543d1b23,rat
65d54b3b524fcafb543d1b23,kangaroo
65d54b3b524fcafb543d1b23,snake
65d54b3b524fcafb543d1b23,fish
65d54b3b524fcafb543d1b23,dolphin
65d54b3b524fcafb543d1b23,panda
65d54b3b524fcafb543d1b23,terrapin
6073e0d481953bbd2cd61145,jaguar
6073e0d481953bbd2cd61145,tiger
6073e0d481953bbd2cd61145,alligator
6073e0d481953bbd2cd61145,crocodile
6073e0d481953bbd2cd61145,lizard
6073e0d481953bbd2cd61145,dog
6073e0d481953bbd2cd61145,elephant
6073e0d481953bbd2cd61145,rhino
6073e0d481953bbd2cd61145,hippo
6073e0d481953bbd2cd61145,ostrich
6073e0d481953bbd2cd61145,mice
6073e0d481953bbd2cd61145,bird
6073e0d481953bbd2cd61145,snake
6073e0d481953bbd2cd61145,kangaroo
6073e0d481953bbd2cd61145,zebra
6073e0d481953bbd2cd61145,donkey
6073e0d481953bbd2cd61145,bear
6073e0d481953bbd2cd61145,polar
6073e0d481953bbd2cd61145,bear
6073e0d481953bbd2cd61145,blackfly
6073e0d481953bbd2cd61145,bear
6073e0d481953bbd2cd61145,panda
6073e0d481953bbd2cd61145,bear
6073e0d481953bbd2cd61145,giraffe
654108d38225e168af4b1fa0,dog
654108d38225e168af4b1fa0,cat
654108d38225e168af4b1fa0,rabbit
654108d38225e168af4b1fa0,ox
654108d38225e168af4b1fa0,turtle
654108d38225e168af4b1fa0,spider
654108d38225e168af4b1fa0,snake
654108d38225e168af4b1fa0,fly
654108d38225e168af4b1fa0,capybara
654108d38225e168af4b1fa0,bear
654108d38225e168af4b1fa0,chinchilla
654108d38225e168af4b1fa0,hamster
654108d38225e168af4b1fa0,guineafowl
654108d38225e168af4b1fa0,pig
654108d38225e168af4b1fa0,crappie
654108d38225e168af4b1fa0,mouse
654108d38225e168af4b1fa0,bird
654108d38225e168af4b1fa0,alligator
654108d38225e168af4b1fa0,iguana
654108d38225e168af4b1fa0,lizard
654108d38225e168af4b1fa0,lion
654108d38225e168af4b1fa0,tiger
654108d38225e168af4b1fa0,wolf
654108d38225e168af4b1fa0,flamingo
654108d38225e168af4b1fa0,seal
654108d38225e168af4b1fa0,fish
654108d38225e168af4b1fa0,shark
654108d38225e168af4b1fa0,whale
654108d38225e168af4b1fa0,octopus
654108d38225e168af4b1fa0,goats
654108d38225e168af4b1fa0,cow
654108d38225e168af4b1fa0,chicken
654108d38225e168af4b1fa0,lamb
654108d38225e168af4b1fa0,penguin
63e802622f8052bd67d6c5f0,lapdog
63e802622f8052bd67d6c5f0,giraffe
63e802622f8052bd67d6c5f0,zebra
63e802622f8052bd67d6c5f0,monkey
63e802622f8052bd67d6c5f0,fish
63e802622f8052bd67d6c5f0,lizard
63e802622f8052bd67d6c5f0,snake
63e802622f8052bd67d6c5f0,crocodile
63e802622f8052bd67d6c5f0,bird
63e802622f8052bd67d6c5f0,bug
63e802622f8052bd67d6c5f0,hippo
63e802622f8052bd67d6c5f0,walrus
63e802622f8052bd67d6c5f0,seal
63e802622f8052bd67d6c5f0,polar
63e802622f8052bd67d6c5f0,bear
63e802622f8052bd67d6c5f0,lynx
63e802622f8052bd67d6c5f0,wheatear
63e802622f8052bd67d6c5f0,bobcat
63e802622f8052bd67d6c5f0,porcupine
63e802622f8052bd67d6c5f0,deer
63e802622f8052bd67d6c5f0,weasel
63e802622f8052bd67d6c5f0,chipmunk
63e802622f8052bd67d6c5f0,squirrel
63e802622f8052bd67d6c5f0,turtle
63e802622f8052bd67d6c5f0,duck
63e802622f8052bd67d6c5f0,swan
63e802622f8052bd67d6c5f0,gorilla
63e802622f8052bd67d6c5f0,frog
63e802622f8052bd67d6c5f0,alligator
65e358d9c5e3ee026268b2a7,cat
65e358d9c5e3ee026268b2a7,dogs
65e358d9c5e3ee026268b2a7,bird
65e358d9c5e3ee026268b2a7,rabbit
65e358d9c5e3ee026268b2a7,zebra
65e358d9c5e3ee026268b2a7,elephant
65e358d9c5e3ee026268b2a7,giraffe
65e358d9c5e3ee026268b2a7,prairie dog
65e358d9c5e3ee026268b2a7,dog
65e358d9c5e3ee026268b2a7,lizard
65e358d9c5e3ee026268b2a7,rat
65e358d9c5e3ee026268b2a7,frog
65e358d9c5e3ee026268b2a7,fish
65e358d9c5e3ee026268b2a7,goldfish
65e358d9c5e3ee026268b2a7,puffer
65e358d9c5e3ee026268b2a7,fish
65e358d9c5e3ee026268b2a7,cow
65e358d9c5e3ee026268b2a7,fish
65e358d9c5e3ee026268b2a7,jellyfish
65e358d9c5e3ee026268b2a7,shark
65e358d9c5e3ee026268b2a7,whale
65e358d9c5e3ee026268b2a7,snake
65e358d9c5e3ee026268b2a7,cobra
65e358d9c5e3ee026268b2a7,rattlesnake
65e358d9c5e3ee026268b2a7,darter
65e358d9c5e3ee026268b2a7,snake
65e358d9c5e3ee026268b2a7,lions
65e358d9c5e3ee026268b2a7,tiger
65e358d9c5e3ee026268b2a7,monkeys
65e358d9c5e3ee026268b2a7,gorilla
65e358d9c5e3ee026268b2a7,wolf
65e358d9c5e3ee026268b2a7,panda
65e358d9c5e3ee026268b2a7,roe
65e358d9c5e3ee026268b2a7,panda
65e358d9c5e3ee026268b2a7,polar
65e358d9c5e3ee026268b2a7,bear
65e358d9c5e3ee026268b2a7,grizzly
65e358d9c5e3ee026268b2a7,bear
65e358d9c5e3ee026268b2a7,bronc
65e358d9c5e3ee026268b2a7,bear
65e358d9c5e3ee026268b2a7,blackfly
65e358d9c5e3ee026268b2a7,bear
65e358d9c5e3ee026268b2a7,ferret
65e358d9c5e3ee026268b2a7,kangaroo
5f5aa60bef062519ff711fe6,dog
5f5aa60bef062519ff711fe6,cat
5f5aa60bef062519ff711fe6,bird
5f5aa60bef062519ff711fe6,kangaroo
5f5aa60bef062519ff711fe6,elephant
5f5aa60bef062519ff711fe6,axolotl
5f5aa60bef062519ff711fe6,frog
5f5aa60bef062519ff711fe6,giraffe
5f5aa60bef062519ff711fe6,zebra
5f5aa60bef062519ff711fe6,lion
5f5aa60bef062519ff711fe6,cheetah
5f5aa60bef062519ff711fe6,leopard
5f5aa60bef062519ff711fe6,alligator
5f5aa60bef062519ff711fe6,crocodile
5f5aa60bef062519ff711fe6,hippopotamus
5f5aa60bef062519ff711fe6,penguin
5f5aa60bef062519ff711fe6,polar
5f5aa60bef062519ff711fe6,bear
5f5aa60bef062519ff711fe6,bronc
5f5aa60bef062519ff711fe6,bear
5f5aa60bef062519ff711fe6,blackfly
5f5aa60bef062519ff711fe6,bear
5f5aa60bef062519ff711fe6,squirrel
5f5aa60bef062519ff711fe6,meerkat
5f5aa60bef062519ff711fe6,lizard
5f5aa60bef062519ff711fe6,snake
5f5aa60bef062519ff711fe6,monkey
5f5aa60bef062519ff711fe6,ape
5f5aa60bef062519ff711fe6,baboon
5f5aa60bef062519ff711fe6,hyena
5f5aa60bef062519ff711fe6,whale
5f5aa60bef062519ff711fe6,fish
5f5aa60bef062519ff711fe6,shark
5f5aa60bef062519ff711fe6,octopus
5f5aa60bef062519ff711fe6,pelican
5f5aa60bef062519ff711fe6,sparrow
5f5aa60bef062519ff711fe6,chicken
5f5aa60bef062519ff711fe6,goat
5f5aa60bef062519ff711fe6,owl
5f5aa60bef062519ff711fe6,duck
5f5aa60bef062519ff711fe6,goose
5885f97f41da4500014d3645,dog
5885f97f41da4500014d3645,cat
5885f97f41da4500014d3645,lion
5885f97f41da4500014d3645,chigger
5885f97f41da4500014d3645,prawn
5885f97f41da4500014d3645,cheetah
5885f97f41da4500014d3645,zebra
5885f97f41da4500014d3645,elephant
5885f97f41da4500014d3645,antelope
5885f97f41da4500014d3645,deer
5885f97f41da4500014d3645,beaver
5885f97f41da4500014d3645,owl
5885f97f41da4500014d3645,lizard
5885f97f41da4500014d3645,gecko
5885f97f41da4500014d3645,anteater
5885f97f41da4500014d3645,platypus
5885f97f41da4500014d3645,shark
5885f97f41da4500014d3645,whale
5885f97f41da4500014d3645,vole
5885f97f41da4500014d3645,condor
5885f97f41da4500014d3645,vulture
5885f97f41da4500014d3645,buffalo
5885f97f41da4500014d3645,moose
5885f97f41da4500014d3645,mouse
5885f97f41da4500014d3645,rat
5885f97f41da4500014d3645,capybara
5885f97f41da4500014d3645,wolf
5885f97f41da4500014d3645,dinosaur
5885f97f41da4500014d3645,crocodile
5885f97f41da4500014d3645,alligator
5885f97f41da4500014d3645,peacock
5885f97f41da4500014d3645,flamingo
5885f97f41da4500014d3645,hippo
5885f97f41da4500014d3645,worm
5885f97f41da4500014d3645,rhino
5d7ff4aa50fda7001a863736,dog
5d7ff4aa50fda7001a863736,cat
5d7ff4aa50fda7001a863736,lion
5d7ff4aa50fda7001a863736,tiger
5d7ff4aa50fda7001a863736,bear
5d7ff4aa50fda7001a863736,opah
5d7ff4aa50fda7001a863736,wolf
5d7ff4aa50fda7001a863736,fox
5d7ff4aa50fda7001a863736,hamster
5d7ff4aa50fda7001a863736,rabbit
5d7ff4aa50fda7001a863736,squirrel
5d7ff4aa50fda7001a863736,kangaroo
5d7ff4aa50fda7001a863736,koala
5d7ff4aa50fda7001a863736,horse
5d7ff4aa50fda7001a863736,giraffe
5d7ff4aa50fda7001a863736,elephant
5d7ff4aa50fda7001a863736,pig
5d7ff4aa50fda7001a863736,cow
5d7ff4aa50fda7001a863736,goats
5d7ff4aa50fda7001a863736,zebra
5d7ff4aa50fda7001a863736,lamb
5d7ff4aa50fda7001a863736,sheep
5d7ff4aa50fda7001a863736,camel
5d7ff4aa50fda7001a863736,panda
5d7ff4aa50fda7001a863736,bear
5d7ff4aa50fda7001a863736,polar
5d7ff4aa50fda7001a863736,bear
5d7ff4aa50fda7001a863736,porcupine
5d7ff4aa50fda7001a863736,mare
5d7ff4aa50fda7001a863736,rhinoceros
5d7ff4aa50fda7001a863736,hippo
5d7ff4aa50fda7001a863736,mountain cat
5d7ff4aa50fda7001a863736,lion
5d7ff4aa50fda7001a863736,panther
5d7ff4aa50fda7001a863736,leopard
5d7ff4aa50fda7001a863736,monkey
5d7ff4aa50fda7001a863736,seal
5d7ff4aa50fda7001a863736,seal
5d7ff4aa50fda7001a863736,lion
5d7ff4aa50fda7001a863736,walrus
5d7ff4aa50fda7001a863736,gazelle
5d7ff4aa50fda7001a863736,shark
5d7ff4aa50fda7001a863736,mouse
5d7ff4aa50fda7001a863736,rat
5d7ff4aa50fda7001a863736,otter
5d7ff4aa50fda7001a863736,jaguar
5d7ff4aa50fda7001a863736,rattlesnake
5d7ff4aa50fda7001a863736,buffalo
5d7ff4aa50fda7001a863736,bison
610c59ee34cc312d7ca55e45,dog
610c59ee34cc312d7ca55e45,elephant
610c59ee34cc312d7ca55e45,horse
610c59ee34cc312d7ca55e45,giraffe
610c59ee34cc312d7ca55e45,snake
610c59ee34cc312d7ca55e45,pig
610c59ee34cc312d7ca55e45,bird
610c59ee34cc312d7ca55e45,gorilla
610c59ee34cc312d7ca55e45,hippo
610c59ee34cc312d7ca55e45,rhinoceros
610c59ee34cc312d7ca55e45,giraffe
610c59ee34cc312d7ca55e45,adder
610c59ee34cc312d7ca55e45,zebra
610c59ee34cc312d7ca55e45,beaver
610c59ee34cc312d7ca55e45,platypus
610c59ee34cc312d7ca55e45,alligator
610c59ee34cc312d7ca55e45,crocodile
610c59ee34cc312d7ca55e45,tiger
610c59ee34cc312d7ca55e45,lion
610c59ee34cc312d7ca55e45,polar
610c59ee34cc312d7ca55e45,bear
610c59ee34cc312d7ca55e45,bronc
610c59ee34cc312d7ca55e45,bear
610c59ee34cc312d7ca55e45,blackfly
610c59ee34cc312d7ca55e45,bear
610c59ee34cc312d7ca55e45,whelp
610c59ee34cc312d7ca55e45,dolphin
610c59ee34cc312d7ca55e45,catfish
610c59ee34cc312d7ca55e45,salmon
610c59ee34cc312d7ca55e45,turkey
610c59ee34cc312d7ca55e45,iguana
6596a5cad60ef105b6c18897,doberman
6596a5cad60ef105b6c18897,shepherd
6596a5cad60ef105b6c18897,rodent
6596a5cad60ef105b6c18897,retriever
6596a5cad60ef105b6c18897,gnu
6596a5cad60ef105b6c18897,mastiff
6596a5cad60ef105b6c18897,yorkie
6596a5cad60ef105b6c18897,terrier
6596a5cad60ef105b6c18897,ant
6596a5cad60ef105b6c18897,gurnard
6596a5cad60ef105b6c18897,jaguar
6596a5cad60ef105b6c18897,leopard
6596a5cad60ef105b6c18897,cheetah
6596a5cad60ef105b6c18897,tiger
6596a5cad60ef105b6c18897,lion
6596a5cad60ef105b6c18897,arctic fox
6596a5cad60ef105b6c18897,fox
6596a5cad60ef105b6c18897,polar
6596a5cad60ef105b6c18897,bear
6596a5cad60ef105b6c18897,bronc
6596a5cad60ef105b6c18897,bear
6596a5cad60ef105b6c18897,blackfly
6596a5cad60ef105b6c18897,bear
6596a5cad60ef105b6c18897,giraffe
6596a5cad60ef105b6c18897,elephant
6596a5cad60ef105b6c18897,spider
6596a5cad60ef105b6c18897,mammal
6596a5cad60ef105b6c18897,squirrel
6596a5cad60ef105b6c18897,eagle
6596a5cad60ef105b6c18897,parrot
6596a5cad60ef105b6c18897,geese
6596a5cad60ef105b6c18897,locust
6596a5cad60ef105b6c18897,dear
6596a5cad60ef105b6c18897,moose
6596a5cad60ef105b6c18897,elk
6596a5cad60ef105b6c18897,reindeer
6596a5cad60ef105b6c18897,penguin
6596a5cad60ef105b6c18897,antelope
6596a5cad60ef105b6c18897,cat
6596a5cad60ef105b6c18897,rhino
6596a5cad60ef105b6c18897,dogs
6596a5cad60ef105b6c18897,chameleon
6596a5cad60ef105b6c18897,dragon
6596a5cad60ef105b6c18897,turtle
6596a5cad60ef105b6c18897,lizard
6596a5cad60ef105b6c18897,chameleon
65cc19b4b3d48a22dfc6756d,fawn
65cc19b4b3d48a22dfc6756d,panda
65cc19b4b3d48a22dfc6756d,pony
65cc19b4b3d48a22dfc6756d,peacock
65cc19b4b3d48a22dfc6756d,flamingo
65cc19b4b3d48a22dfc6756d,dolphin
65cc19b4b3d48a22dfc6756d,shark
65cc19b4b3d48a22dfc6756d,lion
65cc19b4b3d48a22dfc6756d,mackerel
65cc19b4b3d48a22dfc6756d,swine
65cc19b4b3d48a22dfc6756d,wheatear
65cc19b4b3d48a22dfc6756d,panda
65cc19b4b3d48a22dfc6756d,panda
65cc19b4b3d48a22dfc6756d,meerkat
65cc19b4b3d48a22dfc6756d,owl
65cc19b4b3d48a22dfc6756d,roe
65cc19b4b3d48a22dfc6756d,raven
65cc19b4b3d48a22dfc6756d,eagle
65cc19b4b3d48a22dfc6756d,squirrel
65cc19b4b3d48a22dfc6756d,chipmunk
65cc19b4b3d48a22dfc6756d,mouse
63ea4ab1ce4168cbe9f63775,dog
63ea4ab1ce4168cbe9f63775,cat
63ea4ab1ce4168cbe9f63775,horse
63ea4ab1ce4168cbe9f63775,chicken
63ea4ab1ce4168cbe9f63775,hermit
63ea4ab1ce4168cbe9f63775,donkey
63ea4ab1ce4168cbe9f63775,mule
63ea4ab1ce4168cbe9f63775,coyote
63ea4ab1ce4168cbe9f63775,ox
63ea4ab1ce4168cbe9f63775,wolf
63ea4ab1ce4168cbe9f63775,grizzly
63ea4ab1ce4168cbe9f63775,bear
63ea4ab1ce4168cbe9f63775,ostrich
63ea4ab1ce4168cbe9f63775,bison
63ea4ab1ce4168cbe9f63775,water buffalo
63ea4ab1ce4168cbe9f63775,mite
63ea4ab1ce4168cbe9f63775,fisher
63ea4ab1ce4168cbe9f63775,ormer
63ea4ab1ce4168cbe9f63775,groundhog
63ea4ab1ce4168cbe9f63775,raccoon
63ea4ab1ce4168cbe9f63775,yorkie
63ea4ab1ce4168cbe9f63775,coot
63ea4ab1ce4168cbe9f63775,lion
63ea4ab1ce4168cbe9f63775,zebra
63ea4ab1ce4168cbe9f63775,hyena
63ea4ab1ce4168cbe9f63775,meerkat
63ea4ab1ce4168cbe9f63775,toucan
63ea4ab1ce4168cbe9f63775,tiger
63ea4ab1ce4168cbe9f63775,orangutan
63ea4ab1ce4168cbe9f63775,monkey
63ea4ab1ce4168cbe9f63775,chimpanzee
63ea4ab1ce4168cbe9f63775,gorilla
63ea4ab1ce4168cbe9f63775,seal
63ea4ab1ce4168cbe9f63775,lion
63ea4ab1ce4168cbe9f63775,polar
63ea4ab1ce4168cbe9f63775,bear
63ea4ab1ce4168cbe9f63775,seagull
63ea4ab1ce4168cbe9f63775,walrus
63ea4ab1ce4168cbe9f63775,penguin
6001487015e5f62961639e7d,dog
6001487015e5f62961639e7d,cat
6001487015e5f62961639e7d,rabbit
6001487015e5f62961639e7d,bird
6001487015e5f62961639e7d,ox
6001487015e5f62961639e7d,coyote
6001487015e5f62961639e7d,horse
6001487015e5f62961639e7d,zebra
6001487015e5f62961639e7d,donkey
6001487015e5f62961639e7d,gazelle
6001487015e5f62961639e7d,giraffe
6001487015e5f62961639e7d,elephant
6001487015e5f62961639e7d,gorilla
6001487015e5f62961639e7d,chimpanzee
6001487015e5f62961639e7d,elephant
6001487015e5f62961639e7d,rhinoceros
6001487015e5f62961639e7d,hippopotamus
6001487015e5f62961639e7d,penguin
6001487015e5f62961639e7d,seal
6001487015e5f62961639e7d,otter
6001487015e5f62961639e7d,dolphin
6001487015e5f62961639e7d,lion
6001487015e5f62961639e7d,tiger
6001487015e5f62961639e7d,jaguar
6001487015e5f62961639e7d,cheetah
6001487015e5f62961639e7d,panther
6001487015e5f62961639e7d,mountain cat
6001487015e5f62961639e7d,lion
6001487015e5f62961639e7d,capybara
6001487015e5f62961639e7d,anteater
6001487015e5f62961639e7d,deer
6001487015e5f62961639e7d,elk
6001487015e5f62961639e7d,moose
6001487015e5f62961639e7d,bear
6001487015e5f62961639e7d,aardvark
6001487015e5f62961639e7d,ostrich
6001487015e5f62961639e7d,hamster
6001487015e5f62961639e7d,mouse
6554de7d91c1b1bf51104fda,cat
6554de7d91c1b1bf51104fda,dogs
6554de7d91c1b1bf51104fda,dear
6554de7d91c1b1bf51104fda,zebra
6554de7d91c1b1bf51104fda,octopus
6554de7d91c1b1bf51104fda,bird
6554de7d91c1b1bf51104fda,monkeys
6554de7d91c1b1bf51104fda,wolf
6554de7d91c1b1bf51104fda,tiger
6554de7d91c1b1bf51104fda,goby
6554de7d91c1b1bf51104fda,chicken
6554de7d91c1b1bf51104fda,donkey
6554de7d91c1b1bf51104fda,alligator
6554de7d91c1b1bf51104fda,fish
6554de7d91c1b1bf51104fda,dingo
6554de7d91c1b1bf51104fda,tortes
6554de7d91c1b1bf51104fda,xerus
6554de7d91c1b1bf51104fda,omnivore
6554de7d91c1b1bf51104fda,cod
6554de7d91c1b1bf51104fda,bloodhound
6554de7d91c1b1bf51104fda,penguin
6554de7d91c1b1bf51104fda,quail
6554de7d91c1b1bf51104fda,gorilla
6554de7d91c1b1bf51104fda,kangaroo
6554de7d91c1b1bf51104fda,flamingo
6554de7d91c1b1bf51104fda,squid
6554de7d91c1b1bf51104fda,starfish
6554de7d91c1b1bf51104fda,invertebrate
6554de7d91c1b1bf51104fda,oyster
6554de7d91c1b1bf51104fda,wildebeest
6554de7d91c1b1bf51104fda,foxhound
6554de7d91c1b1bf51104fda,urchin
6554de7d91c1b1bf51104fda,elephant
6554de7d91c1b1bf51104fda,insect
60a48adfe091e410f4eaba34,cat
60a48adfe091e410f4eaba34,dogs
60a48adfe091e410f4eaba34,lions
60a48adfe091e410f4eaba34,bear
60a48adfe091e410f4eaba34,cougar
60a48adfe091e410f4eaba34,elephant
60a48adfe091e410f4eaba34,giraffe
60a48adfe091e410f4eaba34,meerkat
60a48adfe091e410f4eaba34,kangaroo
60a48adfe091e410f4eaba34,bird
60a48adfe091e410f4eaba34,cockatiel
60a48adfe091e410f4eaba34,bat
60a48adfe091e410f4eaba34,lizard
60a48adfe091e410f4eaba34,squirrel
60a48adfe091e410f4eaba34,monkeys
60a48adfe091e410f4eaba34,chimpanzee
60a48adfe091e410f4eaba34,raccoon
60a48adfe091e410f4eaba34,skunk
60a48adfe091e410f4eaba34,dear
60a48adfe091e410f4eaba34,cow
60a48adfe091e410f4eaba34,chicken
60a48adfe091e410f4eaba34,pig
60a48adfe091e410f4eaba34,lemur
65c25cf77dca9d7ca7d9ebdb,dog
65c25cf77dca9d7ca7d9ebdb,cat
65c25cf77dca9d7ca7d9ebdb,bird
65c25cf77dca9d7ca7d9ebdb,lizard
65c25cf77dca9d7ca7d9ebdb,capybara
65c25cf77dca9d7ca7d9ebdb,gorilla
65c25cf77dca9d7ca7d9ebdb,chimpanzee
65c25cf77dca9d7ca7d9ebdb,orangutan
65c25cf77dca9d7ca7d9ebdb,frog
65c25cf77dca9d7ca7d9ebdb,person
65c25cf77dca9d7ca7d9ebdb,scarab
65c25cf77dca9d7ca7d9ebdb,catfish
65c25cf77dca9d7ca7d9ebdb,ratite
65c25cf77dca9d7ca7d9ebdb,oarfish
65c25cf77dca9d7ca7d9ebdb,polar
65c25cf77dca9d7ca7d9ebdb,bear
65c25cf77dca9d7ca7d9ebdb,blackfly
65c25cf77dca9d7ca7d9ebdb,bear
65c25cf77dca9d7ca7d9ebdb,crow
65c25cf77dca9d7ca7d9ebdb,yearling
65c25cf77dca9d7ca7d9ebdb,kangaroo
65c25cf77dca9d7ca7d9ebdb,rat
65c25cf77dca9d7ca7d9ebdb,starling
65c25cf77dca9d7ca7d9ebdb,bighorn
65c25cf77dca9d7ca7d9ebdb,cobra
65c25cf77dca9d7ca7d9ebdb,cottonmouth
65c25cf77dca9d7ca7d9ebdb,groundhog
65c25cf77dca9d7ca7d9ebdb,dragon
65c25cf77dca9d7ca7d9ebdb,beaver
65c25cf77dca9d7ca7d9ebdb,myna
65c25cf77dca9d7ca7d9ebdb,sow
65c25cf77dca9d7ca7d9ebdb,leopard
65c25cf77dca9d7ca7d9ebdb,panda
65c25cf77dca9d7ca7d9ebdb,jaguar
65c25cf77dca9d7ca7d9ebdb,cheetah
65c25cf77dca9d7ca7d9ebdb,lions
65c25cf77dca9d7ca7d9ebdb,hyenas
65c25cf77dca9d7ca7d9ebdb,elephant
65c25cf77dca9d7ca7d9ebdb,sea bass
65c25cf77dca9d7ca7d9ebdb,horse
65c25cf77dca9d7ca7d9ebdb,rat
65c25cf77dca9d7ca7d9ebdb,seal
65c25cf77dca9d7ca7d9ebdb,lionfish
65c25cf77dca9d7ca7d9ebdb,orca
65c25cf77dca9d7ca7d9ebdb,dolphin
65c25cf77dca9d7ca7d9ebdb,jellyfish
65c25cf77dca9d7ca7d9ebdb,squid
65c25cf77dca9d7ca7d9ebdb,panda
65c25cf77dca9d7ca7d9ebdb,octopus
65c25cf77dca9d7ca7d9ebdb,devil
65c25cf77dca9d7ca7d9ebdb,badger
65c25cf77dca9d7ca7d9ebdb,raccoon
65c25cf77dca9d7ca7d9ebdb,armadillo
629e241d171ec6698e05f149,human
629e241d171ec6698e05f149,deer
629e241d171ec6698e05f149,elk
629e241d171ec6698e05f149,penguin
629e241d171ec6698e05f149,orangutan
629e241d171ec6698e05f149,elephant
629e241d171ec6698e05f149,whale
629e241d171ec6698e05f149,salmon
629e241d171ec6698e05f149,moth
629e241d171ec6698e05f149,rabbit
629e241d171ec6698e05f149,hart
629e241d171ec6698e05f149,tick
629e241d171ec6698e05f149,grasshopper
629e241d171ec6698e05f149,ant
629e241d171ec6698e05f149,seagull
629e241d171ec6698e05f149,hawk
629e241d171ec6698e05f149,mongoose
629e241d171ec6698e05f149,gopher
629e241d171ec6698e05f149,groundhog
629e241d171ec6698e05f149,mole
629e241d171ec6698e05f149,monkey
629e241d171ec6698e05f149,warthog
629e241d171ec6698e05f149,lizard
629e241d171ec6698e05f149,crocodile
629e241d171ec6698e05f149,gecko
629e241d171ec6698e05f149,iguana
629e241d171ec6698e05f149,vulture
629e241d171ec6698e05f149,roe
629e241d171ec6698e05f149,chipmunk
629e241d171ec6698e05f149,squirrel
629e241d171ec6698e05f149,heron
629e241d171ec6698e05f149,mackerel
629e241d171ec6698e05f149,shrimp
629e241d171ec6698e05f149,lobster
629e241d171ec6698e05f149,takin
629e241d171ec6698e05f149,crab
629e241d171ec6698e05f149,bluefin
629e241d171ec6698e05f149,crab
629e241d171ec6698e05f149,spider
629e241d171ec6698e05f149,crab
629e241d171ec6698e05f149,spider
629e241d171ec6698e05f149,stag
629e241d171ec6698e05f149,beetle
629e241d171ec6698e05f149,blackfly
629e241d171ec6698e05f149,beetle
629e241d171ec6698e05f149,ladybug
629e241d171ec6698e05f149,silverfish
629e241d171ec6698e05f149,butterfly
60d731567049e5132e3cc4d4,dog
60d731567049e5132e3cc4d4,cat
60d731567049e5132e3cc4d4,turtle dove
60d731567049e5132e3cc4d4,iguana
60d731567049e5132e3cc4d4,lion
60d731567049e5132e3cc4d4,tiger
60d731567049e5132e3cc4d4,cheetah
60d731567049e5132e3cc4d4,mountain cat
60d731567049e5132e3cc4d4,lion
60d731567049e5132e3cc4d4,lynx
60d731567049e5132e3cc4d4,bobcat
60d731567049e5132e3cc4d4,goldfish
60d731567049e5132e3cc4d4,betta
60d731567049e5132e3cc4d4,fish
60d731567049e5132e3cc4d4,shark
60d731567049e5132e3cc4d4,hammerhead
60d731567049e5132e3cc4d4,shark
60d731567049e5132e3cc4d4,octopus
60d731567049e5132e3cc4d4,barracuda
60d731567049e5132e3cc4d4,bass
60d731567049e5132e3cc4d4,pike
60d731567049e5132e3cc4d4,perch
60d731567049e5132e3cc4d4,salmon
60d731567049e5132e3cc4d4,trout
60d731567049e5132e3cc4d4,sow
60d731567049e5132e3cc4d4,pig
60d731567049e5132e3cc4d4,sheep
60d731567049e5132e3cc4d4,horse
60d731567049e5132e3cc4d4,chicken
60d731567049e5132e3cc4d4,rooster
60d731567049e5132e3cc4d4,turkey
60d731567049e5132e3cc4d4,goat
60d731567049e5132e3cc4d4,donkey
60d731567049e5132e3cc4d4,horse
60d731567049e5132e3cc4d4,polar
60d731567049e5132e3cc4d4,bear
60d731567049e5132e3cc4d4,grizzly
60d731567049e5132e3cc4d4,bear
60d731567049e5132e3cc4d4,blackfly
60d731567049e5132e3cc4d4,bear
60d731567049e5132e3cc4d4,llama
60d731567049e5132e3cc4d4,alpaca
60d731567049e5132e3cc4d4,python
60d731567049e5132e3cc4d4,boa constrictor
60d731567049e5132e3cc4d4,wolf
60d731567049e5132e3cc4d4,coyote
60d731567049e5132e3cc4d4,sockeye
60d731567049e5132e3cc4d4,owl
60d731567049e5132e3cc4d4,pelican
60d731567049e5132e3cc4d4,flamingo
60d731567049e5132e3cc4d4,sparrow
60d731567049e5132e3cc4d4,wren
60d731567049e5132e3cc4d4,mosquito
60d731567049e5132e3cc4d4,butterfly
60d731567049e5132e3cc4d4,moth
60d731567049e5132e3cc4d4,giraffe
60d731567049e5132e3cc4d4,zebra
60d731567049e5132e3cc4d4,rhinoceros
656e3caa43f1f7f0615252ff,dog
656e3caa43f1f7f0615252ff,cat
656e3caa43f1f7f0615252ff,panda
656e3caa43f1f7f0615252ff,tiger
656e3caa43f1f7f0615252ff,whale
656e3caa43f1f7f0615252ff,meerkat
656e3caa43f1f7f0615252ff,lemur
656e3caa43f1f7f0615252ff,lion
656e3caa43f1f7f0615252ff,deer
656e3caa43f1f7f0615252ff,elk
656e3caa43f1f7f0615252ff,moose
656e3caa43f1f7f0615252ff,lemur
656e3caa43f1f7f0615252ff,koala
656e3caa43f1f7f0615252ff,giraffe
656e3caa43f1f7f0615252ff,bronc
656e3caa43f1f7f0615252ff,bear
656e3caa43f1f7f0615252ff,blackfly
656e3caa43f1f7f0615252ff,bear
656e3caa43f1f7f0615252ff,polar
656e3caa43f1f7f0615252ff,bear
656e3caa43f1f7f0615252ff,greenfly
656e3caa43f1f7f0615252ff,wolf
656e3caa43f1f7f0615252ff,greyhound
656e3caa43f1f7f0615252ff,whale
656e3caa43f1f7f0615252ff,dolphin
656e3caa43f1f7f0615252ff,killdeer
656e3caa43f1f7f0615252ff,whale
656e3caa43f1f7f0615252ff,whale
656e3caa43f1f7f0615252ff,shark
656e3caa43f1f7f0615252ff,crab
656e3caa43f1f7f0615252ff,takin
656e3caa43f1f7f0615252ff,crab
656e3caa43f1f7f0615252ff,lobster
656e3caa43f1f7f0615252ff,hermit
656e3caa43f1f7f0615252ff,crab
656e3caa43f1f7f0615252ff,goldfish
656e3caa43f1f7f0615252ff,dodo
656e3caa43f1f7f0615252ff,dragon
656e3caa43f1f7f0615252ff,chameleon
656e3caa43f1f7f0615252ff,giant
656e3caa43f1f7f0615252ff,wheatear
656e3caa43f1f7f0615252ff,mouse
656e3caa43f1f7f0615252ff,cat
656e3caa43f1f7f0615252ff,gal
656e3caa43f1f7f0615252ff,tiger
656e3caa43f1f7f0615252ff,tunny
656e3caa43f1f7f0615252ff,auklet
656e3caa43f1f7f0615252ff,monkey
656e3caa43f1f7f0615252ff,gorilla
656e3caa43f1f7f0615252ff,chimpanzee
656e3caa43f1f7f0615252ff,finch
656e3caa43f1f7f0615252ff,tortoise
656e3caa43f1f7f0615252ff,turtle
656e3caa43f1f7f0615252ff,penguin
656e3caa43f1f7f0615252ff,perro
656e3caa43f1f7f0615252ff,penguin
61363ce02e6022a741d63a6e,dog
61363ce02e6022a741d63a6e,sand cat
61363ce02e6022a741d63a6e,mouse
61363ce02e6022a741d63a6e,hamster
61363ce02e6022a741d63a6e,tiger
61363ce02e6022a741d63a6e,sea lion
61363ce02e6022a741d63a6e,turtle
61363ce02e6022a741d63a6e,fish
61363ce02e6022a741d63a6e,shark
61363ce02e6022a741d63a6e,whale
61363ce02e6022a741d63a6e,stingray
61363ce02e6022a741d63a6e,jellyfish
61363ce02e6022a741d63a6e,spider
61363ce02e6022a741d63a6e,worm
61363ce02e6022a741d63a6e,rat
61363ce02e6022a741d63a6e,rabbit
61363ce02e6022a741d63a6e,skunk
61363ce02e6022a741d63a6e,beaver
61363ce02e6022a741d63a6e,elephant
61363ce02e6022a741d63a6e,wolf
61363ce02e6022a741d63a6e,cheetah
61363ce02e6022a741d63a6e,lion
61363ce02e6022a741d63a6e,sheep
61363ce02e6022a741d63a6e,cow
61363ce02e6022a741d63a6e,chicken
61363ce02e6022a741d63a6e,bird
61363ce02e6022a741d63a6e,quail
61363ce02e6022a741d63a6e,porcupine
61363ce02e6022a741d63a6e,falcon
61363ce02e6022a741d63a6e,goldfish
61363ce02e6022a741d63a6e,hamster
61363ce02e6022a741d63a6e,shrimp
5f1f3581b5cf3e103cc545c9,gerbil
5f1f3581b5cf3e103cc545c9,dolphin
5f1f3581b5cf3e103cc545c9,roach
5f1f3581b5cf3e103cc545c9,spider
5f1f3581b5cf3e103cc545c9,sea bear
5f1f3581b5cf3e103cc545c9,towhee
5f1f3581b5cf3e103cc545c9,jackal
