SID,entry
65d26dcd13d9c8026aa92c4a,stapler
65d26dcd13d9c8026aa92c4a,printer
65d26dcd13d9c8026aa92c4a,paper
65d26dcd13d9c8026aa92c4a,keyboard
65d26dcd13d9c8026aa92c4a,pen
65d26dcd13d9c8026aa92c4a,pencil
65d26dcd13d9c8026aa92c4a,ruler
65d26dcd13d9c8026aa92c4a,scissors
65d26dcd13d9c8026aa92c4a,pencil
65d26dcd13d9c8026aa92c4a,sharpener
65d26dcd13d9c8026aa92c4a,bookends
65d26dcd13d9c8026aa92c4a,binder
65d26dcd13d9c8026aa92c4a,notebook
65d26dcd13d9c8026aa92c4a,bookcase
65d26dcd13d9c8026aa92c4a,thumbtack
65d26dcd13d9c8026aa92c4a,push pin
65d26dcd13d9c8026aa92c4a,keyboard
65d26dcd13d9c8026aa92c4a,whiteboard
65d26dcd13d9c8026aa92c4a,eraser
65d26dcd13d9c8026aa92c4a,marker
65d26dcd13d9c8026aa92c4a,eraser
65d26dcd13d9c8026aa92c4a,pencil
65d26dcd13d9c8026aa92c4a,pencil
65d26dcd13d9c8026aa92c4a,binder
65512e3cc12f463bc327b7c3,pencil
65512e3cc12f463bc327b7c3,marker
65512e3cc12f463bc327b7c3,paper
65512e3cc12f463bc327b7c3,printer
65512e3cc12f463bc327b7c3,printer
65512e3cc12f463bc327b7c3,ink
65512e3cc12f463bc327b7c3,scissors
65512e3cc12f463bc327b7c3,stapler
65512e3cc12f463bc327b7c3,stapler
65512e3cc12f463bc327b7c3,scissors
65512e3cc12f463bc327b7c3,marker
65512e3cc12f463bc327b7c3,desk pad
65512e3cc12f463bc327b7c3,mouse
5f6c102b6ec04317fc9a8127,paper
5f6c102b6ec04317fc9a8127,pen
5f6c102b6ec04317fc9a8127,scissors
5f6c102b6ec04317fc9a8127,calculator
5f6c102b6ec04317fc9a8127,stapler
5f6c102b6ec04317fc9a8127,eraser
5f6c102b6ec04317fc9a8127,sharpener
5f6c102b6ec04317fc9a8127,pen
5f6c102b6ec04317fc9a8127,sharpener
5f6c102b6ec04317fc9a8127,paper
5f6c102b6ec04317fc9a8127,highlighter
5f6c102b6ec04317fc9a8127,glue
5f6c102b6ec04317fc9a8127,binder
65ef726771fe85fd222416d1,stapler
65ef726771fe85fd222416d1,tape
65ef726771fe85fd222416d1,stapler
65ef726771fe85fd222416d1,pen
65ef726771fe85fd222416d1,pencil
65ef726771fe85fd222416d1,notebook
65ef726771fe85fd222416d1,bookcase
65ef726771fe85fd222416d1,paper
65ef726771fe85fd222416d1,paper
65ef726771fe85fd222416d1,printer
65ef726771fe85fd222416d1,paper
65ef726771fe85fd222416d1,printer
65ef726771fe85fd222416d1,ink
65ef726771fe85fd222416d1,desk pad
65ef726771fe85fd222416d1,folder
65ef726771fe85fd222416d1,folder
65ef726771fe85fd222416d1,folder
65ef726771fe85fd222416d1,folder
65ef726771fe85fd222416d1,folder
65ef726771fe85fd222416d1,marker
65ef726771fe85fd222416d1,pencil
65ef726771fe85fd222416d1,paper
65ef726771fe85fd222416d1,scanner
65ef726771fe85fd222416d1,pencil
65ef726771fe85fd222416d1,folder
65ef726771fe85fd222416d1,ruler
65ef726771fe85fd222416d1,binder
65ef726771fe85fd222416d1,binder
65ef726771fe85fd222416d1,laminator
65ef726771fe85fd222416d1,laminator
65ef726771fe85fd222416d1,chalk
65ef726771fe85fd222416d1,binder
65ef726771fe85fd222416d1,paper
65ef726771fe85fd222416d1,folder
65ef726771fe85fd222416d1,eraser
65ef726771fe85fd222416d1,scissors
65ef726771fe85fd222416d1,label
5c1942e200849900010afdcd,scissors
5c1942e200849900010afdcd,notebook
5c1942e200849900010afdcd,stapler
5c1942e200849900010afdcd,pen
5c1942e200849900010afdcd,pencil
5c1942e200849900010afdcd,glue
5c1942e200849900010afdcd,folder
5c1942e200849900010afdcd,paper
5c1942e200849900010afdcd,calculator
5c1942e200849900010afdcd,notebook
5c1942e200849900010afdcd,cable ties
5c1942e200849900010afdcd,pen
5c1942e200849900010afdcd,folder
5c1942e200849900010afdcd,tape
5c1942e200849900010afdcd,paper
5c1942e200849900010afdcd,tape
5c1942e200849900010afdcd,glue
5c1942e200849900010afdcd,folder
5c1942e200849900010afdcd,binder
5c1942e200849900010afdcd,paper
5c1942e200849900010afdcd,folder
65eeceee847314e8232923c9,glue
65eeceee847314e8232923c9,ink
65eeceee847314e8232923c9,ink cartridge
65eeceee847314e8232923c9,note pad
65eeceee847314e8232923c9,notebook
65eeceee847314e8232923c9,chalk
65eeceee847314e8232923c9,highlighter
65eeceee847314e8232923c9,printer
65eeceee847314e8232923c9,keyboard
65eeceee847314e8232923c9,folder
65eeceee847314e8232923c9,binder
65c18079d4f634d2c8a0728c,paper
65c18079d4f634d2c8a0728c,pen
65c18079d4f634d2c8a0728c,tape
65c18079d4f634d2c8a0728c,ink
65c18079d4f634d2c8a0728c,post-it
60da4f9aa1ced7efeecca18a,paper
60da4f9aa1ced7efeecca18a,pen
60da4f9aa1ced7efeecca18a,pencil
60da4f9aa1ced7efeecca18a,highlighter
60da4f9aa1ced7efeecca18a,paper
60da4f9aa1ced7efeecca18a,binder
60da4f9aa1ced7efeecca18a,folder
60da4f9aa1ced7efeecca18a,binder
60da4f9aa1ced7efeecca18a,printer
60da4f9aa1ced7efeecca18a,stapler
60da4f9aa1ced7efeecca18a,tape
60da4f9aa1ced7efeecca18a,ruler
60da4f9aa1ced7efeecca18a,tape
60da4f9aa1ced7efeecca18a,scanner
60da4f9aa1ced7efeecca18a,fax machine
60da4f9aa1ced7efeecca18a,letterhead
60da4f9aa1ced7efeecca18a,stapler
60da4f9aa1ced7efeecca18a,envelope
60da4f9aa1ced7efeecca18a,stapler
60da4f9aa1ced7efeecca18a,note pad
60da4f9aa1ced7efeecca18a,legal pad
60da4f9aa1ced7efeecca18a,notebook
60da4f9aa1ced7efeecca18a,paper
60da4f9aa1ced7efeecca18a,folder
60da4f9aa1ced7efeecca18a,eraser
60da4f9aa1ced7efeecca18a,glue
60da4f9aa1ced7efeecca18a,scissors
60da4f9aa1ced7efeecca18a,thumbtack
65cb586172a8853f26cc8eec,pen
65cb586172a8853f26cc8eec,pencil
65cb586172a8853f26cc8eec,folder
65cb586172a8853f26cc8eec,paper
65cb586172a8853f26cc8eec,printer
65cb586172a8853f26cc8eec,ruler
65cb586172a8853f26cc8eec,highlighter
65cb586172a8853f26cc8eec,stapler
65cb586172a8853f26cc8eec,folder
65cb586172a8853f26cc8eec,notebook
65cb586172a8853f26cc8eec,note pad
65cb586172a8853f26cc8eec,notebook
65cb586172a8853f26cc8eec,marker
65cb586172a8853f26cc8eec,scissors
65cb586172a8853f26cc8eec,paper
65cb586172a8853f26cc8eec,pencil
65cb586172a8853f26cc8eec,sharpener
65cb586172a8853f26cc8eec,pencil
65cb586172a8853f26cc8eec,paper
65cb586172a8853f26cc8eec,printer
65cb586172a8853f26cc8eec,ink
65cb586172a8853f26cc8eec,binder
65cbcaaab9e2fae86452af73,pen
65cbcaaab9e2fae86452af73,pencil
65cbcaaab9e2fae86452af73,stapler
65cbcaaab9e2fae86452af73,keyboard
65cbcaaab9e2fae86452af73,clipboard
65cbcaaab9e2fae86452af73,desk pad
65cbcaaab9e2fae86452af73,mouse
65cbcaaab9e2fae86452af73,mouse pad
65cbcaaab9e2fae86452af73,scissors
65cbcaaab9e2fae86452af73,tape
65cbcaaab9e2fae86452af73,label
65cbcaaab9e2fae86452af73,marker
65cbcaaab9e2fae86452af73,laminator
65cbcaaab9e2fae86452af73,printer
65cbcaaab9e2fae86452af73,paper
65cbcaaab9e2fae86452af73,highlighter
65cbcaaab9e2fae86452af73,fax machine
65cbcaaab9e2fae86452af73,fax machine
65cbcaaab9e2fae86452af73,notebook
65cbcaaab9e2fae86452af73,notebook
65cbcaaab9e2fae86452af73,marker
65cbcaaab9e2fae86452af73,sharpener
65cbcaaab9e2fae86452af73,folder
65cbcaaab9e2fae86452af73,trash can
65cbcaaab9e2fae86452af73,scanner
65cbcaaab9e2fae86452af73,folder
65cbcaaab9e2fae86452af73,paper
65cbcaaab9e2fae86452af73,headset
6595e3b4dc9090390e4edb5f,monitor
6595e3b4dc9090390e4edb5f,binder
6595e3b4dc9090390e4edb5f,folder
6595e3b4dc9090390e4edb5f,tape
6595e3b4dc9090390e4edb5f,paper
6595e3b4dc9090390e4edb5f,highlighter
6595e3b4dc9090390e4edb5f,folder
6595e3b4dc9090390e4edb5f,ruler
6595e3b4dc9090390e4edb5f,bookends
6595e3b4dc9090390e4edb5f,calculator
6595e3b4dc9090390e4edb5f,ruler
6595e3b4dc9090390e4edb5f,marker
6595e3b4dc9090390e4edb5f,pen
6595e3b4dc9090390e4edb5f,task lamp
61035836646fb6ee2152f950,pen
61035836646fb6ee2152f950,pencil
61035836646fb6ee2152f950,pen
61035836646fb6ee2152f950,pencil
61035836646fb6ee2152f950,pen
61035836646fb6ee2152f950,pen
61035836646fb6ee2152f950,post-it
61035836646fb6ee2152f950,notebook
61035836646fb6ee2152f950,stapler
61035836646fb6ee2152f950,paper
61035836646fb6ee2152f950,paper
61035836646fb6ee2152f950,printer
61035836646fb6ee2152f950,sharpener
61035836646fb6ee2152f950,laminator
61035836646fb6ee2152f950,ink
61035836646fb6ee2152f950,ink cartridge
61035836646fb6ee2152f950,folder
61035836646fb6ee2152f950,binder
61035836646fb6ee2152f950,folder
61035836646fb6ee2152f950,envelope
61035836646fb6ee2152f950,tape
61035836646fb6ee2152f950,highlighter
61035836646fb6ee2152f950,eraser
61035836646fb6ee2152f950,pencil
65f3d5016e5acb0fd67df6ee,stapler
65f3d5016e5acb0fd67df6ee,paper
65f3d5016e5acb0fd67df6ee,pen
65f3d5016e5acb0fd67df6ee,binder
65f3d5016e5acb0fd67df6ee,folder
65f3d5016e5acb0fd67df6ee,folder
65f3d5016e5acb0fd67df6ee,notebook
65f3d5016e5acb0fd67df6ee,desk chair
65f3d5016e5acb0fd67df6ee,folder
65f3d5016e5acb0fd67df6ee,notebook
65f3d5016e5acb0fd67df6ee,paper
65f3d5016e5acb0fd67df6ee,envelope
65f3d5016e5acb0fd67df6ee,envelope
65f3d5016e5acb0fd67df6ee,desk pad
65f3d5016e5acb0fd67df6ee,scissors
65f3d5016e5acb0fd67df6ee,binder
65f3d5016e5acb0fd67df6ee,eraser
65f3d5016e5acb0fd67df6ee,marker
65f3d5016e5acb0fd67df6ee,eraser
65f3d5016e5acb0fd67df6ee,keyboard
65f3d5016e5acb0fd67df6ee,calculator
65f3d5016e5acb0fd67df6ee,paper
65f3d5016e5acb0fd67df6ee,glue
5e8a76b3939b3072dc76fb5c,pen
5e8a76b3939b3072dc76fb5c,pencil
5e8a76b3939b3072dc76fb5c,paper
5e8a76b3939b3072dc76fb5c,calculator
5e8a76b3939b3072dc76fb5c,paper
5e8a76b3939b3072dc76fb5c,stapler
5e8a76b3939b3072dc76fb5c,tape
5e8a76b3939b3072dc76fb5c,binder
5e8a76b3939b3072dc76fb5c,printer
5e8a76b3939b3072dc76fb5c,paper
5e8a76b3939b3072dc76fb5c,printer
5e8a76b3939b3072dc76fb5c,mouse
5e8a76b3939b3072dc76fb5c,keyboard
5e8a76b3939b3072dc76fb5c,fax machine
5e8a76b3939b3072dc76fb5c,paper
5e8a76b3939b3072dc76fb5c,scissors
5e8a76b3939b3072dc76fb5c,marker
5e8a76b3939b3072dc76fb5c,highlighter
5e8a76b3939b3072dc76fb5c,ruler
5e8a76b3939b3072dc76fb5c,folder
5e8a76b3939b3072dc76fb5c,tape
5e8a76b3939b3072dc76fb5c,glue
5e8a76b3939b3072dc76fb5c,glue
5d3cc9010e510a00013df6f6,stapler
5d3cc9010e510a00013df6f6,tape
5d3cc9010e510a00013df6f6,pencil
5d3cc9010e510a00013df6f6,paper
5d3cc9010e510a00013df6f6,paper
5d3cc9010e510a00013df6f6,printer
5d3cc9010e510a00013df6f6,desk pad
5d3cc9010e510a00013df6f6,marker
5d3cc9010e510a00013df6f6,envelope
5d3cc9010e510a00013df6f6,folder
5d3cc9010e510a00013df6f6,notebook
5fc6df58f380620a09116434,pen
5fc6df58f380620a09116434,paper
5fc6df58f380620a09116434,pencil
5fc6df58f380620a09116434,sharpener
5fc6df58f380620a09116434,highlighter
5fc6df58f380620a09116434,stapler
5fc6df58f380620a09116434,tape
5fc6df58f380620a09116434,paper
5fc6df58f380620a09116434,paper
5fc6df58f380620a09116434,tape
5fc6df58f380620a09116434,glue
5fc6df58f380620a09116434,tape
5fc6df58f380620a09116434,thumbtack
5fc6df58f380620a09116434,ruler
5fc6df58f380620a09116434,tape
5fc6df58f380620a09116434,pen
5fc6df58f380620a09116434,ink
5fc6df58f380620a09116434,post-it
5fc6df58f380620a09116434,notebook
5fc6df58f380620a09116434,notebook
5fc6df58f380620a09116434,desk pad
5fc6df58f380620a09116434,desk pad
5fc6df58f380620a09116434,fax machine
5fc6df58f380620a09116434,mouse
5fc6df58f380620a09116434,keyboard
5fc6df58f380620a09116434,printer
5fc6df58f380620a09116434,fax machine
5fc6df58f380620a09116434,folder
5fc6df58f380620a09116434,binder
5fc6df58f380620a09116434,ink
5fc6df58f380620a09116434,notebook
65f1ec7ae5a09035345db62e,pen
65f1ec7ae5a09035345db62e,paper
65f1ec7ae5a09035345db62e,pencil
65f1ec7ae5a09035345db62e,note pad
65f1ec7ae5a09035345db62e,notebook
65f1ec7ae5a09035345db62e,divider
65f1ec7ae5a09035345db62e,folder
65f1ec7ae5a09035345db62e,folder
65f1ec7ae5a09035345db62e,eraser
65f1ec7ae5a09035345db62e,paper
65f1ec7ae5a09035345db62e,highlighter
65f1ec7ae5a09035345db62e,mouse
65f1ec7ae5a09035345db62e,tape
65f1ec7ae5a09035345db62e,stapler
65f1ec7ae5a09035345db62e,paper
65f1ec7ae5a09035345db62e,note pad
65f1ec7ae5a09035345db62e,folder
65f1ec7ae5a09035345db62e,tape
65f1ec7ae5a09035345db62e,tape
65f1ec7ae5a09035345db62e,marker
65f1ec7ae5a09035345db62e,printer
65f1ec7ae5a09035345db62e,keyboard
65f1ec7ae5a09035345db62e,whiteboard
65f1ec7ae5a09035345db62e,sharpener
65f1ec7ae5a09035345db62e,bookends
65f1ec7ae5a09035345db62e,scissors
65f1ec7ae5a09035345db62e,whiteboard
65f1ec7ae5a09035345db62e,headset
65f1ec7ae5a09035345db62e,binder
65f1ec7ae5a09035345db62e,binder
65f1ec7ae5a09035345db62e,notebook
65f1ec7ae5a09035345db62e,label
65f1ec7ae5a09035345db62e,fax machine
65e63b7fc845c96c2c2520bc,pencil
65e63b7fc845c96c2c2520bc,pen
65e63b7fc845c96c2c2520bc,desk pad
65e63b7fc845c96c2c2520bc,paper
65e63b7fc845c96c2c2520bc,printer
65e63b7fc845c96c2c2520bc,printer
65e63b7fc845c96c2c2520bc,ink
65e63b7fc845c96c2c2520bc,tape
65e63b7fc845c96c2c2520bc,paperclip
65e63b7fc845c96c2c2520bc,stapler
65e63b7fc845c96c2c2520bc,binder
65e63b7fc845c96c2c2520bc,folder
65e63b7fc845c96c2c2520bc,bookends
65e63b7fc845c96c2c2520bc,note pad
65e63b7fc845c96c2c2520bc,notebook
65e63b7fc845c96c2c2520bc,envelope
65e63b7fc845c96c2c2520bc,binder
65e63b7fc845c96c2c2520bc,folder
65e63b7fc845c96c2c2520bc,folder
65e63b7fc845c96c2c2520bc,tape
65e63b7fc845c96c2c2520bc,notebook
65e63b7fc845c96c2c2520bc,glue
65e63b7fc845c96c2c2520bc,tape
65e63b7fc845c96c2c2520bc,ruler
65e63b7fc845c96c2c2520bc,bookends
65e63b7fc845c96c2c2520bc,pencil
65e63b7fc845c96c2c2520bc,sharpener
65e63b7fc845c96c2c2520bc,pencil
65e63b7fc845c96c2c2520bc,eraser
65e63b7fc845c96c2c2520bc,ruler
65e63b7fc845c96c2c2520bc,clipboard
65e63b7fc845c96c2c2520bc,keyboard
65e63b7fc845c96c2c2520bc,mouse
65e63b7fc845c96c2c2520bc,ruler
65e63b7fc845c96c2c2520bc,calculator
65e63b7fc845c96c2c2520bc,scanner
65e63b7fc845c96c2c2520bc,fax machine
65e63b7fc845c96c2c2520bc,paper
65e63b7fc845c96c2c2520bc,tape
65e63b7fc845c96c2c2520bc,bookcase
65e63b7fc845c96c2c2520bc,trash can
65778c02cde55736bb830eca,tape
65778c02cde55736bb830eca,paper
65778c02cde55736bb830eca,printer
65778c02cde55736bb830eca,eraser
65778c02cde55736bb830eca,scanner
65778c02cde55736bb830eca,chalk
65778c02cde55736bb830eca,scissors
65778c02cde55736bb830eca,binder
65778c02cde55736bb830eca,label
65778c02cde55736bb830eca,ruler
65778c02cde55736bb830eca,pen
65778c02cde55736bb830eca,folder
65778c02cde55736bb830eca,printer
65778c02cde55736bb830eca,ink
65778c02cde55736bb830eca,binder
65778c02cde55736bb830eca,glue
65778c02cde55736bb830eca,ruler
65778c02cde55736bb830eca,ruler
65778c02cde55736bb830eca,bookends
65778c02cde55736bb830eca,notebook
65778c02cde55736bb830eca,sharpener
612e6569f68929afb886fb5c,stapler
612e6569f68929afb886fb5c,tape
612e6569f68929afb886fb5c,printer
612e6569f68929afb886fb5c,paper
612e6569f68929afb886fb5c,legal pad
612e6569f68929afb886fb5c,paper
612e6569f68929afb886fb5c,bookcase
612e6569f68929afb886fb5c,paper
612e6569f68929afb886fb5c,printer
612e6569f68929afb886fb5c,fax machine
612e6569f68929afb886fb5c,pen
612e6569f68929afb886fb5c,pencil
612e6569f68929afb886fb5c,eraser
612e6569f68929afb886fb5c,mouse
612e6569f68929afb886fb5c,mouse pad
612e6569f68929afb886fb5c,telephone
612e6569f68929afb886fb5c,desk chair
612e6569f68929afb886fb5c,post-it
612e6569f68929afb886fb5c,notebook
612e6569f68929afb886fb5c,notebook
612e6569f68929afb886fb5c,binder
612e6569f68929afb886fb5c,binder
612e6569f68929afb886fb5c,binder
612e6569f68929afb886fb5c,folder
612e6569f68929afb886fb5c,folder
612e6569f68929afb886fb5c,paper
612e6569f68929afb886fb5c,tape
612e6569f68929afb886fb5c,printer
612e6569f68929afb886fb5c,ink
612e6569f68929afb886fb5c,tape
612e6569f68929afb886fb5c,scissors
612e6569f68929afb886fb5c,glue
612e6569f68929afb886fb5c,thumbtack
612e6569f68929afb886fb5c,keyboard
612e6569f68929afb886fb5c,cork board
612e6569f68929afb886fb5c,keyboard
612e6569f68929afb886fb5c,paper
612e6569f68929afb886fb5c,calculator
612e6569f68929afb886fb5c,notebook
612e6569f68929afb886fb5c,bookends
5ed9311e1a69d449577bb8cf,post-it
5ed9311e1a69d449577bb8cf,notebook
5ed9311e1a69d449577bb8cf,note pad
5ed9311e1a69d449577bb8cf,notebook
5ed9311e1a69d449577bb8cf,paper
5ed9311e1a69d449577bb8cf,highlighter
5ed9311e1a69d449577bb8cf,whiteboard
5ed9311e1a69d449577bb8cf,scissors
5ed9311e1a69d449577bb8cf,stapler
5ed9311e1a69d449577bb8cf,tape
5ed9311e1a69d449577bb8cf,tape
5ed9311e1a69d449577bb8cf,binder
5ed9311e1a69d449577bb8cf,folder
5ed9311e1a69d449577bb8cf,sharpener
5ed9311e1a69d449577bb8cf,bookcase
5ed9311e1a69d449577bb8cf,thumbtack
5ed9311e1a69d449577bb8cf,folder
5ed9311e1a69d449577bb8cf,desk chair
5ed9311e1a69d449577bb8cf,paper
5ed9311e1a69d449577bb8cf,envelope
5ed9311e1a69d449577bb8cf,binder
5e7fefe06c12706d47e35211,pen
5e7fefe06c12706d47e35211,pen
5e7fefe06c12706d47e35211,pencil
5e7fefe06c12706d47e35211,sharpener
5e7fefe06c12706d47e35211,highlighter
5e7fefe06c12706d47e35211,notebook
5e7fefe06c12706d47e35211,printer
5e7fefe06c12706d47e35211,paper
5e7fefe06c12706d47e35211,paper
5e7fefe06c12706d47e35211,mouse
5e7fefe06c12706d47e35211,keyboard
5e7fefe06c12706d47e35211,monitor
5e7fefe06c12706d47e35211,telephone
5e7fefe06c12706d47e35211,post-it
5e7fefe06c12706d47e35211,stapler
5e7fefe06c12706d47e35211,stapler
5e7fefe06c12706d47e35211,tape
5e7fefe06c12706d47e35211,paper
5e7fefe06c12706d47e35211,binder
5e7fefe06c12706d47e35211,bookends
5e7fefe06c12706d47e35211,desk pad
5e7fefe06c12706d47e35211,folder
5e7fefe06c12706d47e35211,binder
5e7fefe06c12706d47e35211,folder
5e7fefe06c12706d47e35211,ink
5e7fefe06c12706d47e35211,storage box
5e7fefe06c12706d47e35211,binder
5e7fefe06c12706d47e35211,folder
5e7fefe06c12706d47e35211,glue
5e7fefe06c12706d47e35211,ink
5e7fefe06c12706d47e35211,folder
5e7fefe06c12706d47e35211,printer
5e7fefe06c12706d47e35211,printer
5e7fefe06c12706d47e35211,fax machine
65cc2139907d390e13480a97,pencil
65cc2139907d390e13480a97,paper
65cc2139907d390e13480a97,paper
65cc2139907d390e13480a97,stapler
65cc2139907d390e13480a97,printer
65cc2139907d390e13480a97,highlighter
65cc2139907d390e13480a97,pencil
65cc2139907d390e13480a97,marker
65cc2139907d390e13480a97,paper
65cc2139907d390e13480a97,bookcase
65cc2139907d390e13480a97,folder
65cc2139907d390e13480a97,paper
65cc2139907d390e13480a97,calculator
65cc2139907d390e13480a97,folder
65cc2139907d390e13480a97,binder
65cc2139907d390e13480a97,binder
65cc2139907d390e13480a97,tape
65cc2139907d390e13480a97,tape
65cc2139907d390e13480a97,notebook
65cc2139907d390e13480a97,notebook
65cc2139907d390e13480a97,envelope
65cc2139907d390e13480a97,clipboard
65cc2139907d390e13480a97,eraser
5c4a428161c51f0001e96b3f,stapler
5c4a428161c51f0001e96b3f,printer
5c4a428161c51f0001e96b3f,fax machine
5c4a428161c51f0001e96b3f,telephone
5c4a428161c51f0001e96b3f,stapler
5c4a428161c51f0001e96b3f,envelope
5c4a428161c51f0001e96b3f,tape
5c4a428161c51f0001e96b3f,highlighter
5c4a428161c51f0001e96b3f,eraser
5c4a428161c51f0001e96b3f,pen
5c4a428161c51f0001e96b3f,pencil
5c4a428161c51f0001e96b3f,keyboard
5c4a428161c51f0001e96b3f,desk pad
5c4a428161c51f0001e96b3f,desk pad
5c4a428161c51f0001e96b3f,telephone
5c4a428161c51f0001e96b3f,ruler
5c4a428161c51f0001e96b3f,ink
5c4a428161c51f0001e96b3f,paper
65d6af2397543519d98f2498,pen
65d6af2397543519d98f2498,paper
65d6af2397543519d98f2498,pencil
65d6af2397543519d98f2498,folder
65d6af2397543519d98f2498,scissors
65d6af2397543519d98f2498,stapler
65d6af2397543519d98f2498,tape
65d6af2397543519d98f2498,coat rack
65d6af2397543519d98f2498,notebook
65d6af2397543519d98f2498,envelope
65d6af2397543519d98f2498,binder
65d6af2397543519d98f2498,folder
65d6af2397543519d98f2498,paper
65d6af2397543519d98f2498,ruler
65d6af2397543519d98f2498,bookends
65d6af2397543519d98f2498,glue
65d6af2397543519d98f2498,marker
65d6af2397543519d98f2498,highlighter
65d6af2397543519d98f2498,keyboard
65d6af2397543519d98f2498,mouse
65d6af2397543519d98f2498,scanner
65d6af2397543519d98f2498,fax machine
65d6af2397543519d98f2498,printer
65d6af2397543519d98f2498,notebook
65d6af2397543519d98f2498,binder
65c10fdabd93bdc59f95835b,tape
65c10fdabd93bdc59f95835b,glue
65c10fdabd93bdc59f95835b,glue
65c10fdabd93bdc59f95835b,push pin
65c10fdabd93bdc59f95835b,marker
65c10fdabd93bdc59f95835b,chalk
65c10fdabd93bdc59f95835b,folder
65c10fdabd93bdc59f95835b,envelope
65c10fdabd93bdc59f95835b,envelope
65c10fdabd93bdc59f95835b,pen
65c10fdabd93bdc59f95835b,pencil
65c10fdabd93bdc59f95835b,eraser
65c10fdabd93bdc59f95835b,scissors
65c10fdabd93bdc59f95835b,paper
65c10fdabd93bdc59f95835b,binder
65c10fdabd93bdc59f95835b,stapler
65c10fdabd93bdc59f95835b,stapler
65c10fdabd93bdc59f95835b,tape
65c10fdabd93bdc59f95835b,post-it
65c10fdabd93bdc59f95835b,notebook
65c10fdabd93bdc59f95835b,binder
65c10fdabd93bdc59f95835b,paper
65c10fdabd93bdc59f95835b,printer
65c10fdabd93bdc59f95835b,paper
65f36565fe88b95d6806e496,pen
65f36565fe88b95d6806e496,pencil
65f36565fe88b95d6806e496,paper
65f36565fe88b95d6806e496,notebook
65f36565fe88b95d6806e496,note pad
65f36565fe88b95d6806e496,ink
65f36565fe88b95d6806e496,stapler
65f36565fe88b95d6806e496,tape
65f36565fe88b95d6806e496,folder
65f36565fe88b95d6806e496,marker
65f36565fe88b95d6806e496,folder
65f36565fe88b95d6806e496,highlighter
65f36565fe88b95d6806e496,ruler
65f36565fe88b95d6806e496,paper
65f36565fe88b95d6806e496,divider
65f36565fe88b95d6806e496,eraser
65f36565fe88b95d6806e496,post-it
65f36565fe88b95d6806e496,notebook
65f36565fe88b95d6806e496,whiteboard
65f36565fe88b95d6806e496,folder
60fcf1a04c245326d05076e0,paper
60fcf1a04c245326d05076e0,post-it
60fcf1a04c245326d05076e0,notebook
60fcf1a04c245326d05076e0,pen
60fcf1a04c245326d05076e0,pencil
60fcf1a04c245326d05076e0,notebook
60fcf1a04c245326d05076e0,legal pad
60fcf1a04c245326d05076e0,binder
60fcf1a04c245326d05076e0,tape
60fcf1a04c245326d05076e0,stapler
60fcf1a04c245326d05076e0,ruler
60fcf1a04c245326d05076e0,bookends
60fcf1a04c245326d05076e0,headset
60fcf1a04c245326d05076e0,folder
60fcf1a04c245326d05076e0,bookends
60fcf1a04c245326d05076e0,folder
60fcf1a04c245326d05076e0,highlighter
60fcf1a04c245326d05076e0,ruler
60fcf1a04c245326d05076e0,scissors
