SID,entry
787646,hammer
787646,scriber
787646,screwdriver
787646,saw
787646,level
787646,chainsaw
787646,shovel
787646,stapler
787646,wrench
787646,stapler
898793,wrench
898793,screwdriver
898793,hammer
898793,wrench
898793,chisel
898793,chalk line
898793,fork
898793,sickle
898793,brush
898793,brush
898793,hand saw
898793,fork
898793,chisel
898793,sickle
898793,file
898793,tiller
898793,gouge
898793,sickle
898793,fork
898793,hand saw
898793,mallet
898793,sander
898793,rasp
898793,fork
898793,sander
898793,planer
898793,mallet
898793,fork
898793,shovel
898793,rake
898793,saw
898793,sickle
898793,sickle
898793,tiller
898793,hoe
898793,gouge
898793,sickle
898793,router
898793,fork
898793,sander
898793,scriber
898793,sander
920371,saw
920371,hammer
920371,drill
920371,screwdriver
920371,tack hammer
920371,wheelbarrow
920371,scriber
920371,router
610108,hammer
610108,saw
610108,screwdriver
610108,stapler
610108,pencil
610108,file
610108,pencil
610108,file
610108,pliers
610108,clamp
610108,clamp
610108,brush
610108,router
610108,protractor
547183,hammer
547183,screwdriver
547183,trowel
547183,drill
547183,trowel
547183,tack hammer
547183,wrecking bar
547183,mallet
547183,wrench
