SID,entry
65c25cf77dca9d7ca7d9ebdb,toes
65c25cf77dca9d7ca7d9ebdb,fingers
65c25cf77dca9d7ca7d9ebdb,wrists
65c25cf77dca9d7ca7d9ebdb,wrists
65c25cf77dca9d7ca7d9ebdb,forearms
65c25cf77dca9d7ca7d9ebdb,bicep
65c25cf77dca9d7ca7d9ebdb,tricep
65c25cf77dca9d7ca7d9ebdb,delts
65c25cf77dca9d7ca7d9ebdb,traps
65c25cf77dca9d7ca7d9ebdb,glutes
65c25cf77dca9d7ca7d9ebdb,quadriceps
65c25cf77dca9d7ca7d9ebdb,calves
65c25cf77dca9d7ca7d9ebdb,abdominals
65c25cf77dca9d7ca7d9ebdb,abductors
65c25cf77dca9d7ca7d9ebdb,pecks
65c25cf77dca9d7ca7d9ebdb,ears
65c25cf77dca9d7ca7d9ebdb,eyes
65c25cf77dca9d7ca7d9ebdb,nose
65c25cf77dca9d7ca7d9ebdb,face
65c25cf77dca9d7ca7d9ebdb,legs
65c25cf77dca9d7ca7d9ebdb,feet
65c25cf77dca9d7ca7d9ebdb,toenails
65c25cf77dca9d7ca7d9ebdb,finger nails
65c25cf77dca9d7ca7d9ebdb,head
65c25cf77dca9d7ca7d9ebdb,torso
65c25cf77dca9d7ca7d9ebdb,mouth
65c25cf77dca9d7ca7d9ebdb,tongue
65c25cf77dca9d7ca7d9ebdb,nostrils
65c25cf77dca9d7ca7d9ebdb,teeth
65c25cf77dca9d7ca7d9ebdb,knuckles
65c25cf77dca9d7ca7d9ebdb,clavicle
65c25cf77dca9d7ca7d9ebdb,ankle 
65c25cf77dca9d7ca7d9ebdb,knee
65c25cf77dca9d7ca7d9ebdb,elbow
65c25cf77dca9d7ca7d9ebdb,hips
65c25cf77dca9d7ca7d9ebdb,pelvis
65c25cf77dca9d7ca7d9ebdb,palms
63ea4ab1ce4168cbe9f63775,head
63ea4ab1ce4168cbe9f63775,scalp
63ea4ab1ce4168cbe9f63775,ears
63ea4ab1ce4168cbe9f63775,eyes
63ea4ab1ce4168cbe9f63775,nose
63ea4ab1ce4168cbe9f63775,mouth
63ea4ab1ce4168cbe9f63775,lips
63ea4ab1ce4168cbe9f63775,neck
63ea4ab1ce4168cbe9f63775,trapezius
63ea4ab1ce4168cbe9f63775,shoulders
63ea4ab1ce4168cbe9f63775,shoulder blades
63ea4ab1ce4168cbe9f63775,bicep
63ea4ab1ce4168cbe9f63775,tricep
63ea4ab1ce4168cbe9f63775,elbow
63ea4ab1ce4168cbe9f63775,forearm
63ea4ab1ce4168cbe9f63775,wrist
63ea4ab1ce4168cbe9f63775,tarsals
63ea4ab1ce4168cbe9f63775,metatarsals
63ea4ab1ce4168cbe9f63775,phalanges
63ea4ab1ce4168cbe9f63775,fingertips
63ea4ab1ce4168cbe9f63775,fingernails
63ea4ab1ce4168cbe9f63775,fingers
63ea4ab1ce4168cbe9f63775,hand
63ea4ab1ce4168cbe9f63775,home
63ea4ab1ce4168cbe9f63775,armpit
63ea4ab1ce4168cbe9f63775,obliques
63ea4ab1ce4168cbe9f63775,chest
63ea4ab1ce4168cbe9f63775,torso
63ea4ab1ce4168cbe9f63775,sternum
63ea4ab1ce4168cbe9f63775,abdomen
63ea4ab1ce4168cbe9f63775,waist
63ea4ab1ce4168cbe9f63775,belly button
63ea4ab1ce4168cbe9f63775,glutes
63ea4ab1ce4168cbe9f63775,butt
63ea4ab1ce4168cbe9f63775,thigh
63ea4ab1ce4168cbe9f63775,hamstring
63ea4ab1ce4168cbe9f63775,quadracep
63ea4ab1ce4168cbe9f63775,knee
63ea4ab1ce4168cbe9f63775,kneecap
63ea4ab1ce4168cbe9f63775,shin
63ea4ab1ce4168cbe9f63775,calf
63ea4ab1ce4168cbe9f63775,ankle
63ea4ab1ce4168cbe9f63775,heel of the foot
63ea4ab1ce4168cbe9f63775,ball of the foot
63ea4ab1ce4168cbe9f63775,toes
63ea4ab1ce4168cbe9f63775,foot
63ea4ab1ce4168cbe9f63775,leg
65e1f75ab3efd22e847cfbf0,toes
65e1f75ab3efd22e847cfbf0,nails
65e1f75ab3efd22e847cfbf0,legs
65e1f75ab3efd22e847cfbf0,arm
65e1f75ab3efd22e847cfbf0,pinky
65e1f75ab3efd22e847cfbf0,thumb
65e1f75ab3efd22e847cfbf0,gluteus maximus
65e1f75ab3efd22e847cfbf0,thighs
65e1f75ab3efd22e847cfbf0,ankle
65e1f75ab3efd22e847cfbf0,stomach
65e1f75ab3efd22e847cfbf0,torso
65e1f75ab3efd22e847cfbf0,shoulders
65e1f75ab3efd22e847cfbf0,chest
65e1f75ab3efd22e847cfbf0,back
65e1f75ab3efd22e847cfbf0,neck
65e1f75ab3efd22e847cfbf0,head
65e1f75ab3efd22e847cfbf0,nose
65e1f75ab3efd22e847cfbf0,eyes
65e1f75ab3efd22e847cfbf0,teeth
65e1f75ab3efd22e847cfbf0,lips
65e1f75ab3efd22e847cfbf0,ears
65e1f75ab3efd22e847cfbf0,feet
65e1f75ab3efd22e847cfbf0,bones
65e1f75ab3efd22e847cfbf0,heart
65e1f75ab3efd22e847cfbf0,lungs
65e1f75ab3efd22e847cfbf0,kidneys
65e1f75ab3efd22e847cfbf0,intestines
65e1f75ab3efd22e847cfbf0,colon
65e1f75ab3efd22e847cfbf0,brain
65e1f75ab3efd22e847cfbf0,skull
65e1f75ab3efd22e847cfbf0,pinky toe
65e1f75ab3efd22e847cfbf0,big toe
65e1f75ab3efd22e847cfbf0,middle toe
65e1f75ab3efd22e847cfbf0,shin
65e1f75ab3efd22e847cfbf0,knee
65e1f75ab3efd22e847cfbf0,elbow
65d6a09286a0c99e632a46dd,head
65d6a09286a0c99e632a46dd,eyes
65d6a09286a0c99e632a46dd,nose
65d6a09286a0c99e632a46dd,mouth
65d6a09286a0c99e632a46dd,ears
65d6a09286a0c99e632a46dd,face
65d6a09286a0c99e632a46dd,throat
65d6a09286a0c99e632a46dd,neck
65d6a09286a0c99e632a46dd,shoulders
65d6a09286a0c99e632a46dd,triceps
65d6a09286a0c99e632a46dd,biceps
65d6a09286a0c99e632a46dd,forearms
65d6a09286a0c99e632a46dd,hands
65d6a09286a0c99e632a46dd,fingers
65d6a09286a0c99e632a46dd,fingernails
65d6a09286a0c99e632a46dd,chest
65d6a09286a0c99e632a46dd,ribs
65d6a09286a0c99e632a46dd,hips
65d6a09286a0c99e632a46dd,thigh
65d6a09286a0c99e632a46dd,femurs
65d6a09286a0c99e632a46dd,feet
65d6a09286a0c99e632a46dd,toes
65d6a09286a0c99e632a46dd,spine
65d6a09286a0c99e632a46dd,vertebrae
65d6a09286a0c99e632a46dd,buttocks
65d6a09286a0c99e632a46dd,tailbone
65d6a09286a0c99e632a46dd,skull
65d6a09286a0c99e632a46dd,liver
65d6a09286a0c99e632a46dd,bladder
65d6a09286a0c99e632a46dd,calves
65d6a09286a0c99e632a46dd,muscle
65d6a09286a0c99e632a46dd,shoulder blades
60a48adfe091e410f4eaba34,arm
60a48adfe091e410f4eaba34,leg
60a48adfe091e410f4eaba34,nose
60a48adfe091e410f4eaba34,face
60a48adfe091e410f4eaba34,eyes
60a48adfe091e410f4eaba34,toes
60a48adfe091e410f4eaba34,fingers
60a48adfe091e410f4eaba34,wrist
60a48adfe091e410f4eaba34,shoulder
60a48adfe091e410f4eaba34,head
60a48adfe091e410f4eaba34,mouth
60a48adfe091e410f4eaba34,foot
60a48adfe091e410f4eaba34,knee
60a48adfe091e410f4eaba34,leg
60a48adfe091e410f4eaba34,chest
60a48adfe091e410f4eaba34,thigh
60a48adfe091e410f4eaba34,hip
60a48adfe091e410f4eaba34,back
60a48adfe091e410f4eaba34,neck
60a48adfe091e410f4eaba34,ear
60a48adfe091e410f4eaba34,butt
60a48adfe091e410f4eaba34,elbow
60a48adfe091e410f4eaba34,but
60a48adfe091e410f4eaba34,cheeks
65e862f844f1b7a803bb3c5a,head
65e862f844f1b7a803bb3c5a,eyes
65e862f844f1b7a803bb3c5a,nose
65e862f844f1b7a803bb3c5a,ears
65e862f844f1b7a803bb3c5a,oesophagus
65e862f844f1b7a803bb3c5a,neck
65e862f844f1b7a803bb3c5a,chin
65e862f844f1b7a803bb3c5a,chest
65e862f844f1b7a803bb3c5a,breast
65e862f844f1b7a803bb3c5a,shoulder
65e862f844f1b7a803bb3c5a,waist
65e862f844f1b7a803bb3c5a,stomach
65e862f844f1b7a803bb3c5a,navel
65e862f844f1b7a803bb3c5a,leg
65e862f844f1b7a803bb3c5a,knee
65e862f844f1b7a803bb3c5a,ankle
65e862f844f1b7a803bb3c5a,fingers
65e862f844f1b7a803bb3c5a,intestine
65e862f844f1b7a803bb3c5a,small intestine
65e862f844f1b7a803bb3c5a,big intestine
65e862f844f1b7a803bb3c5a,heart
65e862f844f1b7a803bb3c5a,vein
65e862f844f1b7a803bb3c5a,forehead
65e862f844f1b7a803bb3c5a,thighs
65e862f844f1b7a803bb3c5a,calves
65e862f844f1b7a803bb3c5a,arms
65e862f844f1b7a803bb3c5a,bladder
65e862f844f1b7a803bb3c5a,knuckles
65e862f844f1b7a803bb3c5a,skull
5d7ff4aa50fda7001a863736,arm
5d7ff4aa50fda7001a863736,legs
5d7ff4aa50fda7001a863736,eyes
5d7ff4aa50fda7001a863736,hands
5d7ff4aa50fda7001a863736,fingers
5d7ff4aa50fda7001a863736,toe
5d7ff4aa50fda7001a863736,foot
5d7ff4aa50fda7001a863736,chest
5d7ff4aa50fda7001a863736,back
5d7ff4aa50fda7001a863736,kneecaps
5d7ff4aa50fda7001a863736,elbow
5d7ff4aa50fda7001a863736,neck
5d7ff4aa50fda7001a863736,head
5d7ff4aa50fda7001a863736,shoulder
5d7ff4aa50fda7001a863736,ankle
5d7ff4aa50fda7001a863736,nose
5d7ff4aa50fda7001a863736,lips
5f5aa60bef062519ff711fe6,toes
5f5aa60bef062519ff711fe6,feet
5f5aa60bef062519ff711fe6,arms
5f5aa60bef062519ff711fe6,legs
5f5aa60bef062519ff711fe6,thighs
5f5aa60bef062519ff711fe6,head
5f5aa60bef062519ff711fe6,shoulders
5f5aa60bef062519ff711fe6,knees
5f5aa60bef062519ff711fe6,elbows
5f5aa60bef062519ff711fe6,buttocks
5f5aa60bef062519ff711fe6,genitalia
5f5aa60bef062519ff711fe6,stomach
5f5aa60bef062519ff711fe6,chest
5f5aa60bef062519ff711fe6,fingers
5f5aa60bef062519ff711fe6,ears
5f5aa60bef062519ff711fe6,nose
5f5aa60bef062519ff711fe6,eyes
5f5aa60bef062519ff711fe6,cheek
5f5aa60bef062519ff711fe6,heel
5f5aa60bef062519ff711fe6,bicep
5f5aa60bef062519ff711fe6,tricep
5f5aa60bef062519ff711fe6,deltoid
5f5aa60bef062519ff711fe6,quadricep
5f5aa60bef062519ff711fe6,heart
5f5aa60bef062519ff711fe6,liver
5f5aa60bef062519ff711fe6,lungs
5f5aa60bef062519ff711fe6,small intestine
5f5aa60bef062519ff711fe6,large intestine
5f5aa60bef062519ff711fe6,the brain
5f5aa60bef062519ff711fe6,cerebellum
5f5aa60bef062519ff711fe6,cerebral cortex
5f5aa60bef062519ff711fe6,gallbladder
5f5aa60bef062519ff711fe6,spleen
5f5aa60bef062519ff711fe6,bladder
5f5aa60bef062519ff711fe6,scapula
5f5aa60bef062519ff711fe6,humerus
5f5aa60bef062519ff711fe6,ulna
5f5aa60bef062519ff711fe6,femur
5f5aa60bef062519ff711fe6,tibia
63e802622f8052bd67d6c5f0,leg
63e802622f8052bd67d6c5f0,toe
63e802622f8052bd67d6c5f0,skin
63e802622f8052bd67d6c5f0,finger
63e802622f8052bd67d6c5f0,fingernail
63e802622f8052bd67d6c5f0,eye
63e802622f8052bd67d6c5f0,eyelid
63e802622f8052bd67d6c5f0,eyelash
63e802622f8052bd67d6c5f0,face
63e802622f8052bd67d6c5f0,chin
63e802622f8052bd67d6c5f0,mouth
63e802622f8052bd67d6c5f0,teeth
63e802622f8052bd67d6c5f0,hair
63e802622f8052bd67d6c5f0,hip
63e802622f8052bd67d6c5f0,shin
63e802622f8052bd67d6c5f0,shoulder
63e802622f8052bd67d6c5f0,elbow
63e802622f8052bd67d6c5f0,knee
63e802622f8052bd67d6c5f0,ear
63e802622f8052bd67d6c5f0,brain
63e802622f8052bd67d6c5f0,bone
63e802622f8052bd67d6c5f0,knuckle
63e802622f8052bd67d6c5f0,chest
63e802622f8052bd67d6c5f0,buttocks
60d731567049e5132e3cc4d4,finger
60d731567049e5132e3cc4d4,fingernail
60d731567049e5132e3cc4d4,hand
60d731567049e5132e3cc4d4,palm
60d731567049e5132e3cc4d4,wrist
60d731567049e5132e3cc4d4,forearm
60d731567049e5132e3cc4d4,elbow
60d731567049e5132e3cc4d4,bicep
60d731567049e5132e3cc4d4,shoulder
60d731567049e5132e3cc4d4,chest
60d731567049e5132e3cc4d4,stomach
60d731567049e5132e3cc4d4,belly button
60d731567049e5132e3cc4d4,hips
60d731567049e5132e3cc4d4,ribs
60d731567049e5132e3cc4d4,thighs
60d731567049e5132e3cc4d4,knees
60d731567049e5132e3cc4d4,calves
60d731567049e5132e3cc4d4,ankles
60d731567049e5132e3cc4d4,feet
60d731567049e5132e3cc4d4,toes
60d731567049e5132e3cc4d4,toenails
60d731567049e5132e3cc4d4,neck
60d731567049e5132e3cc4d4,spine
60d731567049e5132e3cc4d4,back
60d731567049e5132e3cc4d4,shoulder blades
60d731567049e5132e3cc4d4,head
60d731567049e5132e3cc4d4,eyes
60d731567049e5132e3cc4d4,nose
60d731567049e5132e3cc4d4,ears
60d731567049e5132e3cc4d4,lips
60d731567049e5132e3cc4d4,mouth
60d731567049e5132e3cc4d4,teeth
60d731567049e5132e3cc4d4,tongue
60d731567049e5132e3cc4d4,eyebrows
60d731567049e5132e3cc4d4,hair
60d731567049e5132e3cc4d4,forehead
60d731567049e5132e3cc4d4,cheeks
60d731567049e5132e3cc4d4,buttocks
60d731567049e5132e3cc4d4,genitalia
60d731567049e5132e3cc4d4,knuckles
60d731567049e5132e3cc4d4,ribs
60d731567049e5132e3cc4d4,esophagus
60d731567049e5132e3cc4d4,stomach
60d731567049e5132e3cc4d4,heart
60d731567049e5132e3cc4d4,lungs
60d731567049e5132e3cc4d4,liver
60d731567049e5132e3cc4d4,pancreas
60d731567049e5132e3cc4d4,gallbladder
60d731567049e5132e3cc4d4,bladder
60d731567049e5132e3cc4d4,veins
60d731567049e5132e3cc4d4,arteries
60d731567049e5132e3cc4d4,brain
60d731567049e5132e3cc4d4,nerves
60d731567049e5132e3cc4d4,tonsils
60d731567049e5132e3cc4d4,throat
65d54b3b524fcafb543d1b23,hands
65d54b3b524fcafb543d1b23,fingernails
65d54b3b524fcafb543d1b23,toenails
65d54b3b524fcafb543d1b23,legs
65d54b3b524fcafb543d1b23,thighs
65d54b3b524fcafb543d1b23,knee
65d54b3b524fcafb543d1b23,head
65d54b3b524fcafb543d1b23,eyes
65d54b3b524fcafb543d1b23,nose
65d54b3b524fcafb543d1b23,mouth
65d54b3b524fcafb543d1b23,teeth
65d54b3b524fcafb543d1b23,tongue
65d54b3b524fcafb543d1b23,heart
65d54b3b524fcafb543d1b23,intestines
65d54b3b524fcafb543d1b23,pancreas
65d54b3b524fcafb543d1b23,gallbladder
65d54b3b524fcafb543d1b23,uterus
65d54b3b524fcafb543d1b23,forearm
65d54b3b524fcafb543d1b23,kidneys
65d54b3b524fcafb543d1b23,lungs
65d54b3b524fcafb543d1b23,esophagus
65d54b3b524fcafb543d1b23,ears
65d54b3b524fcafb543d1b23,the heart
65d54b3b524fcafb543d1b23,stomach
65b15afd94153c1f50c92493,arm
65b15afd94153c1f50c92493,leg
65b15afd94153c1f50c92493,hair
65b15afd94153c1f50c92493,torso
65b15afd94153c1f50c92493,toes
65b15afd94153c1f50c92493,fingers
65b15afd94153c1f50c92493,nails
65b15afd94153c1f50c92493,teeth
65b15afd94153c1f50c92493,eyes
65b15afd94153c1f50c92493,nose
65b15afd94153c1f50c92493,ears
65b15afd94153c1f50c92493,lips
65b15afd94153c1f50c92493,thighs
65b15afd94153c1f50c92493,stomach
65b15afd94153c1f50c92493,bones
65b15afd94153c1f50c92493,skin
65b15afd94153c1f50c92493,tongue
65b15afd94153c1f50c92493,mouth
65b15afd94153c1f50c92493,back
65b15afd94153c1f50c92493,eyes
65cb63e160bb47fbf9349269,arms
65cb63e160bb47fbf9349269,legs
65cb63e160bb47fbf9349269,eyes
65cb63e160bb47fbf9349269,nose
65cb63e160bb47fbf9349269,mouth
65cb63e160bb47fbf9349269,ears
65cb63e160bb47fbf9349269,cheeks
65cb63e160bb47fbf9349269,forehead
65cb63e160bb47fbf9349269,head
65cb63e160bb47fbf9349269,ears
65cb63e160bb47fbf9349269,ear lobes
65cb63e160bb47fbf9349269,hair
65cb63e160bb47fbf9349269,spine
65cb63e160bb47fbf9349269,shoulders
65cb63e160bb47fbf9349269,biceps
65cb63e160bb47fbf9349269,elbows
65cb63e160bb47fbf9349269,calves
65cb63e160bb47fbf9349269,forearms
65cb63e160bb47fbf9349269,wrist
65cb63e160bb47fbf9349269,fingers
65cb63e160bb47fbf9349269,fingernails
65cb63e160bb47fbf9349269,palms
65cb63e160bb47fbf9349269,chest
65cb63e160bb47fbf9349269,stomach
65cb63e160bb47fbf9349269,thighs
65cb63e160bb47fbf9349269,feet
65cb63e160bb47fbf9349269,toes
65cb63e160bb47fbf9349269,toenails
65cb63e160bb47fbf9349269,ankles
65cb63e160bb47fbf9349269,knees
65cb63e160bb47fbf9349269,hips
65cb63e160bb47fbf9349269,eyebrows
65cc19b4b3d48a22dfc6756d,head
65cc19b4b3d48a22dfc6756d,neck
65cc19b4b3d48a22dfc6756d,arms
65cc19b4b3d48a22dfc6756d,chest
65cc19b4b3d48a22dfc6756d,wrist
65cc19b4b3d48a22dfc6756d,fingers
65cc19b4b3d48a22dfc6756d,toes
65cc19b4b3d48a22dfc6756d,legs
65cc19b4b3d48a22dfc6756d,knees
65cc19b4b3d48a22dfc6756d,stomach
65cc19b4b3d48a22dfc6756d,ankles
65cc19b4b3d48a22dfc6756d,heels
65cc19b4b3d48a22dfc6756d,calves
65cc19b4b3d48a22dfc6756d,biceps
65cc19b4b3d48a22dfc6756d,tail bone
65cc19b4b3d48a22dfc6756d,ears
65cc19b4b3d48a22dfc6756d,nose
65cc19b4b3d48a22dfc6756d,eyes
65cc19b4b3d48a22dfc6756d,lips
65cc19b4b3d48a22dfc6756d,nails
65cc19b4b3d48a22dfc6756d,knuckles
65cc19b4b3d48a22dfc6756d,knees
65cc19b4b3d48a22dfc6756d,heart
65cc19b4b3d48a22dfc6756d,stomach
65cc19b4b3d48a22dfc6756d,intestines
65cc19b4b3d48a22dfc6756d,brain
65cc19b4b3d48a22dfc6756d,muscles
65cc19b4b3d48a22dfc6756d,tendons
65cc19b4b3d48a22dfc6756d,veins
65cc19b4b3d48a22dfc6756d,lungs
65cc19b4b3d48a22dfc6756d,liver
65cc19b4b3d48a22dfc6756d,spleen
65cc19b4b3d48a22dfc6756d,colon
65cc19b4b3d48a22dfc6756d,nipples
65cc19b4b3d48a22dfc6756d,tongue
65cc19b4b3d48a22dfc6756d,teeth
65e358d9c5e3ee026268b2a7,toes
65e358d9c5e3ee026268b2a7,feet
65e358d9c5e3ee026268b2a7,heels
65e358d9c5e3ee026268b2a7,shins
65e358d9c5e3ee026268b2a7,calves
65e358d9c5e3ee026268b2a7,knees
65e358d9c5e3ee026268b2a7,thighs
65e358d9c5e3ee026268b2a7,hips
65e358d9c5e3ee026268b2a7,pubic areas
65e358d9c5e3ee026268b2a7,glutes
65e358d9c5e3ee026268b2a7,stomachs
65e358d9c5e3ee026268b2a7,pecks
65e358d9c5e3ee026268b2a7,breasts
65e358d9c5e3ee026268b2a7,shoulders
65e358d9c5e3ee026268b2a7,back
65e358d9c5e3ee026268b2a7,backs
65e358d9c5e3ee026268b2a7,arms
65e358d9c5e3ee026268b2a7,elbows
65e358d9c5e3ee026268b2a7,hands
65e358d9c5e3ee026268b2a7,fingers
65e358d9c5e3ee026268b2a7,thumb
65e358d9c5e3ee026268b2a7,neck
65e358d9c5e3ee026268b2a7,face
65e358d9c5e3ee026268b2a7,eyes
65e358d9c5e3ee026268b2a7,mouth
65e358d9c5e3ee026268b2a7,nose
65e358d9c5e3ee026268b2a7,chin
65e358d9c5e3ee026268b2a7,ears
65e358d9c5e3ee026268b2a7,forehead
65e358d9c5e3ee026268b2a7,scalp
65e358d9c5e3ee026268b2a7,cheeks
65e358d9c5e3ee026268b2a7,torso
65e358d9c5e3ee026268b2a7,traps
65e358d9c5e3ee026268b2a7,lats
65e358d9c5e3ee026268b2a7,rhomboids
65e358d9c5e3ee026268b2a7,tongue
65e358d9c5e3ee026268b2a7,teeth
