SID,entry
65c25cf77dca9d7ca7d9ebdb,biceps
65c25cf77dca9d7ca7d9ebdb,triceps
65c25cf77dca9d7ca7d9ebdb,arch
65c25cf77dca9d7ca7d9ebdb,quadriceps
65c25cf77dca9d7ca7d9ebdb,ear
65c25cf77dca9d7ca7d9ebdb,eye
65c25cf77dca9d7ca7d9ebdb,nose
65c25cf77dca9d7ca7d9ebdb,face
65c25cf77dca9d7ca7d9ebdb,heel
65c25cf77dca9d7ca7d9ebdb,mouth
6596a5cad60ef105b6c18897,fingernail
6596a5cad60ef105b6c18897,toe
6596a5cad60ef105b6c18897,teeth
6596a5cad60ef105b6c18897,ankle
6596a5cad60ef105b6c18897,eye
6596a5cad60ef105b6c18897,ear
6596a5cad60ef105b6c18897,mouth
6596a5cad60ef105b6c18897,teeth
6596a5cad60ef105b6c18897,tongue
6596a5cad60ef105b6c18897,nose
6596a5cad60ef105b6c18897,eyelash
6596a5cad60ef105b6c18897,eyebrow
6596a5cad60ef105b6c18897,forehead
6596a5cad60ef105b6c18897,cheek
6596a5cad60ef105b6c18897,neck
6596a5cad60ef105b6c18897,palm
6596a5cad60ef105b6c18897,wrist
6596a5cad60ef105b6c18897,forearm
6596a5cad60ef105b6c18897,shoulder
6596a5cad60ef105b6c18897,toe
6596a5cad60ef105b6c18897,buttock
6596a5cad60ef105b6c18897,waist
6596a5cad60ef105b6c18897,stomach
6596a5cad60ef105b6c18897,back
6596a5cad60ef105b6c18897,biceps
6596a5cad60ef105b6c18897,triceps
6596a5cad60ef105b6c18897,hamstring
5885f97f41da4500014d3645,arm
5885f97f41da4500014d3645,stomach
5885f97f41da4500014d3645,chest
5885f97f41da4500014d3645,teeth
5885f97f41da4500014d3645,hand
5885f97f41da4500014d3645,penis
5885f97f41da4500014d3645,vagina
5885f97f41da4500014d3645,hair
5885f97f41da4500014d3645,head
5885f97f41da4500014d3645,eye
5885f97f41da4500014d3645,nose
5885f97f41da4500014d3645,mouth
5885f97f41da4500014d3645,toe
5885f97f41da4500014d3645,joint
5885f97f41da4500014d3645,skin
63ea4ab1ce4168cbe9f63775,head
63ea4ab1ce4168cbe9f63775,ear
63ea4ab1ce4168cbe9f63775,eye
63ea4ab1ce4168cbe9f63775,nose
63ea4ab1ce4168cbe9f63775,mouth
63ea4ab1ce4168cbe9f63775,lip
63ea4ab1ce4168cbe9f63775,neck
63ea4ab1ce4168cbe9f63775,shoulder
63ea4ab1ce4168cbe9f63775,biceps
63ea4ab1ce4168cbe9f63775,triceps
63ea4ab1ce4168cbe9f63775,elbow
63ea4ab1ce4168cbe9f63775,forearm
63ea4ab1ce4168cbe9f63775,wrist
63ea4ab1ce4168cbe9f63775,metatarsals
63ea4ab1ce4168cbe9f63775,phalanges
63ea4ab1ce4168cbe9f63775,fingertip
63ea4ab1ce4168cbe9f63775,fingernail
63ea4ab1ce4168cbe9f63775,skin
63ea4ab1ce4168cbe9f63775,iris
63ea4ab1ce4168cbe9f63775,hand
63ea4ab1ce4168cbe9f63775,armpit
63ea4ab1ce4168cbe9f63775,sternum
63ea4ab1ce4168cbe9f63775,abdomen
63ea4ab1ce4168cbe9f63775,waist
63ea4ab1ce4168cbe9f63775,ball
63ea4ab1ce4168cbe9f63775,buttock
63ea4ab1ce4168cbe9f63775,hamstring
63ea4ab1ce4168cbe9f63775,shin
63ea4ab1ce4168cbe9f63775,nose
63ea4ab1ce4168cbe9f63775,ankle
63ea4ab1ce4168cbe9f63775,nose
63ea4ab1ce4168cbe9f63775,foot
600f9342e7bc5518fa9ca92a,face
600f9342e7bc5518fa9ca92a,stomach
600f9342e7bc5518fa9ca92a,ankle
600f9342e7bc5518fa9ca92a,shin
600f9342e7bc5518fa9ca92a,eye
600f9342e7bc5518fa9ca92a,mouth
600f9342e7bc5518fa9ca92a,nose
600f9342e7bc5518fa9ca92a,toe
600f9342e7bc5518fa9ca92a,index finger
600f9342e7bc5518fa9ca92a,thumb
600f9342e7bc5518fa9ca92a,penis
65e1f75ab3efd22e847cfbf0,toe
65e1f75ab3efd22e847cfbf0,nail
65e1f75ab3efd22e847cfbf0,lens
65e1f75ab3efd22e847cfbf0,arm
65e1f75ab3efd22e847cfbf0,radius
65e1f75ab3efd22e847cfbf0,spine
65e1f75ab3efd22e847cfbf0,ankle
65e1f75ab3efd22e847cfbf0,stomach
65e1f75ab3efd22e847cfbf0,shoulder
65e1f75ab3efd22e847cfbf0,chest
65e1f75ab3efd22e847cfbf0,back
65e1f75ab3efd22e847cfbf0,neck
65e1f75ab3efd22e847cfbf0,head
65e1f75ab3efd22e847cfbf0,nose
65e1f75ab3efd22e847cfbf0,eye
65e1f75ab3efd22e847cfbf0,lip
65e1f75ab3efd22e847cfbf0,ear
65e1f75ab3efd22e847cfbf0,teeth
65e1f75ab3efd22e847cfbf0,bone
65e1f75ab3efd22e847cfbf0,heart
65e1f75ab3efd22e847cfbf0,lungs
65e1f75ab3efd22e847cfbf0,kidney
65e1f75ab3efd22e847cfbf0,intestine
65e1f75ab3efd22e847cfbf0,colon
65e1f75ab3efd22e847cfbf0,brain
65e1f75ab3efd22e847cfbf0,skull
65e1f75ab3efd22e847cfbf0,toe
65e1f75ab3efd22e847cfbf0,toe
65e1f75ab3efd22e847cfbf0,hand
65e1f75ab3efd22e847cfbf0,elbow
601f6a2231a2904b79df1671,head
601f6a2231a2904b79df1671,shoulder
601f6a2231a2904b79df1671,knee
601f6a2231a2904b79df1671,toe
601f6a2231a2904b79df1671,arm
601f6a2231a2904b79df1671,wrist
601f6a2231a2904b79df1671,liver
601f6a2231a2904b79df1671,arm
601f6a2231a2904b79df1671,elbow
601f6a2231a2904b79df1671,shoulder
601f6a2231a2904b79df1671,shin
601f6a2231a2904b79df1671,hair
601f6a2231a2904b79df1671,ball
601f6a2231a2904b79df1671,chest
601f6a2231a2904b79df1671,nose
601f6a2231a2904b79df1671,lip
601f6a2231a2904b79df1671,teeth
601f6a2231a2904b79df1671,tongue
601f6a2231a2904b79df1671,eye
601f6a2231a2904b79df1671,eyebrow
601f6a2231a2904b79df1671,eyelash
601f6a2231a2904b79df1671,spine
601f6a2231a2904b79df1671,liver
601f6a2231a2904b79df1671,intestine
601f6a2231a2904b79df1671,intestine
601f6a2231a2904b79df1671,heart
601f6a2231a2904b79df1671,bladder
601f6a2231a2904b79df1671,thyroid
601f6a2231a2904b79df1671,brain
601f6a2231a2904b79df1671,kidney
601f6a2231a2904b79df1671,fingernail
601f6a2231a2904b79df1671,cornea
601f6a2231a2904b79df1671,iris
601f6a2231a2904b79df1671,pupil
654108d38225e168af4b1fa0,arm
654108d38225e168af4b1fa0,elbow
654108d38225e168af4b1fa0,hand
654108d38225e168af4b1fa0,fingernail
654108d38225e168af4b1fa0,shoulder
654108d38225e168af4b1fa0,neck
654108d38225e168af4b1fa0,head
654108d38225e168af4b1fa0,ear
654108d38225e168af4b1fa0,nose
654108d38225e168af4b1fa0,mouth
654108d38225e168af4b1fa0,tongue
654108d38225e168af4b1fa0,waist
654108d38225e168af4b1fa0,foot
654108d38225e168af4b1fa0,toe
654108d38225e168af4b1fa0,tonsil
654108d38225e168af4b1fa0,abdomen
654108d38225e168af4b1fa0,knuckle
654108d38225e168af4b1fa0,pelvis
654108d38225e168af4b1fa0,ankle
654108d38225e168af4b1fa0,wrist
654108d38225e168af4b1fa0,forearm
654108d38225e168af4b1fa0,shin
654108d38225e168af4b1fa0,hip
65d6a09286a0c99e632a46dd,ovary
65d6a09286a0c99e632a46dd,head
65d6a09286a0c99e632a46dd,eye
65d6a09286a0c99e632a46dd,nose
65d6a09286a0c99e632a46dd,mouth
65d6a09286a0c99e632a46dd,ear
65d6a09286a0c99e632a46dd,face
65d6a09286a0c99e632a46dd,throat
65d6a09286a0c99e632a46dd,neck
65d6a09286a0c99e632a46dd,triceps
65d6a09286a0c99e632a46dd,biceps
65d6a09286a0c99e632a46dd,forearm
65d6a09286a0c99e632a46dd,hand
65d6a09286a0c99e632a46dd,fingernail
65d6a09286a0c99e632a46dd,chest
65d6a09286a0c99e632a46dd,ribs
65d6a09286a0c99e632a46dd,hip
65d6a09286a0c99e632a46dd,spine
65d6a09286a0c99e632a46dd,valve
65d6a09286a0c99e632a46dd,femur
65d6a09286a0c99e632a46dd,teeth
65d6a09286a0c99e632a46dd,toe
65d6a09286a0c99e632a46dd,spine
65d6a09286a0c99e632a46dd,heart
65d6a09286a0c99e632a46dd,hair
65d6a09286a0c99e632a46dd,skull
65d6a09286a0c99e632a46dd,shoulder
65d6a09286a0c99e632a46dd,head
65d6a09286a0c99e632a46dd,liver
65d6a09286a0c99e632a46dd,liver
65d6a09286a0c99e632a46dd,bladder
65d6a09286a0c99e632a46dd,valve
65d6a09286a0c99e632a46dd,muscle
60a48adfe091e410f4eaba34,arm
60a48adfe091e410f4eaba34,nose
60a48adfe091e410f4eaba34,face
60a48adfe091e410f4eaba34,eye
60a48adfe091e410f4eaba34,toe
60a48adfe091e410f4eaba34,wrist
60a48adfe091e410f4eaba34,shoulder
60a48adfe091e410f4eaba34,head
60a48adfe091e410f4eaba34,mouth
60a48adfe091e410f4eaba34,chest
60a48adfe091e410f4eaba34,toe
60a48adfe091e410f4eaba34,hip
60a48adfe091e410f4eaba34,back
60a48adfe091e410f4eaba34,neck
60a48adfe091e410f4eaba34,ear
60a48adfe091e410f4eaba34,elbow
60a48adfe091e410f4eaba34,cheek
6081806ab383aa89f6c61940,hand
6081806ab383aa89f6c61940,fingernail
6081806ab383aa89f6c61940,knuckle
6081806ab383aa89f6c61940,wrist
6081806ab383aa89f6c61940,arm
6081806ab383aa89f6c61940,elbow
6081806ab383aa89f6c61940,shoulder
6081806ab383aa89f6c61940,toe
6081806ab383aa89f6c61940,clavicle
6081806ab383aa89f6c61940,chest
6081806ab383aa89f6c61940,armpit
6081806ab383aa89f6c61940,ball
6081806ab383aa89f6c61940,buttock
6081806ab383aa89f6c61940,back
6081806ab383aa89f6c61940,stomach
6081806ab383aa89f6c61940,spine
6081806ab383aa89f6c61940,jaw
6081806ab383aa89f6c61940,chin
6081806ab383aa89f6c61940,head
6081806ab383aa89f6c61940,ear
6081806ab383aa89f6c61940,eye
6081806ab383aa89f6c61940,nose
6081806ab383aa89f6c61940,mouth
6081806ab383aa89f6c61940,head
6081806ab383aa89f6c61940,teeth
6081806ab383aa89f6c61940,tongue
6081806ab383aa89f6c61940,lens
6081806ab383aa89f6c61940,ankle
6081806ab383aa89f6c61940,heel
6081806ab383aa89f6c61940,foot
6081806ab383aa89f6c61940,toe
6081806ab383aa89f6c61940,toe
6081806ab383aa89f6c61940,nail
6081806ab383aa89f6c61940,shin
6081806ab383aa89f6c61940,penis
6081806ab383aa89f6c61940,vagina
6081806ab383aa89f6c61940,hip
6081806ab383aa89f6c61940,ribs
6081806ab383aa89f6c61940,heart
6081806ab383aa89f6c61940,lungs
6081806ab383aa89f6c61940,intestine
6081806ab383aa89f6c61940,liver
6081806ab383aa89f6c61940,kidney
6081806ab383aa89f6c61940,pancreas
6081806ab383aa89f6c61940,thyroid
6073e0d481953bbd2cd61145,arm
6073e0d481953bbd2cd61145,head
6073e0d481953bbd2cd61145,knee
6073e0d481953bbd2cd61145,shoulder
6073e0d481953bbd2cd61145,toe
6073e0d481953bbd2cd61145,eye
6073e0d481953bbd2cd61145,brain
6073e0d481953bbd2cd61145,ear
6073e0d481953bbd2cd61145,tongue
6073e0d481953bbd2cd61145,ankle
6073e0d481953bbd2cd61145,wrist
6073e0d481953bbd2cd61145,elbow
65e862f844f1b7a803bb3c5a,ear
65e862f844f1b7a803bb3c5a,neck
65e862f844f1b7a803bb3c5a,chest
65e862f844f1b7a803bb3c5a,shoulder
65e862f844f1b7a803bb3c5a,stomach
65e862f844f1b7a803bb3c5a,nose
65e862f844f1b7a803bb3c5a,ankle
65e862f844f1b7a803bb3c5a,small intestine
65e862f844f1b7a803bb3c5a,intestine
65e862f844f1b7a803bb3c5a,head
65e862f844f1b7a803bb3c5a,hair
65e862f844f1b7a803bb3c5a,nose
65e862f844f1b7a803bb3c5a,arm
65e862f844f1b7a803bb3c5a,bladder
65e862f844f1b7a803bb3c5a,knuckle
65e862f844f1b7a803bb3c5a,calf
5d7ff4aa50fda7001a863736,arm
5d7ff4aa50fda7001a863736,lens
5d7ff4aa50fda7001a863736,chest
5d7ff4aa50fda7001a863736,back
5d7ff4aa50fda7001a863736,elbow
5d7ff4aa50fda7001a863736,ankle
5d7ff4aa50fda7001a863736,nose
5f5aa60bef062519ff711fe6,toe
5f5aa60bef062519ff711fe6,teeth
5f5aa60bef062519ff711fe6,arm
5f5aa60bef062519ff711fe6,lens
5f5aa60bef062519ff711fe6,eye
5f5aa60bef062519ff711fe6,head
5f5aa60bef062519ff711fe6,shoulder
5f5aa60bef062519ff711fe6,knee
5f5aa60bef062519ff711fe6,elbow
5f5aa60bef062519ff711fe6,buttock
5f5aa60bef062519ff711fe6,stomach
5f5aa60bef062519ff711fe6,chest
5f5aa60bef062519ff711fe6,ear
5f5aa60bef062519ff711fe6,nose
5f5aa60bef062519ff711fe6,eye
5f5aa60bef062519ff711fe6,cheek
5f5aa60bef062519ff711fe6,heel
5f5aa60bef062519ff711fe6,biceps
5f5aa60bef062519ff711fe6,triceps
5f5aa60bef062519ff711fe6,deltoid
5f5aa60bef062519ff711fe6,quadriceps
5f5aa60bef062519ff711fe6,heart
5f5aa60bef062519ff711fe6,liver
5f5aa60bef062519ff711fe6,small intestine
5f5aa60bef062519ff711fe6,intestine
5f5aa60bef062519ff711fe6,cerebellum
5f5aa60bef062519ff711fe6,cornea
5f5aa60bef062519ff711fe6,gallbladder
5f5aa60bef062519ff711fe6,spleen
5f5aa60bef062519ff711fe6,bladder
5f5aa60bef062519ff711fe6,scapula
5f5aa60bef062519ff711fe6,humerus
5f5aa60bef062519ff711fe6,femur
5f5aa60bef062519ff711fe6,tibia
63619eb02e5bd8f4f7bd138a,head
63619eb02e5bd8f4f7bd138a,nose
63619eb02e5bd8f4f7bd138a,ear
63619eb02e5bd8f4f7bd138a,nose
63619eb02e5bd8f4f7bd138a,cheek
63619eb02e5bd8f4f7bd138a,forehead
63619eb02e5bd8f4f7bd138a,chin
63619eb02e5bd8f4f7bd138a,eyebrow
63619eb02e5bd8f4f7bd138a,shoulder
63619eb02e5bd8f4f7bd138a,neck
63619eb02e5bd8f4f7bd138a,chest
63619eb02e5bd8f4f7bd138a,back
63619eb02e5bd8f4f7bd138a,thigh
63619eb02e5bd8f4f7bd138a,teeth
63619eb02e5bd8f4f7bd138a,knee
63619eb02e5bd8f4f7bd138a,biceps
63619eb02e5bd8f4f7bd138a,femur
63619eb02e5bd8f4f7bd138a,arm
63619eb02e5bd8f4f7bd138a,abdomen
63e802622f8052bd67d6c5f0,toe
63e802622f8052bd67d6c5f0,fingernail
63e802622f8052bd67d6c5f0,eyelash
63e802622f8052bd67d6c5f0,face
63e802622f8052bd67d6c5f0,mouth
63e802622f8052bd67d6c5f0,teeth
63e802622f8052bd67d6c5f0,hair
63e802622f8052bd67d6c5f0,hip
63e802622f8052bd67d6c5f0,shin
63e802622f8052bd67d6c5f0,shoulder
63e802622f8052bd67d6c5f0,elbow
63e802622f8052bd67d6c5f0,heel
63e802622f8052bd67d6c5f0,brain
63e802622f8052bd67d6c5f0,chest
6554de7d91c1b1bf51104fda,arm
6554de7d91c1b1bf51104fda,head
6554de7d91c1b1bf51104fda,ribs
6554de7d91c1b1bf51104fda,forearm
6554de7d91c1b1bf51104fda,tongue
6554de7d91c1b1bf51104fda,nose
6554de7d91c1b1bf51104fda,bone
6554de7d91c1b1bf51104fda,stomach
6554de7d91c1b1bf51104fda,back
6554de7d91c1b1bf51104fda,sole
6554de7d91c1b1bf51104fda,pore
6554de7d91c1b1bf51104fda,shoulder
6554de7d91c1b1bf51104fda,shin
6554de7d91c1b1bf51104fda,teeth
6554de7d91c1b1bf51104fda,pupil
6554de7d91c1b1bf51104fda,hip
6554de7d91c1b1bf51104fda,thigh
6554de7d91c1b1bf51104fda,liver
6554de7d91c1b1bf51104fda,heart
60d731567049e5132e3cc4d4,fingernail
60d731567049e5132e3cc4d4,hand
60d731567049e5132e3cc4d4,palm
60d731567049e5132e3cc4d4,wrist
60d731567049e5132e3cc4d4,forearm
60d731567049e5132e3cc4d4,elbow
60d731567049e5132e3cc4d4,biceps
60d731567049e5132e3cc4d4,shoulder
60d731567049e5132e3cc4d4,chest
60d731567049e5132e3cc4d4,stomach
60d731567049e5132e3cc4d4,ball
60d731567049e5132e3cc4d4,buttock
60d731567049e5132e3cc4d4,hip
60d731567049e5132e3cc4d4,ribs
60d731567049e5132e3cc4d4,thigh
60d731567049e5132e3cc4d4,knee
60d731567049e5132e3cc4d4,ankle
60d731567049e5132e3cc4d4,teeth
60d731567049e5132e3cc4d4,toe
60d731567049e5132e3cc4d4,neck
60d731567049e5132e3cc4d4,spine
60d731567049e5132e3cc4d4,back
60d731567049e5132e3cc4d4,eye
60d731567049e5132e3cc4d4,nose
60d731567049e5132e3cc4d4,ear
60d731567049e5132e3cc4d4,lip
60d731567049e5132e3cc4d4,nose
60d731567049e5132e3cc4d4,teeth
60d731567049e5132e3cc4d4,tongue
60d731567049e5132e3cc4d4,eyebrow
60d731567049e5132e3cc4d4,hair
60d731567049e5132e3cc4d4,forehead
60d731567049e5132e3cc4d4,cheek
60d731567049e5132e3cc4d4,buttock
60d731567049e5132e3cc4d4,knuckle
60d731567049e5132e3cc4d4,ribs
60d731567049e5132e3cc4d4,esophagus
60d731567049e5132e3cc4d4,stomach
60d731567049e5132e3cc4d4,heart
60d731567049e5132e3cc4d4,lungs
60d731567049e5132e3cc4d4,liver
60d731567049e5132e3cc4d4,pancreas
60d731567049e5132e3cc4d4,gallbladder
60d731567049e5132e3cc4d4,bladder
60d731567049e5132e3cc4d4,vein
60d731567049e5132e3cc4d4,brain
60d731567049e5132e3cc4d4,nerve
60d731567049e5132e3cc4d4,tonsil
60d731567049e5132e3cc4d4,throat
6001487015e5f62961639e7d,toe
6001487015e5f62961639e7d,foot
6001487015e5f62961639e7d,ankle
6001487015e5f62961639e7d,heel
6001487015e5f62961639e7d,calf
6001487015e5f62961639e7d,shin
6001487015e5f62961639e7d,thigh
6001487015e5f62961639e7d,hip
6001487015e5f62961639e7d,abdomen
6001487015e5f62961639e7d,stomach
6001487015e5f62961639e7d,lungs
6001487015e5f62961639e7d,heart
6001487015e5f62961639e7d,kidney
6001487015e5f62961639e7d,liver
6001487015e5f62961639e7d,ribs
6001487015e5f62961639e7d,shoulder
6001487015e5f62961639e7d,arm
6001487015e5f62961639e7d,elbow
6001487015e5f62961639e7d,biceps
6001487015e5f62961639e7d,wrist
6001487015e5f62961639e7d,neck
6001487015e5f62961639e7d,head
6001487015e5f62961639e7d,brain
6001487015e5f62961639e7d,nose
6001487015e5f62961639e7d,eye
6001487015e5f62961639e7d,mouth
6001487015e5f62961639e7d,tongue
6001487015e5f62961639e7d,chin
6001487015e5f62961639e7d,ear
6001487015e5f62961639e7d,vein
6001487015e5f62961639e7d,skin
6001487015e5f62961639e7d,fingernail
6001487015e5f62961639e7d,spine
6001487015e5f62961639e7d,teeth
61363ce02e6022a741d63a6e,arm
61363ce02e6022a741d63a6e,lens
61363ce02e6022a741d63a6e,head
61363ce02e6022a741d63a6e,chest
61363ce02e6022a741d63a6e,teeth
61363ce02e6022a741d63a6e,fingernail
61363ce02e6022a741d63a6e,thumb
61363ce02e6022a741d63a6e,hand
61363ce02e6022a741d63a6e,wrist
61363ce02e6022a741d63a6e,arm
61363ce02e6022a741d63a6e,shoulder
61363ce02e6022a741d63a6e,face
61363ce02e6022a741d63a6e,nose
61363ce02e6022a741d63a6e,eye
61363ce02e6022a741d63a6e,ear
61363ce02e6022a741d63a6e,mouth
61363ce02e6022a741d63a6e,lip
61363ce02e6022a741d63a6e,ear
61363ce02e6022a741d63a6e,hair
61363ce02e6022a741d63a6e,eye
61363ce02e6022a741d63a6e,eyelash
61363ce02e6022a741d63a6e,chin
61363ce02e6022a741d63a6e,chest
61363ce02e6022a741d63a6e,nipple
61363ce02e6022a741d63a6e,waist
61363ce02e6022a741d63a6e,pelvis
61363ce02e6022a741d63a6e,buttock
61363ce02e6022a741d63a6e,penis
61363ce02e6022a741d63a6e,vagina
61363ce02e6022a741d63a6e,femur
61363ce02e6022a741d63a6e,lens
61363ce02e6022a741d63a6e,nail
61363ce02e6022a741d63a6e,toe
61363ce02e6022a741d63a6e,ankle
61363ce02e6022a741d63a6e,skull
61363ce02e6022a741d63a6e,heart
61363ce02e6022a741d63a6e,liver
61363ce02e6022a741d63a6e,lungs
61363ce02e6022a741d63a6e,brain
65d54b3b524fcafb543d1b23,hand
65d54b3b524fcafb543d1b23,fingernail
65d54b3b524fcafb543d1b23,lens
65d54b3b524fcafb543d1b23,head
65d54b3b524fcafb543d1b23,eye
65d54b3b524fcafb543d1b23,nose
65d54b3b524fcafb543d1b23,mouth
65d54b3b524fcafb543d1b23,teeth
65d54b3b524fcafb543d1b23,tongue
65d54b3b524fcafb543d1b23,heart
65d54b3b524fcafb543d1b23,intestine
65d54b3b524fcafb543d1b23,pancreas
65d54b3b524fcafb543d1b23,gallbladder
65d54b3b524fcafb543d1b23,uterus
65d54b3b524fcafb543d1b23,forearm
65d54b3b524fcafb543d1b23,kidney
65d54b3b524fcafb543d1b23,lungs
65d54b3b524fcafb543d1b23,esophagus
65d54b3b524fcafb543d1b23,ear
65d54b3b524fcafb543d1b23,stomach
65b15afd94153c1f50c92493,arm
65b15afd94153c1f50c92493,hair
65b15afd94153c1f50c92493,toe
65b15afd94153c1f50c92493,nail
65b15afd94153c1f50c92493,teeth
65b15afd94153c1f50c92493,eye
65b15afd94153c1f50c92493,nose
65b15afd94153c1f50c92493,ear
65b15afd94153c1f50c92493,eye
65b15afd94153c1f50c92493,stomach
65b15afd94153c1f50c92493,bone
65b15afd94153c1f50c92493,skin
65b15afd94153c1f50c92493,tongue
65b15afd94153c1f50c92493,nose
65b15afd94153c1f50c92493,eye
610c59ee34cc312d7ca55e45,head
610c59ee34cc312d7ca55e45,ear
610c59ee34cc312d7ca55e45,neck
610c59ee34cc312d7ca55e45,chest
610c59ee34cc312d7ca55e45,brain
610c59ee34cc312d7ca55e45,hip
610c59ee34cc312d7ca55e45,lens
610c59ee34cc312d7ca55e45,sole
610c59ee34cc312d7ca55e45,intestine
610c59ee34cc312d7ca55e45,liver
610c59ee34cc312d7ca55e45,kidney
610c59ee34cc312d7ca55e45,pancreas
610c59ee34cc312d7ca55e45,elbow
656e3caa43f1f7f0615252ff,fingernail
656e3caa43f1f7f0615252ff,metacarpals
656e3caa43f1f7f0615252ff,wrist
656e3caa43f1f7f0615252ff,forearm
656e3caa43f1f7f0615252ff,elbow
656e3caa43f1f7f0615252ff,deltoid
656e3caa43f1f7f0615252ff,trapezius
656e3caa43f1f7f0615252ff,ear
656e3caa43f1f7f0615252ff,biceps
656e3caa43f1f7f0615252ff,shoulder
656e3caa43f1f7f0615252ff,bone
656e3caa43f1f7f0615252ff,spine
656e3caa43f1f7f0615252ff,sternum
656e3caa43f1f7f0615252ff,head
656e3caa43f1f7f0615252ff,head
656e3caa43f1f7f0615252ff,nose
656e3caa43f1f7f0615252ff,teeth
656e3caa43f1f7f0615252ff,tongue
656e3caa43f1f7f0615252ff,toe
656e3caa43f1f7f0615252ff,ankle
656e3caa43f1f7f0615252ff,tendon
656e3caa43f1f7f0615252ff,femur
656e3caa43f1f7f0615252ff,tibia
656e3caa43f1f7f0615252ff,shin
656e3caa43f1f7f0615252ff,patella
656e3caa43f1f7f0615252ff,thigh
656e3caa43f1f7f0615252ff,hamstring
656e3caa43f1f7f0615252ff,hand
656e3caa43f1f7f0615252ff,hip
656e3caa43f1f7f0615252ff,knuckle
656e3caa43f1f7f0615252ff,sacrum
656e3caa43f1f7f0615252ff,hip
656e3caa43f1f7f0615252ff,bone
656e3caa43f1f7f0615252ff,waist
656e3caa43f1f7f0615252ff,ribs
656e3caa43f1f7f0615252ff,gallbladder
656e3caa43f1f7f0615252ff,small intestine
656e3caa43f1f7f0615252ff,intestine
656e3caa43f1f7f0615252ff,kidney
656e3caa43f1f7f0615252ff,liver
656e3caa43f1f7f0615252ff,heart
656e3caa43f1f7f0615252ff,esophagus
656e3caa43f1f7f0615252ff,trachea
65cb63e160bb47fbf9349269,ear
65cb63e160bb47fbf9349269,lens
65cb63e160bb47fbf9349269,eye
65cb63e160bb47fbf9349269,nose
65cb63e160bb47fbf9349269,mouth
65cb63e160bb47fbf9349269,ear
65cb63e160bb47fbf9349269,cheek
65cb63e160bb47fbf9349269,forehead
65cb63e160bb47fbf9349269,head
65cb63e160bb47fbf9349269,ear
65cb63e160bb47fbf9349269,ear
65cb63e160bb47fbf9349269,spine
65cb63e160bb47fbf9349269,shoulder
65cb63e160bb47fbf9349269,biceps
65cb63e160bb47fbf9349269,elbow
65cb63e160bb47fbf9349269,forearm
65cb63e160bb47fbf9349269,wrist
65cb63e160bb47fbf9349269,fingernail
65cb63e160bb47fbf9349269,stomach
65cb63e160bb47fbf9349269,thigh
65cb63e160bb47fbf9349269,heart
65cb63e160bb47fbf9349269,ankle
65cb63e160bb47fbf9349269,knee
65cb63e160bb47fbf9349269,hip
65cb63e160bb47fbf9349269,eyebrow
65cc19b4b3d48a22dfc6756d,head
65cc19b4b3d48a22dfc6756d,neck
65cc19b4b3d48a22dfc6756d,ribs
65cc19b4b3d48a22dfc6756d,chest
65cc19b4b3d48a22dfc6756d,iris
65cc19b4b3d48a22dfc6756d,stomach
65cc19b4b3d48a22dfc6756d,biceps
65cc19b4b3d48a22dfc6756d,elbow
65cc19b4b3d48a22dfc6756d,bone
65cc19b4b3d48a22dfc6756d,ear
65cc19b4b3d48a22dfc6756d,nose
65cc19b4b3d48a22dfc6756d,eye
65cc19b4b3d48a22dfc6756d,lip
65cc19b4b3d48a22dfc6756d,nail
65cc19b4b3d48a22dfc6756d,heart
65cc19b4b3d48a22dfc6756d,penis
65cc19b4b3d48a22dfc6756d,brain
65cc19b4b3d48a22dfc6756d,neck
65cc19b4b3d48a22dfc6756d,spleen
65cc19b4b3d48a22dfc6756d,nipple
5f1f3581b5cf3e103cc545c9,shoulder
5f1f3581b5cf3e103cc545c9,heel
5f1f3581b5cf3e103cc545c9,chest
65e358d9c5e3ee026268b2a7,toe
65e358d9c5e3ee026268b2a7,teeth
65e358d9c5e3ee026268b2a7,heel
65e358d9c5e3ee026268b2a7,shin
65e358d9c5e3ee026268b2a7,valve
65e358d9c5e3ee026268b2a7,knee
65e358d9c5e3ee026268b2a7,thigh
65e358d9c5e3ee026268b2a7,hip
65e358d9c5e3ee026268b2a7,pupil
65e358d9c5e3ee026268b2a7,stomach
65e358d9c5e3ee026268b2a7,ear
65e358d9c5e3ee026268b2a7,shoulder
65e358d9c5e3ee026268b2a7,back
65e358d9c5e3ee026268b2a7,back
65e358d9c5e3ee026268b2a7,arm
65e358d9c5e3ee026268b2a7,elbow
65e358d9c5e3ee026268b2a7,hand
65e358d9c5e3ee026268b2a7,thumb
65e358d9c5e3ee026268b2a7,neck
65e358d9c5e3ee026268b2a7,face
65e358d9c5e3ee026268b2a7,eye
65e358d9c5e3ee026268b2a7,mouth
65e358d9c5e3ee026268b2a7,nose
65e358d9c5e3ee026268b2a7,chin
65e358d9c5e3ee026268b2a7,ear
65e358d9c5e3ee026268b2a7,head
65e358d9c5e3ee026268b2a7,cheek
65e358d9c5e3ee026268b2a7,rhomboid
65e358d9c5e3ee026268b2a7,tongue
65e358d9c5e3ee026268b2a7,teeth
629e241d171ec6698e05f149,arm
629e241d171ec6698e05f149,hand
629e241d171ec6698e05f149,elbow
629e241d171ec6698e05f149,face
629e241d171ec6698e05f149,head
629e241d171ec6698e05f149,fingernail
629e241d171ec6698e05f149,joint
629e241d171ec6698e05f149,joint
629e241d171ec6698e05f149,eye
629e241d171ec6698e05f149,nose
629e241d171ec6698e05f149,foot
629e241d171ec6698e05f149,foot
629e241d171ec6698e05f149,tongue
629e241d171ec6698e05f149,nipple
629e241d171ec6698e05f149,shoulder
629e241d171ec6698e05f149,biceps
629e241d171ec6698e05f149,triceps
629e241d171ec6698e05f149,forearm
629e241d171ec6698e05f149,shoulder
629e241d171ec6698e05f149,bladder
629e241d171ec6698e05f149,back
629e241d171ec6698e05f149,ear
629e241d171ec6698e05f149,chin
629e241d171ec6698e05f149,cheek
629e241d171ec6698e05f149,eyebrow
629e241d171ec6698e05f149,forehead
629e241d171ec6698e05f149,head
629e241d171ec6698e05f149,buttock
629e241d171ec6698e05f149,anus
629e241d171ec6698e05f149,penis
629e241d171ec6698e05f149,ball
629e241d171ec6698e05f149,vagina
629e241d171ec6698e05f149,ball
629e241d171ec6698e05f149,ball
629e241d171ec6698e05f149,buttock
629e241d171ec6698e05f149,stomach
629e241d171ec6698e05f149,rib
629e241d171ec6698e05f149,ribs
629e241d171ec6698e05f149,armpit
629e241d171ec6698e05f149,sole
