SID,entry
65c18079d4f634d2c8a0728c,basketball
65c18079d4f634d2c8a0728c,tennis
65c18079d4f634d2c8a0728c,baseball
65c18079d4f634d2c8a0728c,volleyball
65c18079d4f634d2c8a0728c,polo
65c18079d4f634d2c8a0728c,swimming
65c18079d4f634d2c8a0728c,ice diving
65c18079d4f634d2c8a0728c,soccer
65c18079d4f634d2c8a0728c,tennis
65c18079d4f634d2c8a0728c,badminton
65c18079d4f634d2c8a0728c,hockey
65c18079d4f634d2c8a0728c,cricket
65c18079d4f634d2c8a0728c,hockey
65c18079d4f634d2c8a0728c,golf
65c18079d4f634d2c8a0728c,wrestling
65c18079d4f634d2c8a0728c,football
65c18079d4f634d2c8a0728c,football
65c18079d4f634d2c8a0728c,tennis
65c18079d4f634d2c8a0728c,gymnastics
65778c02cde55736bb830eca,football
65778c02cde55736bb830eca,basketball
65778c02cde55736bb830eca,badminton
65778c02cde55736bb830eca,tennis
65778c02cde55736bb830eca,hockey
65778c02cde55736bb830eca,soccer
65778c02cde55736bb830eca,rugby
65778c02cde55736bb830eca,volleyball
65778c02cde55736bb830eca,baseball
65778c02cde55736bb830eca,football
65778c02cde55736bb830eca,rowing
65778c02cde55736bb830eca,bobsledding
65778c02cde55736bb830eca,skiing
65778c02cde55736bb830eca,snowboarding
65778c02cde55736bb830eca,golf
65778c02cde55736bb830eca,hockey
65778c02cde55736bb830eca,archery
65778c02cde55736bb830eca,archery
65778c02cde55736bb830eca,gymnastics
65778c02cde55736bb830eca,ice skating
61035836646fb6ee2152f950,tennis
61035836646fb6ee2152f950,baseball
61035836646fb6ee2152f950,badminton
61035836646fb6ee2152f950,cricket
61035836646fb6ee2152f950,rowing
61035836646fb6ee2152f950,football
61035836646fb6ee2152f950,horseball
61035836646fb6ee2152f950,football
61035836646fb6ee2152f950,skiing
61035836646fb6ee2152f950,snowboarding
61035836646fb6ee2152f950,surfing
61035836646fb6ee2152f950,rowing
61035836646fb6ee2152f950,cycling
61035836646fb6ee2152f950,shooting
61035836646fb6ee2152f950,archery
61035836646fb6ee2152f950,tumbling
61035836646fb6ee2152f950,shot put
61035836646fb6ee2152f950,ski jumping
61035836646fb6ee2152f950,rafting
61035836646fb6ee2152f950,swimming
61035836646fb6ee2152f950,fishing
61035836646fb6ee2152f950,grappling
65eeceee847314e8232923c9,football
65eeceee847314e8232923c9,basketball
65eeceee847314e8232923c9,kickboxing
65eeceee847314e8232923c9,pilates
6595e3b4dc9090390e4edb5f,basketball
6595e3b4dc9090390e4edb5f,baseball
6595e3b4dc9090390e4edb5f,football
6595e3b4dc9090390e4edb5f,soccer
6595e3b4dc9090390e4edb5f,tennis
6595e3b4dc9090390e4edb5f,volleyball
6595e3b4dc9090390e4edb5f,snowboarding
6595e3b4dc9090390e4edb5f,skiing
6595e3b4dc9090390e4edb5f,archery
6595e3b4dc9090390e4edb5f,football
6595e3b4dc9090390e4edb5f,cricket
6595e3b4dc9090390e4edb5f,hockey
6595e3b4dc9090390e4edb5f,cricket
6595e3b4dc9090390e4edb5f,hockey
6595e3b4dc9090390e4edb5f,polo
6595e3b4dc9090390e4edb5f,rugby
6595e3b4dc9090390e4edb5f,rowing
6595e3b4dc9090390e4edb5f,rowing
6595e3b4dc9090390e4edb5f,boxing
6595e3b4dc9090390e4edb5f,surfing
6595e3b4dc9090390e4edb5f,figure skating
6595e3b4dc9090390e4edb5f,tennis
6595e3b4dc9090390e4edb5f,bodybuilding
6595e3b4dc9090390e4edb5f,cycling
65cbcaaab9e2fae86452af73,basketball
65cbcaaab9e2fae86452af73,football
65cbcaaab9e2fae86452af73,soccer
65cbcaaab9e2fae86452af73,hockey
65cbcaaab9e2fae86452af73,cricket
65cbcaaab9e2fae86452af73,hockey
65cbcaaab9e2fae86452af73,equestrian
65cbcaaab9e2fae86452af73,swimming
65cbcaaab9e2fae86452af73,football
65cbcaaab9e2fae86452af73,baseball
65cbcaaab9e2fae86452af73,cricket
65cbcaaab9e2fae86452af73,tennis
65cbcaaab9e2fae86452af73,football
65cbcaaab9e2fae86452af73,golf
65cbcaaab9e2fae86452af73,skiing
65cbcaaab9e2fae86452af73,snowboarding
65cbcaaab9e2fae86452af73,wrestling
65cbcaaab9e2fae86452af73,ice dancing
65cbcaaab9e2fae86452af73,hockey
65cbcaaab9e2fae86452af73,climbing
65cbcaaab9e2fae86452af73,ice diving
65cbcaaab9e2fae86452af73,gymnastics
65cbcaaab9e2fae86452af73,rafting
65d26dcd13d9c8026aa92c4a,football
65d26dcd13d9c8026aa92c4a,basketball
65d26dcd13d9c8026aa92c4a,gymnastics
65d26dcd13d9c8026aa92c4a,rowing
65d26dcd13d9c8026aa92c4a,tennis
65d26dcd13d9c8026aa92c4a,basketball
65d26dcd13d9c8026aa92c4a,rowing
65d26dcd13d9c8026aa92c4a,wrestling
65d26dcd13d9c8026aa92c4a,weightlifting
65d26dcd13d9c8026aa92c4a,soccer
65d26dcd13d9c8026aa92c4a,swimming
65d26dcd13d9c8026aa92c4a,skiing
65d26dcd13d9c8026aa92c4a,snowboarding
65d26dcd13d9c8026aa92c4a,ice skating
65d26dcd13d9c8026aa92c4a,figure skating
65d26dcd13d9c8026aa92c4a,gymnastics
65d26dcd13d9c8026aa92c4a,baseball
5c4a428161c51f0001e96b3f,football
5c4a428161c51f0001e96b3f,golf
5c4a428161c51f0001e96b3f,tennis
5c4a428161c51f0001e96b3f,hockey
5c4a428161c51f0001e96b3f,hockey
5c4a428161c51f0001e96b3f,soccer
5c4a428161c51f0001e96b3f,rowing
5c4a428161c51f0001e96b3f,bobsledding
5c4a428161c51f0001e96b3f,gymnastics
5c4a428161c51f0001e96b3f,baseball
5c4a428161c51f0001e96b3f,basketball
5c4a428161c51f0001e96b3f,polo
5c4a428161c51f0001e96b3f,rowing
5c4a428161c51f0001e96b3f,yoga
5c4a428161c51f0001e96b3f,bodybuilding
5c4a428161c51f0001e96b3f,climbing
5c4a428161c51f0001e96b3f,ice skating
5c4a428161c51f0001e96b3f,figure skating
5c4a428161c51f0001e96b3f,snowboarding
5c4a428161c51f0001e96b3f,snowboarding
5c4a428161c51f0001e96b3f,ice yachting
65512e3cc12f463bc327b7c3,hockey
65512e3cc12f463bc327b7c3,basketball
65512e3cc12f463bc327b7c3,golf
65512e3cc12f463bc327b7c3,rugby
65512e3cc12f463bc327b7c3,football
65512e3cc12f463bc327b7c3,badminton
65512e3cc12f463bc327b7c3,tennis
65512e3cc12f463bc327b7c3,rowing
65512e3cc12f463bc327b7c3,weightlifting
65512e3cc12f463bc327b7c3,cycling
65512e3cc12f463bc327b7c3,swimming
65512e3cc12f463bc327b7c3,polo
65512e3cc12f463bc327b7c3,baseball
65512e3cc12f463bc327b7c3,cricket
65512e3cc12f463bc327b7c3,climbing
65d6af2397543519d98f2498,basketball
65d6af2397543519d98f2498,football
65d6af2397543519d98f2498,soccer
65d6af2397543519d98f2498,hockey
65d6af2397543519d98f2498,cricket
65d6af2397543519d98f2498,tennis
65d6af2397543519d98f2498,wrestling
65d6af2397543519d98f2498,cricket
65d6af2397543519d98f2498,skateboarding
65d6af2397543519d98f2498,pato
65d6af2397543519d98f2498,rowing
65d6af2397543519d98f2498,polo
65d6af2397543519d98f2498,swimming
65d6af2397543519d98f2498,ice diving
65d6af2397543519d98f2498,archery
65d6af2397543519d98f2498,polo
65d6af2397543519d98f2498,baseball
65d6af2397543519d98f2498,figure skating
65d6af2397543519d98f2498,sanda
65d6af2397543519d98f2498,shot put
65d6af2397543519d98f2498,sanda
65d6af2397543519d98f2498,boxing
65d6af2397543519d98f2498,karate
65d6af2397543519d98f2498,cricket
65d6af2397543519d98f2498,rugby
65d6af2397543519d98f2498,polo
65d6af2397543519d98f2498,sambo
65d6af2397543519d98f2498,wrestling
65d6af2397543519d98f2498,fencing
65d6af2397543519d98f2498,skiing
65d6af2397543519d98f2498,snowboarding
65d6af2397543519d98f2498,rafting
65d6af2397543519d98f2498,skiing
65d6af2397543519d98f2498,snowboarding
65d6af2397543519d98f2498,curling
65d6af2397543519d98f2498,soccer
65d6af2397543519d98f2498,ice skating
65d6af2397543519d98f2498,bobsledding
65c10fdabd93bdc59f95835b,football
65c10fdabd93bdc59f95835b,basketball
65c10fdabd93bdc59f95835b,soccer
65c10fdabd93bdc59f95835b,hockey
65c10fdabd93bdc59f95835b,badminton
65c10fdabd93bdc59f95835b,volleyball
65c10fdabd93bdc59f95835b,boxing
65c10fdabd93bdc59f95835b,tennis
65c10fdabd93bdc59f95835b,swimming
65f1ec7ae5a09035345db62e,football
65f1ec7ae5a09035345db62e,baseball
65f1ec7ae5a09035345db62e,fishing
65f1ec7ae5a09035345db62e,surfing
65f1ec7ae5a09035345db62e,surfing
65f1ec7ae5a09035345db62e,rowing
65f1ec7ae5a09035345db62e,hockey
65f1ec7ae5a09035345db62e,cricket
65f1ec7ae5a09035345db62e,tennis
65f1ec7ae5a09035345db62e,soccer
65f1ec7ae5a09035345db62e,tennis
65f1ec7ae5a09035345db62e,crossfit
65ef726771fe85fd222416d1,football
65ef726771fe85fd222416d1,soccer
65ef726771fe85fd222416d1,football
65ef726771fe85fd222416d1,baseball
65ef726771fe85fd222416d1,volleyball
65ef726771fe85fd222416d1,hockey
65ef726771fe85fd222416d1,rafting
65ef726771fe85fd222416d1,badminton
65ef726771fe85fd222416d1,tennis
65ef726771fe85fd222416d1,rowing
65ef726771fe85fd222416d1,boxing
65ef726771fe85fd222416d1,ice skating
65ef726771fe85fd222416d1,golf
65ef726771fe85fd222416d1,swimming
65ef726771fe85fd222416d1,skiing
65ef726771fe85fd222416d1,marathon
65ef726771fe85fd222416d1,bodybuilding
65ef726771fe85fd222416d1,powerlifting
65ef726771fe85fd222416d1,archery
5fc6df58f380620a09116434,football
5fc6df58f380620a09116434,soccer
5fc6df58f380620a09116434,basketball
5fc6df58f380620a09116434,baseball
5fc6df58f380620a09116434,cricket
5fc6df58f380620a09116434,tennis
5fc6df58f380620a09116434,golf
5fc6df58f380620a09116434,karate
5fc6df58f380620a09116434,crossfit
5fc6df58f380620a09116434,cricket
5fc6df58f380620a09116434,rowing
5fc6df58f380620a09116434,tennis
5fc6df58f380620a09116434,pilates
5fc6df58f380620a09116434,football
5fc6df58f380620a09116434,snowboarding
5fc6df58f380620a09116434,skiing
5fc6df58f380620a09116434,skiing
5fc6df58f380620a09116434,rafting
5fc6df58f380620a09116434,horseball
5fc6df58f380620a09116434,rafting
5fc6df58f380620a09116434,bobsledding
5fc6df58f380620a09116434,tumbling
5fc6df58f380620a09116434,cycling
5fc6df58f380620a09116434,archery
5d3cc9010e510a00013df6f6,baseball
5d3cc9010e510a00013df6f6,basketball
5d3cc9010e510a00013df6f6,football
5d3cc9010e510a00013df6f6,soccer
5d3cc9010e510a00013df6f6,cricket
5d3cc9010e510a00013df6f6,tennis
5d3cc9010e510a00013df6f6,badminton
5d3cc9010e510a00013df6f6,football
5d3cc9010e510a00013df6f6,hockey
5d3cc9010e510a00013df6f6,sanda
5d3cc9010e510a00013df6f6,rowing
5d3cc9010e510a00013df6f6,swimming
5d3cc9010e510a00013df6f6,gymnastics
65cc2139907d390e13480a97,football
65cc2139907d390e13480a97,soccer
65cc2139907d390e13480a97,tennis
65cc2139907d390e13480a97,basketball
65cc2139907d390e13480a97,badminton
65cc2139907d390e13480a97,cricket
65cc2139907d390e13480a97,hockey
65cc2139907d390e13480a97,football
65cc2139907d390e13480a97,swimming
65cc2139907d390e13480a97,gymnastics
65cc2139907d390e13480a97,rowing
65cc2139907d390e13480a97,volleyball
65cc2139907d390e13480a97,baseball
65cc2139907d390e13480a97,tennis
65cc2139907d390e13480a97,rowing
65cc2139907d390e13480a97,rugby
65cc2139907d390e13480a97,golf
60da4f9aa1ced7efeecca18a,basketball
60da4f9aa1ced7efeecca18a,baseball
60da4f9aa1ced7efeecca18a,hockey
60da4f9aa1ced7efeecca18a,soccer
60da4f9aa1ced7efeecca18a,hockey
60da4f9aa1ced7efeecca18a,volleyball
60da4f9aa1ced7efeecca18a,volleyball
60da4f9aa1ced7efeecca18a,ice skating
60da4f9aa1ced7efeecca18a,gymnastics
60da4f9aa1ced7efeecca18a,wrestling
60da4f9aa1ced7efeecca18a,crossfit
60da4f9aa1ced7efeecca18a,sanda
60da4f9aa1ced7efeecca18a,rugby
60da4f9aa1ced7efeecca18a,cricket
60da4f9aa1ced7efeecca18a,football
60da4f9aa1ced7efeecca18a,luge
60da4f9aa1ced7efeecca18a,bobsledding
60da4f9aa1ced7efeecca18a,archery
60da4f9aa1ced7efeecca18a,badminton
60da4f9aa1ced7efeecca18a,polo
60da4f9aa1ced7efeecca18a,polo
60da4f9aa1ced7efeecca18a,rowing
60da4f9aa1ced7efeecca18a,fencing
65cb586172a8853f26cc8eec,soccer
65cb586172a8853f26cc8eec,football
65cb586172a8853f26cc8eec,baseball
65cb586172a8853f26cc8eec,basketball
65cb586172a8853f26cc8eec,tennis
65cb586172a8853f26cc8eec,hockey
65cb586172a8853f26cc8eec,tennis
65cb586172a8853f26cc8eec,basketball
65cb586172a8853f26cc8eec,swimming
65cb586172a8853f26cc8eec,swimming
65cb586172a8853f26cc8eec,polo
65cb586172a8853f26cc8eec,hockey
65cb586172a8853f26cc8eec,volleyball
65cb586172a8853f26cc8eec,judo
5e8a76b3939b3072dc76fb5c,soccer
5e8a76b3939b3072dc76fb5c,basketball
5e8a76b3939b3072dc76fb5c,baseball
5e8a76b3939b3072dc76fb5c,cricket
5e8a76b3939b3072dc76fb5c,boxing
5e8a76b3939b3072dc76fb5c,tennis
5e8a76b3939b3072dc76fb5c,football
5e8a76b3939b3072dc76fb5c,wrestling
5e8a76b3939b3072dc76fb5c,powerlifting
5e8a76b3939b3072dc76fb5c,weightlifting
5e8a76b3939b3072dc76fb5c,skiing
5e8a76b3939b3072dc76fb5c,rowing
5e8a76b3939b3072dc76fb5c,sanda
5e8a76b3939b3072dc76fb5c,karate
5e8a76b3939b3072dc76fb5c,polo
5e8a76b3939b3072dc76fb5c,sailing
5e8a76b3939b3072dc76fb5c,ice diving
5f6c102b6ec04317fc9a8127,football
5f6c102b6ec04317fc9a8127,soccer
5f6c102b6ec04317fc9a8127,tennis
5f6c102b6ec04317fc9a8127,golf
5f6c102b6ec04317fc9a8127,basketball
5f6c102b6ec04317fc9a8127,baseball
5f6c102b6ec04317fc9a8127,boxing
5f6c102b6ec04317fc9a8127,volleyball
5f6c102b6ec04317fc9a8127,swimming
5f6c102b6ec04317fc9a8127,hockey
5f6c102b6ec04317fc9a8127,rowing
5f6c102b6ec04317fc9a8127,tennis
5f6c102b6ec04317fc9a8127,archery
5f6c102b6ec04317fc9a8127,skiing
5f6c102b6ec04317fc9a8127,football
5f6c102b6ec04317fc9a8127,rugby
5f6c102b6ec04317fc9a8127,skateboarding
5f6c102b6ec04317fc9a8127,bobsledding
5f6c102b6ec04317fc9a8127,cycling
5f6c102b6ec04317fc9a8127,baseball
5f6c102b6ec04317fc9a8127,surfing
5f6c102b6ec04317fc9a8127,weightlifting
65f3d5016e5acb0fd67df6ee,football
65f3d5016e5acb0fd67df6ee,baseball
65f3d5016e5acb0fd67df6ee,soccer
65f3d5016e5acb0fd67df6ee,tennis
65f3d5016e5acb0fd67df6ee,cricket
65f3d5016e5acb0fd67df6ee,swimming
65f3d5016e5acb0fd67df6ee,gymnastics
65f3d5016e5acb0fd67df6ee,hockey
65f3d5016e5acb0fd67df6ee,polo
65f3d5016e5acb0fd67df6ee,baseball
65f3d5016e5acb0fd67df6ee,volleyball
65f3d5016e5acb0fd67df6ee,surfing
65f3d5016e5acb0fd67df6ee,bodybuilding
65f3d5016e5acb0fd67df6ee,horseball
65f3d5016e5acb0fd67df6ee,skiing
65f3d5016e5acb0fd67df6ee,archery
65f3d5016e5acb0fd67df6ee,crossfit
65f3d5016e5acb0fd67df6ee,karate
5e7fefe06c12706d47e35211,basketball
5e7fefe06c12706d47e35211,hockey
5e7fefe06c12706d47e35211,soccer
5e7fefe06c12706d47e35211,football
5e7fefe06c12706d47e35211,polo
5e7fefe06c12706d47e35211,rowing
5e7fefe06c12706d47e35211,pilates
5e7fefe06c12706d47e35211,gymnastics
5e7fefe06c12706d47e35211,shot put
5e7fefe06c12706d47e35211,soccer
5e7fefe06c12706d47e35211,ice dancing
5e7fefe06c12706d47e35211,ice dancing
5e7fefe06c12706d47e35211,volleyball
5e7fefe06c12706d47e35211,swimming
5e7fefe06c12706d47e35211,ice diving
5e7fefe06c12706d47e35211,wrestling
5e7fefe06c12706d47e35211,cycling
5e7fefe06c12706d47e35211,boxing
5e7fefe06c12706d47e35211,golf
5e7fefe06c12706d47e35211,karate
5e7fefe06c12706d47e35211,tennis
5e7fefe06c12706d47e35211,skiing
5e7fefe06c12706d47e35211,snowboarding
60fcf1a04c245326d05076e0,baseball
60fcf1a04c245326d05076e0,basketball
60fcf1a04c245326d05076e0,football
60fcf1a04c245326d05076e0,soccer
60fcf1a04c245326d05076e0,volleyball
60fcf1a04c245326d05076e0,football
60fcf1a04c245326d05076e0,cricket
60fcf1a04c245326d05076e0,curling
60fcf1a04c245326d05076e0,snowboarding
60fcf1a04c245326d05076e0,skiing
60fcf1a04c245326d05076e0,swimming
60fcf1a04c245326d05076e0,ice skating
60fcf1a04c245326d05076e0,swimming
60fcf1a04c245326d05076e0,weightlifting
60fcf1a04c245326d05076e0,rowing
65f36565fe88b95d6806e496,football
65f36565fe88b95d6806e496,soccer
65f36565fe88b95d6806e496,baseball
65f36565fe88b95d6806e496,basketball
65f36565fe88b95d6806e496,hockey
65f36565fe88b95d6806e496,skiing
65f36565fe88b95d6806e496,rowing
65f36565fe88b95d6806e496,marathon
65f36565fe88b95d6806e496,skiing
65f36565fe88b95d6806e496,triathlon
65f36565fe88b95d6806e496,triathlon
65f36565fe88b95d6806e496,rowing
65f36565fe88b95d6806e496,badminton
65f36565fe88b95d6806e496,tennis
65f36565fe88b95d6806e496,golf
65f36565fe88b95d6806e496,bobsledding
65f36565fe88b95d6806e496,football
65f36565fe88b95d6806e496,baseball
65f36565fe88b95d6806e496,cycling
65f36565fe88b95d6806e496,ice skating
65f36565fe88b95d6806e496,rowing
612e6569f68929afb886fb5c,football
612e6569f68929afb886fb5c,soccer
612e6569f68929afb886fb5c,baseball
612e6569f68929afb886fb5c,football
612e6569f68929afb886fb5c,hockey
612e6569f68929afb886fb5c,cricket
612e6569f68929afb886fb5c,hockey
612e6569f68929afb886fb5c,hockey
612e6569f68929afb886fb5c,basketball
612e6569f68929afb886fb5c,volleyball
612e6569f68929afb886fb5c,wrestling
612e6569f68929afb886fb5c,karate
612e6569f68929afb886fb5c,pato
612e6569f68929afb886fb5c,taekwondo
612e6569f68929afb886fb5c,golf
612e6569f68929afb886fb5c,tennis
612e6569f68929afb886fb5c,badminton
612e6569f68929afb886fb5c,sanda
612e6569f68929afb886fb5c,rowing
612e6569f68929afb886fb5c,long jump
612e6569f68929afb886fb5c,sanda
612e6569f68929afb886fb5c,shot put
612e6569f68929afb886fb5c,gymnastics
612e6569f68929afb886fb5c,rugby
612e6569f68929afb886fb5c,swimming
612e6569f68929afb886fb5c,ice diving
612e6569f68929afb886fb5c,polo
612e6569f68929afb886fb5c,polo
612e6569f68929afb886fb5c,baseball
612e6569f68929afb886fb5c,weightlifting
612e6569f68929afb886fb5c,curling
612e6569f68929afb886fb5c,cycling
612e6569f68929afb886fb5c,cycling
612e6569f68929afb886fb5c,equestrian
612e6569f68929afb886fb5c,dressage
5ed9311e1a69d449577bb8cf,soccer
5ed9311e1a69d449577bb8cf,soccer
5ed9311e1a69d449577bb8cf,football
5ed9311e1a69d449577bb8cf,tennis
5ed9311e1a69d449577bb8cf,rugby
5ed9311e1a69d449577bb8cf,rowing
5ed9311e1a69d449577bb8cf,curling
5ed9311e1a69d449577bb8cf,polo
5ed9311e1a69d449577bb8cf,hockey
5ed9311e1a69d449577bb8cf,baseball
5ed9311e1a69d449577bb8cf,football
5ed9311e1a69d449577bb8cf,volleyball
5ed9311e1a69d449577bb8cf,rafting
5ed9311e1a69d449577bb8cf,rafting
5ed9311e1a69d449577bb8cf,horseball
5ed9311e1a69d449577bb8cf,rafting
65e63b7fc845c96c2c2520bc,basketball
65e63b7fc845c96c2c2520bc,baseball
65e63b7fc845c96c2c2520bc,soccer
65e63b7fc845c96c2c2520bc,polo
65e63b7fc845c96c2c2520bc,polo
65e63b7fc845c96c2c2520bc,swimming
65e63b7fc845c96c2c2520bc,rowing
65e63b7fc845c96c2c2520bc,shot put
65e63b7fc845c96c2c2520bc,badminton
65e63b7fc845c96c2c2520bc,badminton
65e63b7fc845c96c2c2520bc,badminton
65e63b7fc845c96c2c2520bc,horseball
65e63b7fc845c96c2c2520bc,archery
5c1942e200849900010afdcd,soccer
5c1942e200849900010afdcd,football
5c1942e200849900010afdcd,rugby
5c1942e200849900010afdcd,baseball
5c1942e200849900010afdcd,cricket
5c1942e200849900010afdcd,tennis
5c1942e200849900010afdcd,football
5c1942e200849900010afdcd,volleyball
5c1942e200849900010afdcd,curling
5c1942e200849900010afdcd,swimming
5c1942e200849900010afdcd,skiing
5c1942e200849900010afdcd,snowboarding
5c1942e200849900010afdcd,skateboarding
5c1942e200849900010afdcd,ice skating
5c1942e200849900010afdcd,shooting
5c1942e200849900010afdcd,surfing
5c1942e200849900010afdcd,skiing
5c1942e200849900010afdcd,basketball
5c1942e200849900010afdcd,hockey
5c1942e200849900010afdcd,cricket
5c1942e200849900010afdcd,hockey
5c1942e200849900010afdcd,badminton
5c1942e200849900010afdcd,golf
5c1942e200849900010afdcd,shooting
