SID,entry
898793,musical saw
898793,violin
898793,viola
898793,cello
898793,ikembe
898793,drum
898793,clarinet
898793,flute
898793,piano
898793,sarinda
898793,recorder
898793,sarinda
898793,sarinda
898793,saxophone
898793,chenda
898793,piano
898793,zither
898793,ukulele
898793,sarinda
898793,guitar
898793,sarinda
898793,mandolin
898793,violin
898793,sarinda
898793,zither
898793,banjo
547183,musical saw
547183,violin
547183,piano
547183,guitar
547183,bassoon
547183,guitar
547183,flute
547183,saxophone
547183,drum
547183,clarinet
547183,cello
547183,zither
547183,triangle
547183,harp
547183,guitar
920371,violin
920371,viola
920371,piano
920371,guitar
920371,trumpet
920371,bassoon
920371,clarinet
920371,banjo
920371,harmonica
920371,accordion
920371,saxophone
920371,zither
920371,triangle
920371,drum
787646,lute
787646,trombone
787646,piano
787646,guitar
787646,triangle
787646,drum
787646,trumpet
787646,harmonica
787646,tuba
787646,accordion
787646,tambourine
610108,piano
610108,guitar
610108,drum
610108,bassoon
610108,oboe
610108,harp
610108,flute
610108,trumpet
610108,saxophone
610108,cajón
610108,tuba
610108,trombone
610108,banjo
610108,violin
610108,viola
610108,xylophone
610108,triangle
610108,cello
610108,guitar
610108,guitar
