SID,entry
5d7ff4aa50fda7001a863736,painting
5d7ff4aa50fda7001a863736,drawing
5d7ff4aa50fda7001a863736,beading
5d7ff4aa50fda7001a863736,hiking
5d7ff4aa50fda7001a863736,tap dancing
5d7ff4aa50fda7001a863736,sketching
5d7ff4aa50fda7001a863736,wakeboarding
5d7ff4aa50fda7001a863736,cooking
5d7ff4aa50fda7001a863736,baking
5d7ff4aa50fda7001a863736,fishing
5d7ff4aa50fda7001a863736,sewing
5d7ff4aa50fda7001a863736,windsurfing
5d7ff4aa50fda7001a863736,wrestling
5d7ff4aa50fda7001a863736,pickling
5d7ff4aa50fda7001a863736,gardening
5d7ff4aa50fda7001a863736,hunting
5d7ff4aa50fda7001a863736,martial arts
5d7ff4aa50fda7001a863736,sewing
5d7ff4aa50fda7001a863736,knitting
5d7ff4aa50fda7001a863736,crocheting
65e358d9c5e3ee026268b2a7,ballet
65e358d9c5e3ee026268b2a7,hiking
65e358d9c5e3ee026268b2a7,editing
65e358d9c5e3ee026268b2a7,cardistry
65e358d9c5e3ee026268b2a7,sewing
65e358d9c5e3ee026268b2a7,knitting
65e358d9c5e3ee026268b2a7,crocheting
65e358d9c5e3ee026268b2a7,pickling
65e358d9c5e3ee026268b2a7,mountaineering
65e358d9c5e3ee026268b2a7,fishkeeping
65e358d9c5e3ee026268b2a7,cartooning
65e358d9c5e3ee026268b2a7,rock collecting
65e358d9c5e3ee026268b2a7,card games
60d731567049e5132e3cc4d4,knitting
60d731567049e5132e3cc4d4,crocheting
60d731567049e5132e3cc4d4,embroidery
60d731567049e5132e3cc4d4,sewing
60d731567049e5132e3cc4d4,hiking
60d731567049e5132e3cc4d4,fishing
60d731567049e5132e3cc4d4,camping
60d731567049e5132e3cc4d4,canoeing
60d731567049e5132e3cc4d4,kayaking
60d731567049e5132e3cc4d4,wrestling
60d731567049e5132e3cc4d4,beading
60d731567049e5132e3cc4d4,cooking
60d731567049e5132e3cc4d4,baking
60d731567049e5132e3cc4d4,sketching
60d731567049e5132e3cc4d4,painting
60d731567049e5132e3cc4d4,pastry making
60d731567049e5132e3cc4d4,jewelry making
60d731567049e5132e3cc4d4,whittling
60d731567049e5132e3cc4d4,baking
60d731567049e5132e3cc4d4,trekking
60d731567049e5132e3cc4d4,sailing
60d731567049e5132e3cc4d4,sewing
60d731567049e5132e3cc4d4,editing
60d731567049e5132e3cc4d4,gardening
60d731567049e5132e3cc4d4,stamp collecting
60d731567049e5132e3cc4d4,coin collecting
60d731567049e5132e3cc4d4,tap dancing
63ea4ab1ce4168cbe9f63775,woodworking
63ea4ab1ce4168cbe9f63775,cooking
63ea4ab1ce4168cbe9f63775,baking
63ea4ab1ce4168cbe9f63775,pottery
63ea4ab1ce4168cbe9f63775,trekking
63ea4ab1ce4168cbe9f63775,birdwatching
63ea4ab1ce4168cbe9f63775,fishing
63ea4ab1ce4168cbe9f63775,hunting
63ea4ab1ce4168cbe9f63775,kayaking
63ea4ab1ce4168cbe9f63775,baking
63ea4ab1ce4168cbe9f63775,beading
63ea4ab1ce4168cbe9f63775,gardening
63ea4ab1ce4168cbe9f63775,editing
65e862f844f1b7a803bb3c5a,fencing
65e862f844f1b7a803bb3c5a,hiking
65e862f844f1b7a803bb3c5a,tap dancing
65e862f844f1b7a803bb3c5a,boxing
65e862f844f1b7a803bb3c5a,calligraphy
65e862f844f1b7a803bb3c5a,drawing
65e862f844f1b7a803bb3c5a,boxing
65e862f844f1b7a803bb3c5a,baking
65e862f844f1b7a803bb3c5a,sketching
65e862f844f1b7a803bb3c5a,origami
65e862f844f1b7a803bb3c5a,gardening
65e862f844f1b7a803bb3c5a,scrapbooking
65e862f844f1b7a803bb3c5a,fishing
65e862f844f1b7a803bb3c5a,chess
65e862f844f1b7a803bb3c5a,mosaics
65e862f844f1b7a803bb3c5a,photography
65e862f844f1b7a803bb3c5a,kayaking
65e862f844f1b7a803bb3c5a,camping
65e862f844f1b7a803bb3c5a,card games
65e862f844f1b7a803bb3c5a,fishkeeping
65e862f844f1b7a803bb3c5a,editing
65e862f844f1b7a803bb3c5a,fencing
65e862f844f1b7a803bb3c5a,sailing
5f5aa60bef062519ff711fe6,knitting
5f5aa60bef062519ff711fe6,crocheting
5f5aa60bef062519ff711fe6,camping
5f5aa60bef062519ff711fe6,drawing
5f5aa60bef062519ff711fe6,sewing
5f5aa60bef062519ff711fe6,birdwatching
5f5aa60bef062519ff711fe6,hiking
5f5aa60bef062519ff711fe6,climbing
5f5aa60bef062519ff711fe6,cd collecting
5f5aa60bef062519ff711fe6,drawing
5f5aa60bef062519ff711fe6,crocheting
5f5aa60bef062519ff711fe6,painting
5f5aa60bef062519ff711fe6,shooting
65b15afd94153c1f50c92493,painting
65b15afd94153c1f50c92493,drawing
65b15afd94153c1f50c92493,sketching
65b15afd94153c1f50c92493,beading
65b15afd94153c1f50c92493,editing
65b15afd94153c1f50c92493,crocheting
65b15afd94153c1f50c92493,sewing
65b15afd94153c1f50c92493,cooking
65b15afd94153c1f50c92493,fishing
65b15afd94153c1f50c92493,camping
65b15afd94153c1f50c92493,editing
65b15afd94153c1f50c92493,cd collecting
65e1f75ab3efd22e847cfbf0,beading
65e1f75ab3efd22e847cfbf0,editing
65e1f75ab3efd22e847cfbf0,painting
65e1f75ab3efd22e847cfbf0,drawing
65e1f75ab3efd22e847cfbf0,pottery
65e1f75ab3efd22e847cfbf0,knitting
65e1f75ab3efd22e847cfbf0,photography
65e1f75ab3efd22e847cfbf0,sewing
65e1f75ab3efd22e847cfbf0,gardening
65e1f75ab3efd22e847cfbf0,gardening
65e1f75ab3efd22e847cfbf0,cooking
65e1f75ab3efd22e847cfbf0,backpacking
65e1f75ab3efd22e847cfbf0,hunting
65e1f75ab3efd22e847cfbf0,baking
65e1f75ab3efd22e847cfbf0,philately
65e1f75ab3efd22e847cfbf0,sewing
65e1f75ab3efd22e847cfbf0,boxing
65e1f75ab3efd22e847cfbf0,windsurfing
65e1f75ab3efd22e847cfbf0,tap dancing
65e1f75ab3efd22e847cfbf0,karate
65e1f75ab3efd22e847cfbf0,water skiing
65e1f75ab3efd22e847cfbf0,boxing
65e1f75ab3efd22e847cfbf0,board games
65e1f75ab3efd22e847cfbf0,oil painting
65e1f75ab3efd22e847cfbf0,cooking
65e1f75ab3efd22e847cfbf0,sculpting
65e1f75ab3efd22e847cfbf0,hunting
65e1f75ab3efd22e847cfbf0,painting
65e1f75ab3efd22e847cfbf0,calligraphy
65e1f75ab3efd22e847cfbf0,candle making
65e1f75ab3efd22e847cfbf0,stargazing
65e1f75ab3efd22e847cfbf0,jewelry making
65e1f75ab3efd22e847cfbf0,crocheting
65e1f75ab3efd22e847cfbf0,quilting
65e1f75ab3efd22e847cfbf0,boating
63e802622f8052bd67d6c5f0,fishing
63e802622f8052bd67d6c5f0,pickling
63e802622f8052bd67d6c5f0,camping
63e802622f8052bd67d6c5f0,beading
63e802622f8052bd67d6c5f0,baking
63e802622f8052bd67d6c5f0,iking
63e802622f8052bd67d6c5f0,wakeboarding
63e802622f8052bd67d6c5f0,boxing
63e802622f8052bd67d6c5f0,drawing
65cc19b4b3d48a22dfc6756d,drawing
65cc19b4b3d48a22dfc6756d,painting
65cc19b4b3d48a22dfc6756d,sculpting
65cc19b4b3d48a22dfc6756d,gardening
65cc19b4b3d48a22dfc6756d,whittling
65cc19b4b3d48a22dfc6756d,birdwatching
65cc19b4b3d48a22dfc6756d,pizza making
65cc19b4b3d48a22dfc6756d,hiking
65cc19b4b3d48a22dfc6756d,sewing
65cc19b4b3d48a22dfc6756d,knitting
65cc19b4b3d48a22dfc6756d,cooking
65cb63e160bb47fbf9349269,cooking
65cb63e160bb47fbf9349269,baking
65cb63e160bb47fbf9349269,painting
65cb63e160bb47fbf9349269,drawing
65cb63e160bb47fbf9349269,pickling
65cb63e160bb47fbf9349269,sewing
65cb63e160bb47fbf9349269,rc cars
65cb63e160bb47fbf9349269,beading
65cb63e160bb47fbf9349269,editing
65cb63e160bb47fbf9349269,gardening
65cb63e160bb47fbf9349269,juggling
65d6a09286a0c99e632a46dd,baking
65d6a09286a0c99e632a46dd,trapeze
65d6a09286a0c99e632a46dd,camping
65d6a09286a0c99e632a46dd,card games
65d54b3b524fcafb543d1b23,crocheting
65d54b3b524fcafb543d1b23,canning
65d54b3b524fcafb543d1b23,beading
65d54b3b524fcafb543d1b23,cooking
65d54b3b524fcafb543d1b23,baking
65d54b3b524fcafb543d1b23,weaving
65d54b3b524fcafb543d1b23,trekking
65d54b3b524fcafb543d1b23,knitting
65d54b3b524fcafb543d1b23,sewing
65d54b3b524fcafb543d1b23,hiking
65d54b3b524fcafb543d1b23,baking
65c25cf77dca9d7ca7d9ebdb,beading
65c25cf77dca9d7ca7d9ebdb,baking
65c25cf77dca9d7ca7d9ebdb,knitting
65c25cf77dca9d7ca7d9ebdb,drawing
65c25cf77dca9d7ca7d9ebdb,birdwatching
65c25cf77dca9d7ca7d9ebdb,fishing
65c25cf77dca9d7ca7d9ebdb,camping
65c25cf77dca9d7ca7d9ebdb,hiking
65c25cf77dca9d7ca7d9ebdb,drawing
65c25cf77dca9d7ca7d9ebdb,tapestry
65c25cf77dca9d7ca7d9ebdb,shooting
65c25cf77dca9d7ca7d9ebdb,scuba diving
60a48adfe091e410f4eaba34,sewing
60a48adfe091e410f4eaba34,woodworking
60a48adfe091e410f4eaba34,knitting
